app_id,tech_center,track,entity_size,examiner_difficulty,indep_claims,total_claims,prior_art_citations,time_to_foa_months,office_actions_count,rce_count,grant_status,total_pendency_months
17/309720,1700,standard,small,moderate,4,23,6,17.8,3,1,Granted,30.5
17/247398,3700,standard,large,lenient,3,27,11,10.5,1,0,Granted,16.1
17/359140,1600,standard,large,moderate,3,14,9,15.0,2,0,Abandoned,20.8
17/355989,1700,pph,large,strict,5,27,21,5.1,1,0,Granted,10.2
17/462576,3700,standard,large,moderate,3,33,1,14.8,1,0,Granted,20.9
17/889197,3700,standard,large,moderate,3,30,16,9.1,2,0,Abandoned,32.3
17/283818,3600,standard,small,lenient,3,32,15,20.3,1,0,Granted,25.9
17/376396,3600,standard,large,lenient,3,31,17,28.1,4,2,Abandoned,41.4
17/718104,2800,standard,small,moderate,1,11,11,16.3,3,1,Granted,27.5
17/434371,3600,trackOne,micro,lenient,4,17,18,3.4,1,0,Granted,6.2
17/126613,2100,standard,large,moderate,1,24,6,13.7,3,1,Granted,25.9
17/938359,1600,pph,small,moderate,1,16,4,5.6,2,0,Abandoned,11.0
17/994306,2800,standard,micro,moderate,3,25,17,8.8,2,0,Abandoned,13.9
17/884638,1700,trackOne,small,moderate,6,26,17,2.6,2,0,Abandoned,7.4
17/388654,2400,pph,large,moderate,3,24,20,4.0,1,0,Granted,9.4
17/320559,1700,standard,small,strict,3,33,1,19.4,1,0,Granted,21.5
17/988925,2800,standard,small,moderate,3,26,15,18.4,2,0,Abandoned,24.8
17/687937,3700,trackOne,large,lenient,3,23,21,3.4,3,1,Granted,16.6
17/942534,2800,standard,small,moderate,3,23,26,22.0,1,0,Granted,24.8
17/869855,3700,standard,small,lenient,5,17,27,17.6,1,0,Granted,22.5
17/780953,2100,standard,small,moderate,3,33,19,18.2,2,0,Abandoned,23.9
17/351502,3600,standard,large,moderate,1,16,15,22.4,1,0,Granted,27.8
17/540192,1600,standard,small,moderate,5,30,1,22.4,3,1,Granted,34.0
17/147872,3600,trackOne,large,moderate,5,31,16,3.1,3,1,Granted,16.4
17/187879,2800,standard,micro,moderate,3,19,11,10.8,3,1,Granted,22.6
17/765055,2100,pph,small,lenient,3,30,8,5.3,2,0,Abandoned,10.1
17/838437,2800,trackOne,large,lenient,3,32,26,2.8,1,0,Granted,8.5
17/178674,3700,standard,micro,moderate,3,13,6,16.2,2,0,Abandoned,22.7
17/192381,3600,standard,large,strict,3,16,19,28.1,1,0,Granted,34.7
17/906231,2800,standard,small,lenient,3,17,19,14.2,1,0,Granted,20.4
17/734494,1700,accelerated,large,moderate,4,34,9,3.5,1,0,Granted,8.4
17/491374,3600,standard,micro,moderate,3,26,1,20.8,4,2,Granted,36.7
17/247065,2600,accelerated,small,moderate,2,25,12,3.5,3,1,Granted,16.4
17/430391,1600,standard,small,moderate,5,19,22,30.9,1,0,Granted,36.9
17/111383,2800,standard,small,strict,2,30,18,15.0,2,0,Abandoned,20.8
17/608046,3600,standard,large,strict,3,22,11,26.3,3,1,Granted,39.8
17/851905,2600,standard,small,moderate,4,24,6,21.0,1,0,Granted,25.7
17/873777,1600,pph,large,strict,6,29,22,4.7,1,0,Granted,7.9
17/998770,2800,pph,small,strict,4,32,8,6.2,1,0,Granted,10.9
17/750713,3700,standard,small,lenient,4,27,19,14.8,1,0,Granted,21.2
17/956939,2800,standard,small,moderate,3,20,18,12.3,1,0,Granted,18.5
17/811382,1600,trackOne,small,moderate,3,24,10,4.0,2,0,Abandoned,9.1
17/770653,2100,standard,large,lenient,3,33,21,9.7,1,0,Granted,15.7
17/688505,2400,trackOne,large,moderate,3,16,1,3.6,1,0,Granted,10.3
17/734432,1700,accelerated,large,moderate,4,33,27,4.6,2,0,Abandoned,9.2
17/784329,3600,pph,large,moderate,3,31,21,7.4,1,0,Granted,13.4
17/619324,3700,standard,large,moderate,3,13,9,15.7,1,0,Granted,21.1
17/358839,2600,trackOne,small,lenient,3,17,15,3.0,3,1,Abandoned,11.9
17/357092,2600,standard,large,moderate,3,14,8,18.6,3,1,Granted,31.1
17/817280,2400,pph,small,moderate,2,14,12,5.3,1,0,Granted,11.3
17/841385,1600,pph,small,strict,4,31,25,4.0,1,0,Granted,6.7
17/495433,1700,trackOne,large,lenient,3,26,8,3.7,1,0,Granted,8.6
17/431851,2100,standard,large,lenient,3,33,16,16.0,1,0,Granted,19.5
17/724585,1600,standard,large,moderate,5,15,22,21.4,3,1,Granted,34.3
17/935937,2600,standard,large,lenient,3,20,20,13.6,3,1,Abandoned,24.4
17/991983,1600,standard,large,lenient,2,22,23,14.3,1,0,Granted,18.3
17/198228,1600,standard,small,moderate,3,16,7,21.2,2,0,Abandoned,56.4
17/304011,2100,pph,small,moderate,3,25,19,6.8,1,0,Granted,13.9
17/741001,2800,pph,large,strict,4,29,12,4.7,2,0,Abandoned,8.8
17/784780,2600,standard,small,moderate,6,34,8,19.8,2,0,Granted,37.9
17/831189,1600,standard,large,strict,5,22,18,23.6,2,0,Abandoned,29.8
17/386294,3600,standard,small,strict,3,21,17,29.0,1,0,Granted,33.8
17/239613,3700,standard,small,strict,6,21,8,31.5,1,0,Granted,34.7
17/753796,3600,standard,large,strict,3,17,13,28.1,1,0,Granted,32.9
17/787177,1600,standard,large,strict,2,12,1,25.7,1,0,Granted,31.6
17/533232,1600,standard,large,moderate,3,18,18,19.9,2,0,Abandoned,24.3
17/748127,2600,standard,large,moderate,4,30,15,17.3,1,0,Granted,20.7
17/320425,2800,standard,large,moderate,2,24,23,17.2,1,0,Granted,22.9
17/746230,2400,accelerated,large,strict,3,28,3,3.8,3,1,Granted,17.5
17/805165,1600,standard,small,strict,3,22,16,20.0,1,0,Granted,24.5
17/392360,3600,standard,large,lenient,3,16,11,20.3,1,0,Granted,26.2
17/519196,1700,standard,micro,strict,3,19,16,22.0,1,0,Granted,29.0
17/234189,2100,standard,large,lenient,3,31,12,16.0,1,0,Granted,21.1
17/248871,2100,trackOne,large,lenient,1,25,5,3.3,3,1,Granted,15.1
17/743872,2400,standard,large,moderate,2,32,1,20.7,1,0,Granted,26.1
17/929546,2800,standard,large,moderate,3,29,19,20.2,3,1,Granted,33.5
17/610071,2400,standard,large,lenient,1,14,25,19.2,1,0,Granted,25.1
17/968141,3700,standard,large,strict,4,24,13,17.6,3,1,Granted,29.9
17/683165,2400,standard,small,moderate,3,28,19,23.6,3,1,Granted,35.6
17/186531,3600,standard,large,moderate,3,17,16,25.3,2,0,Abandoned,32.0
17/708696,1600,standard,large,moderate,1,24,5,24.3,1,0,Granted,31.0
17/265925,1700,standard,micro,strict,3,28,6,23.3,1,0,Granted,29.0
17/942012,3700,standard,small,lenient,3,24,22,17.6,1,0,Granted,24.2
17/531010,2100,standard,large,strict,3,32,10,30.7,3,1,Abandoned,39.3
17/967862,2600,standard,small,moderate,2,13,25,13.4,3,1,Granted,25.6
17/475421,3700,standard,large,strict,5,31,9,26.6,1,0,Granted,31.5
17/258204,1700,standard,large,lenient,3,24,25,20.1,1,0,Granted,23.6
17/786457,2100,standard,micro,strict,4,28,21,27.2,3,1,Granted,38.5
17/466876,2800,standard,large,moderate,3,23,29,12.2,3,1,Granted,25.7
17/330432,1700,standard,large,lenient,2,15,11,22.5,2,0,Abandoned,47.7
17/765159,2100,standard,micro,lenient,3,24,7,23.1,1,0,Granted,29.1
17/228439,1600,standard,large,moderate,6,16,25,22.0,2,0,Abandoned,27.9
17/506016,3700,standard,large,strict,3,18,9,14.2,3,1,Granted,27.3
17/208516,2600,standard,large,moderate,3,29,22,21.5,3,1,Granted,32.8
17/674137,2100,standard,small,moderate,2,20,1,24.2,1,0,Granted,29.2
17/592578,3600,standard,small,moderate,3,27,28,26.8,3,1,Abandoned,37.6
17/993213,2800,standard,micro,strict,3,24,1,17.9,1,0,Granted,24.7
17/808876,2100,standard,large,strict,2,19,11,27.5,4,2,Abandoned,40.8
17/440730,3600,standard,micro,lenient,3,23,13,25.1,1,0,Granted,30.6
17/717888,2600,standard,small,moderate,3,32,15,11.6,1,0,Granted,18.2
17/330153,3700,standard,small,lenient,2,15,16,14.5,2,0,Abandoned,41.8
17/240034,3600,standard,small,moderate,3,14,15,22.1,2,0,Abandoned,51.7
17/864673,2800,standard,large,moderate,2,29,11,21.8,3,1,Granted,34.5
17/979397,1700,standard,small,strict,3,31,16,20.4,1,0,Granted,26.6
17/650910,3600,standard,small,strict,4,26,7,31.2,2,0,Granted,49.6
17/439746,3700,pph,small,lenient,3,18,18,4.8,1,0,Granted,8.0
17/503408,2800,standard,small,moderate,3,18,7,15.0,1,0,Granted,20.2
17/648064,2400,standard,micro,lenient,3,29,12,21.3,1,0,Granted,27.9
17/742962,1600,standard,large,moderate,3,21,14,26.6,1,0,Granted,32.5
17/365464,2600,standard,large,lenient,3,22,11,21.6,1,0,Granted,27.8
17/150523,2100,standard,large,moderate,3,21,17,17.5,3,1,Granted,28.4
17/283168,2800,standard,large,lenient,3,14,4,16.5,3,1,Granted,28.8
17/876715,2600,standard,large,strict,1,24,28,21.2,1,0,Granted,26.9
17/131858,2600,pph,large,lenient,2,27,15,4.4,3,1,Granted,17.7
17/760851,1700,standard,large,strict,3,19,3,21.4,1,0,Granted,27.0
17/596748,1700,standard,small,lenient,3,15,2,20.6,3,1,Granted,32.9
17/512261,2600,standard,small,lenient,1,24,9,16.4,1,0,Granted,19.4
17/925882,1600,standard,micro,lenient,1,18,27,17.4,2,0,Abandoned,22.5
17/695366,3600,standard,micro,moderate,3,32,1,26.1,1,0,Granted,32.6
17/411561,2600,standard,small,moderate,3,14,30,16.4,2,0,Abandoned,47.4
17/649710,1700,standard,small,moderate,1,22,24,17.9,1,0,Granted,23.4
17/954183,3600,standard,small,strict,3,15,12,33.7,3,1,Granted,45.1
17/442039,2600,trackOne,small,strict,3,24,11,3.3,1,0,Granted,8.6
17/640460,3600,trackOne,small,moderate,1,24,9,4.0,1,0,Granted,7.1
17/906334,3700,standard,large,strict,3,22,35,15.8,4,2,Abandoned,27.2
17/235365,1700,accelerated,micro,strict,3,29,19,5.5,3,1,Granted,18.4
17/981896,2400,standard,large,moderate,1,11,16,23.7,1,0,Granted,29.9
17/435867,2600,standard,large,lenient,3,30,13,15.5,3,1,Granted,27.7
17/387943,2100,standard,large,strict,3,30,11,28.7,3,1,Abandoned,37.6
17/813116,3600,accelerated,small,lenient,2,17,4,5.7,4,2,Abandoned,17.7
17/844666,3700,standard,small,moderate,3,29,15,14.0,2,0,Abandoned,18.9
17/710873,1700,standard,micro,lenient,3,31,7,23.3,1,0,Granted,29.7
17/172297,2400,trackOne,large,strict,3,22,14,4.3,3,1,Abandoned,14.3
17/856347,2800,trackOne,large,moderate,4,17,14,4.3,1,0,Granted,9.8
17/466889,2100,standard,small,strict,3,29,12,25.2,1,0,Granted,29.6
17/869248,2400,pph,large,moderate,2,16,27,7.7,1,0,Granted,14.2
17/838762,3700,standard,large,strict,1,28,7,21.5,2,0,Abandoned,25.6
17/203827,3600,standard,large,strict,3,21,18,31.4,3,1,Abandoned,42.4
17/731608,2600,standard,large,moderate,2,15,10,19.8,1,0,Granted,24.9
17/373125,1600,standard,large,strict,3,16,10,25.0,4,2,Abandoned,38.6
17/787732,2600,standard,small,moderate,3,16,12,21.2,3,1,Granted,33.0
17/494975,2400,accelerated,small,strict,3,29,21,6.2,1,0,Granted,12.7
17/202329,1600,standard,large,strict,2,26,2,27.2,2,0,Abandoned,32.9
17/167191,2400,standard,small,lenient,2,23,15,23.6,1,0,Granted,29.1
17/581071,3600,standard,large,strict,3,16,5,33.2,1,0,Granted,39.1
17/948690,2800,standard,large,lenient,3,26,14,13.4,3,1,Granted,26.1
17/641120,2100,standard,small,moderate,3,25,14,26.3,3,1,Granted,39.4
17/177089,2600,accelerated,large,lenient,4,34,1,4.5,1,0,Granted,9.7
17/728686,1600,standard,large,moderate,2,30,3,18.3,2,0,Abandoned,22.8
17/636303,3700,standard,large,strict,3,23,13,23.3,3,1,Granted,36.1
17/525034,1600,standard,small,lenient,3,26,18,22.8,3,1,Granted,36.0
17/721967,3700,standard,large,moderate,5,32,25,19.4,1,0,Granted,26.3
17/748594,3600,standard,small,lenient,3,24,1,31.4,1,0,Granted,36.9
17/203468,2100,standard,micro,lenient,3,27,15,26.2,1,0,Granted,29.9
17/819688,3600,standard,small,lenient,2,21,18,23.7,1,0,Granted,29.3
17/824726,3700,accelerated,small,moderate,3,21,9,6.0,3,1,Granted,20.9
17/491846,2400,standard,small,lenient,3,27,9,25.8,1,0,Granted,30.7
17/708958,2400,standard,large,moderate,2,17,16,25.7,1,0,Granted,31.9
17/548872,3600,trackOne,small,strict,2,32,19,2.7,1,0,Granted,10.2
17/813484,2800,standard,large,moderate,3,20,20,16.1,1,0,Granted,22.0
17/320237,2800,standard,large,strict,3,20,16,16.0,1,0,Granted,19.9
17/162877,2400,standard,large,strict,3,32,18,30.0,1,0,Granted,34.9
17/309749,2100,standard,micro,moderate,3,23,16,20.5,1,0,Granted,26.7
17/612627,2800,standard,small,moderate,6,20,8,14.2,3,1,Granted,25.2
17/107867,2600,standard,large,moderate,3,32,17,20.4,1,0,Granted,26.5
17/193622,2100,trackOne,large,lenient,4,30,19,2.6,1,0,Granted,8.8
17/993220,3700,standard,large,moderate,2,19,24,12.9,3,1,Granted,25.4
17/985733,2800,standard,large,strict,3,17,5,11.5,2,0,Abandoned,16.5
17/682397,1600,standard,small,moderate,6,19,12,26.3,1,0,Granted,31.2
17/139673,1600,accelerated,large,moderate,1,19,7,3.9,1,0,Granted,9.6
17/155291,2100,standard,small,moderate,1,12,1,19.4,1,0,Granted,25.0
17/161736,3600,standard,large,lenient,5,28,12,26.5,1,0,Granted,28.9
17/303511,2600,standard,large,lenient,1,21,13,10.9,3,1,Abandoned,20.3
17/981216,3600,standard,large,lenient,3,30,20,32.2,2,0,Abandoned,37.6
17/790120,3600,standard,large,lenient,6,21,13,28.9,1,0,Granted,34.5
17/726942,3700,standard,small,strict,3,18,23,24.1,1,0,Granted,28.7
17/802300,1700,standard,small,moderate,3,22,18,15.8,1,0,Granted,21.2
17/678289,2800,standard,large,moderate,3,14,7,19.8,3,1,Granted,32.1
17/438960,1600,standard,large,lenient,1,12,29,16.4,1,0,Granted,19.6
17/296492,2100,trackOne,large,moderate,3,23,5,4.3,3,1,Granted,16.9
17/984214,2800,standard,large,strict,3,29,19,17.7,3,1,Granted,31.0
17/601331,2600,standard,small,moderate,3,22,26,22.3,1,0,Granted,28.3
17/280822,1600,accelerated,small,lenient,3,21,23,6.3,1,0,Granted,13.8
17/659407,1600,standard,small,moderate,6,22,23,23.3,3,1,Granted,35.7
17/598012,2800,standard,large,strict,3,28,16,15.6,3,1,Granted,27.7
17/673614,1600,standard,small,lenient,2,31,1,25.6,4,2,Abandoned,38.8
17/582581,2800,trackOne,large,moderate,3,19,36,3.4,2,0,Abandoned,28.2
17/821541,2400,standard,large,strict,1,17,12,23.7,1,0,Granted,28.9
17/628054,2100,standard,large,strict,3,33,1,35.2,3,1,Granted,48.1
17/786556,1600,accelerated,large,moderate,4,32,17,3.6,1,0,Granted,9.9
17/796858,1600,standard,large,moderate,2,17,7,25.5,3,1,Granted,37.9
17/497112,2600,standard,large,strict,3,13,1,26.3,3,1,Granted,38.0
17/241201,3700,pph,small,moderate,3,13,12,6.5,1,0,Granted,12.5
17/260442,1700,standard,small,lenient,3,16,17,10.1,1,0,Granted,16.1
17/720904,3600,trackOne,small,moderate,4,32,22,4.7,1,0,Granted,10.7
17/435492,2600,standard,small,moderate,3,22,11,17.9,1,0,Granted,23.1
17/362141,1600,standard,large,lenient,2,15,32,21.5,1,0,Granted,27.2
17/487916,1700,standard,micro,strict,3,14,14,15.8,1,0,Granted,23.1
17/408777,2600,standard,small,moderate,3,32,11,22.6,3,1,Granted,34.2
17/742574,2800,pph,large,moderate,3,15,11,4.0,3,1,Granted,17.5
17/365230,2800,trackOne,small,moderate,3,28,18,3.0,1,0,Granted,9.5
17/997247,2100,standard,small,moderate,2,27,10,23.7,2,0,Abandoned,28.3
17/816950,3600,standard,small,lenient,2,23,20,25.4,1,0,Granted,31.4
17/598373,3600,trackOne,large,moderate,3,26,9,2.5,3,1,Granted,15.5
17/684242,1700,standard,small,strict,3,27,8,20.5,1,0,Granted,26.4
17/383550,1600,standard,large,moderate,3,23,29,22.2,1,0,Granted,25.7
17/210020,2800,standard,small,lenient,3,30,23,16.8,1,0,Granted,20.3
17/334739,1700,standard,large,strict,4,18,9,17.9,2,0,Abandoned,23.1
17/136450,3600,standard,large,lenient,3,31,21,18.2,2,0,Abandoned,23.4
17/402996,1600,standard,small,moderate,5,25,6,15.9,3,1,Granted,29.6
17/786173,3700,trackOne,large,strict,5,20,1,4.0,3,1,Granted,17.3
17/106044,2800,standard,large,lenient,6,18,14,19.7,3,1,Abandoned,30.1
17/144231,1700,trackOne,small,lenient,3,13,7,4.6,1,0,Granted,11.2
17/409667,2100,trackOne,small,moderate,2,19,13,3.8,1,0,Granted,7.1
17/625668,3700,standard,large,lenient,3,19,21,14.1,1,0,Granted,20.3
17/555734,2600,pph,large,moderate,3,15,1,4.4,1,0,Granted,10.2
17/550910,2600,standard,small,moderate,3,24,16,15.3,4,2,Abandoned,29.0
17/417000,3600,standard,micro,moderate,3,21,6,23.6,1,0,Granted,29.1
17/180752,3700,standard,micro,strict,3,14,7,23.7,2,0,Abandoned,28.6
17/711899,2100,standard,large,strict,4,33,22,30.2,3,1,Granted,43.6
17/424911,1700,standard,large,strict,3,13,21,19.0,1,0,Granted,24.2
17/364535,1600,standard,large,moderate,3,21,1,20.6,1,0,Granted,23.5
17/786955,3700,standard,large,moderate,3,16,17,20.7,1,0,Granted,25.4
17/379131,1700,standard,large,moderate,2,27,7,14.6,1,0,Granted,21.4
17/878178,1700,standard,small,moderate,3,21,12,17.0,3,1,Granted,29.4
17/756756,2800,trackOne,small,moderate,1,26,1,3.0,3,1,Granted,14.6
17/893210,2800,standard,small,moderate,3,30,7,17.1,3,1,Granted,29.5
17/165741,2600,accelerated,large,moderate,3,29,22,5.9,2,0,Abandoned,10.3
17/104152,2400,standard,small,lenient,2,26,17,13.1,1,0,Granted,16.5
17/244758,2600,standard,large,moderate,3,24,23,16.4,1,0,Granted,22.7
17/615578,3600,trackOne,large,strict,3,26,5,3.5,3,1,Abandoned,12.3
17/368726,2800,standard,large,moderate,2,28,10,21.8,3,1,Granted,34.0
17/141506,1600,standard,large,moderate,3,13,18,18.8,1,0,Granted,24.1
17/551645,2400,trackOne,large,strict,3,29,13,2.6,3,1,Granted,15.1
17/404330,3700,standard,large,strict,3,21,14,16.5,1,0,Granted,18.9
17/660682,3700,pph,micro,moderate,3,33,9,5.4,1,0,Granted,10.2
17/700366,3700,trackOne,large,lenient,3,20,8,3.7,1,0,Granted,9.0
17/221191,1700,standard,small,moderate,3,26,28,15.0,1,0,Granted,21.9
17/857843,3700,standard,small,lenient,4,24,12,10.2,1,0,Granted,14.9
17/728538,2600,standard,large,moderate,3,19,7,24.9,1,0,Granted,30.8
17/396154,3700,standard,large,moderate,3,31,10,19.6,1,0,Granted,27.4
17/310211,2100,standard,large,moderate,2,25,21,21.7,2,0,Abandoned,27.4
17/341197,1600,pph,micro,moderate,3,28,15,5.1,1,0,Granted,10.4
17/769963,2400,trackOne,micro,moderate,3,15,13,3.7,1,0,Granted,9.6
17/453173,2100,accelerated,small,strict,2,18,22,3.5,3,1,Abandoned,13.2
17/697410,2600,standard,large,moderate,2,17,19,20.0,3,1,Granted,31.7
17/729439,1700,trackOne,small,strict,3,16,5,3.1,2,0,Abandoned,7.8
17/939400,3600,standard,large,lenient,1,22,1,19.9,1,0,Granted,26.3
17/380038,1700,standard,small,moderate,3,29,18,14.1,3,1,Abandoned,24.0
17/632314,3700,standard,large,moderate,3,26,21,15.6,3,1,Granted,27.1
17/130542,2800,standard,large,strict,3,28,7,18.6,3,1,Abandoned,27.8
17/836431,2800,standard,large,strict,3,14,1,23.3,1,0,Granted,28.1
17/646317,1600,standard,small,lenient,3,14,19,12.4,1,0,Granted,18.9
17/583299,1700,standard,small,moderate,3,20,2,16.2,1,0,Granted,21.9
17/689128,3600,standard,large,strict,2,18,7,31.3,3,1,Granted,44.6
17/598233,2100,standard,small,moderate,2,28,8,19.0,3,1,Granted,30.8
17/512110,3600,standard,small,strict,3,33,7,24.9,3,1,Granted,37.5
17/206269,2100,standard,small,strict,4,33,13,27.2,2,0,Abandoned,32.2
17/320382,1600,standard,large,strict,1,28,9,27.9,3,1,Granted,39.7
17/412459,2800,standard,large,moderate,1,23,25,20.7,1,0,Granted,25.8
17/632020,2800,accelerated,small,strict,2,17,23,7.3,3,1,Granted,18.1
17/372248,3700,standard,large,moderate,4,26,8,17.2,1,0,Granted,22.2
17/819824,2800,standard,large,moderate,3,13,1,11.2,1,0,Granted,15.8
17/180317,3700,standard,large,strict,3,31,14,17.0,1,0,Granted,22.5
17/240543,2600,trackOne,small,moderate,3,33,16,3.1,1,0,Granted,6.3
17/237609,3700,trackOne,large,lenient,3,16,21,3.9,3,1,Granted,14.5
17/350091,2800,trackOne,large,strict,3,29,17,3.2,1,0,Granted,7.7
17/847730,1600,standard,small,moderate,4,19,6,27.3,1,0,Granted,30.1
17/702913,2100,standard,micro,strict,3,33,26,26.5,3,1,Granted,38.8
17/892356,2400,standard,small,moderate,3,21,19,16.6,3,1,Granted,28.7
17/463082,2800,standard,large,strict,6,17,20,19.4,1,0,Granted,26.9
17/838878,2400,accelerated,small,strict,3,21,25,4.9,1,0,Granted,10.7
17/338844,3700,standard,large,lenient,3,27,13,14.9,3,1,Granted,26.9
17/587098,1600,standard,large,strict,3,15,5,28.4,3,1,Granted,41.7
17/557717,3700,trackOne,large,moderate,3,26,10,3.4,1,0,Granted,8.4
17/769305,2800,standard,large,lenient,4,17,21,7.2,3,1,Abandoned,17.4
17/680151,2800,standard,small,lenient,3,29,6,11.4,1,0,Granted,16.3
17/537359,2800,standard,large,moderate,3,14,14,15.9,1,0,Granted,20.8
17/513596,1700,standard,micro,moderate,3,20,15,19.6,1,0,Granted,25.6
17/864733,1700,standard,large,moderate,3,26,1,29.2,3,1,Granted,41.5
17/428655,2100,standard,small,moderate,2,26,7,19.0,3,1,Abandoned,27.9
17/898484,2600,standard,small,strict,5,16,11,28.5,3,1,Granted,40.8
17/537596,3700,standard,micro,lenient,3,19,15,22.9,1,0,Granted,25.6
17/531716,3700,trackOne,large,moderate,2,20,33,4.3,1,0,Granted,7.6
17/381045,2100,standard,small,strict,3,14,16,30.1,1,0,Granted,36.9
17/981201,2400,standard,micro,lenient,4,19,25,26.1,1,0,Granted,31.5
17/421279,1700,standard,small,lenient,2,32,24,17.5,1,0,Granted,24.1
17/555423,1700,standard,large,lenient,2,26,12,18.7,2,0,Abandoned,23.4
17/501053,2100,standard,large,strict,2,20,26,26.1,2,0,Abandoned,30.7
17/749872,3600,standard,large,strict,3,24,25,26.6,2,0,Abandoned,58.3
17/918526,3600,standard,small,moderate,4,22,17,29.0,2,0,Abandoned,36.1
17/620040,3700,pph,small,lenient,3,24,8,6.9,3,1,Granted,19.4
17/304647,2800,standard,small,moderate,3,16,19,14.8,1,0,Granted,20.8
17/633964,2400,standard,large,lenient,2,15,4,20.4,1,0,Granted,25.9
17/289881,2100,standard,large,strict,1,19,29,17.5,2,0,Abandoned,23.4
17/110376,1700,standard,large,lenient,1,19,14,18.7,1,0,Granted,21.9
17/932226,2800,standard,large,lenient,3,31,4,19.2,1,0,Granted,26.5
17/667205,2400,standard,small,moderate,3,19,9,21.9,1,0,Granted,27.7
17/767415,2600,standard,small,moderate,3,33,4,16.9,1,0,Granted,19.8
17/788446,1600,trackOne,small,moderate,6,18,25,3.6,1,0,Granted,5.9
17/517932,3700,standard,small,moderate,4,22,15,10.6,1,0,Granted,15.6
17/325753,2800,standard,small,moderate,3,23,25,13.8,3,1,Granted,25.4
17/849148,2100,standard,small,strict,3,31,8,18.8,1,0,Granted,24.5
17/479757,2100,standard,large,moderate,6,31,30,26.5,3,1,Granted,39.2
17/813265,2800,standard,large,moderate,3,23,4,17.6,3,1,Granted,29.1
17/254687,2400,trackOne,small,moderate,4,29,7,3.6,1,0,Granted,9.8
17/955952,3700,standard,large,strict,4,33,3,17.3,2,0,Abandoned,24.6
17/692642,3600,standard,large,moderate,5,23,22,34.3,1,0,Granted,39.8
17/523649,3600,trackOne,small,lenient,5,30,16,3.6,1,0,Granted,6.3
17/234661,2800,standard,large,moderate,4,19,19,21.0,1,0,Granted,28.7
17/458276,1700,trackOne,large,lenient,5,20,8,2.6,4,2,Abandoned,15.9
17/870653,2800,standard,large,moderate,3,23,24,8.0,1,0,Granted,12.4
17/812955,2600,standard,micro,moderate,3,24,29,20.2,1,0,Granted,24.0
17/822189,1700,trackOne,large,moderate,3,28,9,2.5,1,0,Granted,5.9
17/104135,2100,standard,small,moderate,3,20,5,19.8,3,1,Abandoned,28.5
17/214221,2400,trackOne,small,moderate,3,21,4,2.5,1,0,Granted,8.3
17/643043,3700,standard,small,strict,1,11,27,24.4,3,1,Abandoned,33.2
17/304732,3700,pph,large,lenient,3,31,25,5.3,1,0,Granted,8.4
17/623698,2600,standard,small,strict,3,26,24,15.3,1,0,Granted,20.6
17/314989,2400,standard,large,moderate,3,13,15,23.3,3,1,Abandoned,31.4
17/493256,1700,standard,large,lenient,3,33,14,12.2,1,0,Granted,15.5
17/673883,3600,standard,large,strict,5,29,28,26.4,1,0,Granted,32.0
17/776608,2800,trackOne,small,lenient,4,27,11,4.1,1,0,Granted,8.6
17/640705,1600,standard,small,moderate,3,16,7,21.1,2,0,Abandoned,48.8
17/895710,2400,standard,small,moderate,2,21,10,21.5,1,0,Granted,27.3
17/319351,2100,standard,large,strict,3,15,3,20.7,3,1,Abandoned,29.7
17/142962,1700,standard,large,strict,3,20,21,25.7,2,0,Abandoned,31.1
17/927342,2400,trackOne,large,lenient,3,18,2,3.2,3,1,Granted,15.7
17/676205,2800,standard,large,moderate,3,33,7,15.8,1,0,Granted,19.1
17/116609,1600,standard,large,moderate,3,16,24,19.7,1,0,Granted,26.0
17/303466,2600,standard,large,moderate,3,28,20,14.3,1,0,Granted,19.9
17/235478,2100,standard,small,lenient,4,18,20,18.6,1,0,Granted,22.6
17/475541,2800,standard,small,strict,3,18,21,11.6,1,0,Granted,16.7
17/311012,1700,accelerated,large,moderate,3,32,13,3.8,3,1,Granted,14.6
17/213372,1600,standard,large,moderate,3,21,4,20.6,1,0,Granted,26.4
17/141732,3600,standard,small,lenient,3,19,4,26.6,1,0,Granted,32.6
17/863812,2800,standard,small,lenient,3,16,14,6.0,2,0,Abandoned,11.8
17/453443,2800,standard,large,strict,3,28,17,17.1,4,2,Granted,34.4
17/878810,3700,standard,micro,strict,2,15,8,22.3,1,0,Granted,28.0
17/940261,1700,standard,large,moderate,2,14,6,15.8,2,0,Abandoned,20.4
17/691424,2600,standard,large,moderate,5,17,9,17.8,3,1,Granted,29.0
17/490317,3700,standard,large,strict,4,28,20,21.2,1,0,Granted,26.2
17/713084,2100,standard,small,moderate,4,30,7,23.2,1,0,Granted,29.7
17/441602,1600,standard,small,lenient,5,31,15,16.5,3,1,Granted,28.4
17/168294,2100,standard,small,moderate,1,12,27,18.9,1,0,Granted,24.1
17/187069,3600,standard,small,strict,5,16,9,36.8,1,0,Granted,43.8
17/843017,2100,standard,small,lenient,3,29,14,19.5,1,0,Granted,24.4
17/294730,3600,standard,small,moderate,3,23,29,26.4,3,1,Granted,39.2
17/164564,2100,standard,large,strict,3,17,21,23.2,1,0,Granted,28.9
17/596951,2800,standard,small,moderate,2,24,27,19.8,1,0,Granted,25.7
17/820151,2600,standard,large,moderate,3,24,10,24.5,1,0,Granted,30.8
17/589061,2800,standard,large,strict,4,17,13,20.1,1,0,Granted,27.2
17/964102,3700,trackOne,large,strict,3,27,13,2.8,1,0,Granted,8.8
17/943378,1700,standard,small,moderate,2,14,4,20.3,3,1,Granted,32.8
17/538676,3600,standard,small,moderate,3,27,11,27.1,1,0,Granted,32.5
17/790658,2800,standard,micro,lenient,3,19,10,19.9,2,0,Abandoned,52.4
17/441757,2600,standard,large,moderate,3,30,7,20.4,1,0,Granted,24.4
17/636645,2800,pph,small,strict,3,19,24,5.6,3,1,Granted,17.1
17/291431,2800,standard,large,moderate,3,31,15,20.5,2,0,Abandoned,25.5
17/602711,1600,standard,small,moderate,4,33,13,19.6,3,1,Granted,31.8
17/876844,2800,accelerated,small,lenient,3,31,12,4.0,3,1,Abandoned,13.1
17/612026,2400,standard,small,lenient,2,18,5,19.2,4,2,Abandoned,31.1
17/446463,2400,trackOne,micro,moderate,3,33,24,2.9,3,1,Granted,14.5
17/311040,2400,standard,large,moderate,2,29,12,19.4,2,0,Abandoned,45.8
17/774781,2600,standard,small,strict,2,18,25,10.4,1,0,Granted,15.7
17/577110,2800,standard,large,strict,3,31,28,22.0,2,0,Abandoned,27.8
17/890103,2800,standard,large,strict,3,23,20,24.6,2,0,Abandoned,30.5
17/569706,2800,standard,large,strict,2,19,20,16.6,3,1,Granted,28.4
17/498219,2600,standard,large,lenient,3,31,5,9.2,1,0,Granted,14.3
17/884008,1600,standard,large,lenient,3,22,29,15.6,1,0,Granted,18.5
17/785558,1600,standard,small,moderate,3,20,23,27.2,3,1,Granted,38.8
17/692641,2600,standard,large,lenient,3,27,6,12.7,3,1,Granted,24.3
17/781270,3600,standard,large,moderate,3,25,22,18.3,3,1,Granted,30.7
17/987876,3600,standard,large,moderate,5,28,18,18.2,3,1,Abandoned,27.3
17/317885,1700,standard,large,moderate,5,24,16,22.0,1,0,Granted,28.1
17/367966,2600,standard,small,moderate,3,33,3,23.7,2,0,Abandoned,56.2
17/228467,2400,standard,large,strict,3,13,22,30.5,2,0,Abandoned,37.0
17/833023,2400,pph,small,moderate,3,19,8,4.1,4,2,Granted,21.3
17/272228,2400,standard,large,strict,3,26,10,31.9,1,0,Granted,37.4
17/436852,2600,pph,small,moderate,3,32,12,4.6,1,0,Granted,7.1
17/832803,2800,accelerated,small,moderate,4,21,19,5.8,3,1,Abandoned,15.5
17/186958,2800,trackOne,large,lenient,3,26,5,3.9,1,0,Granted,9.2
17/779762,3700,standard,small,moderate,3,23,19,28.1,2,0,Abandoned,33.0
17/368223,2100,standard,small,strict,3,13,21,28.8,3,1,Abandoned,38.8
17/229640,1700,standard,micro,moderate,3,13,31,25.3,3,1,Granted,38.0
17/906670,2400,standard,small,moderate,3,16,9,18.8,1,0,Granted,24.9
17/945953,2100,standard,small,moderate,3,22,14,20.1,2,0,Abandoned,25.4
17/835747,1600,trackOne,small,lenient,3,16,20,4.0,1,0,Granted,10.5
17/235982,3600,standard,small,moderate,4,33,2,25.8,3,1,Granted,37.9
17/629556,2400,pph,micro,strict,4,28,8,5.1,1,0,Granted,12.1
17/559386,2400,standard,small,strict,3,32,5,29.0,3,1,Granted,40.5
17/228486,2800,pph,large,moderate,3,28,16,4.9,1,0,Granted,7.3
17/325733,2600,standard,micro,moderate,1,15,21,27.3,4,2,Granted,42.4
17/431467,3700,standard,large,strict,2,30,30,22.3,2,0,Abandoned,27.6
17/585134,2600,standard,small,moderate,3,33,9,9.3,3,1,Granted,21.0
17/924570,1700,standard,micro,strict,6,28,27,24.5,1,0,Granted,30.8
17/281804,1700,standard,large,lenient,2,26,4,26.7,1,0,Granted,29.3
17/949379,3700,standard,micro,lenient,3,30,20,16.6,1,0,Granted,20.1
17/280751,3600,accelerated,small,moderate,1,27,16,4.0,2,0,Abandoned,25.9
17/580274,1600,standard,micro,moderate,3,23,3,26.8,2,0,Granted,51.2
17/678522,3600,standard,small,moderate,4,30,22,31.0,1,0,Granted,36.0
17/328238,2800,standard,small,lenient,6,26,7,24.8,3,1,Granted,37.1
17/435016,2800,standard,small,strict,5,17,26,22.3,3,1,Granted,34.5
17/639605,1600,standard,large,moderate,3,20,20,28.6,3,1,Granted,40.6
17/874659,2600,standard,large,moderate,3,19,1,22.5,3,1,Granted,34.7
17/966944,2400,standard,large,strict,3,31,15,26.2,3,1,Granted,37.9
17/686280,3700,standard,large,lenient,2,23,24,18.3,1,0,Granted,23.9
17/897367,3600,standard,large,strict,3,13,29,24.7,1,0,Granted,30.0
17/705901,3600,standard,small,strict,3,18,18,31.8,2,0,Abandoned,57.0
17/396480,1600,pph,large,moderate,3,25,9,5.7,1,0,Granted,8.9
17/530644,2600,standard,large,moderate,2,32,27,9.0,2,0,Abandoned,13.4
17/416308,1600,standard,large,moderate,3,17,36,22.4,1,0,Granted,28.3
17/869863,3700,standard,small,moderate,3,22,18,19.7,2,0,Abandoned,25.6
17/620948,1600,standard,small,moderate,2,27,19,25.0,1,0,Granted,31.8
17/121513,3600,standard,large,moderate,3,14,22,22.4,1,0,Granted,27.6
17/636882,2800,standard,small,strict,3,22,1,22.9,3,1,Granted,36.5
17/754455,1600,standard,large,lenient,4,33,5,14.8,2,0,Abandoned,20.5
17/643924,3600,standard,micro,strict,3,14,21,29.5,3,1,Granted,41.2
17/806163,3600,standard,small,moderate,4,17,14,22.3,3,1,Granted,35.1
17/630524,3700,standard,large,lenient,3,24,6,22.9,2,0,Abandoned,28.3
17/465321,2100,standard,large,strict,2,15,24,23.3,3,1,Granted,36.2
17/643597,2600,standard,large,lenient,4,22,17,21.6,1,0,Granted,25.4
17/137297,3700,standard,micro,lenient,3,31,15,21.3,1,0,Granted,27.1
17/201180,3700,standard,large,moderate,3,26,11,12.9,1,0,Granted,19.9
17/468740,1600,trackOne,large,moderate,3,13,2,2.6,1,0,Granted,8.5
17/532688,1600,standard,large,moderate,3,20,29,21.0,1,0,Granted,27.2
17/731785,3700,standard,large,moderate,3,18,6,15.8,1,0,Granted,22.0
17/617735,2100,standard,large,lenient,3,15,1,24.2,1,0,Granted,30.6
17/798882,1600,standard,large,moderate,3,18,19,25.0,3,1,Granted,36.7
17/172139,3700,accelerated,large,moderate,3,31,24,5.9,3,1,Granted,18.3
17/947934,2400,standard,large,moderate,3,25,22,29.4,3,1,Granted,42.2
17/209942,1600,standard,micro,lenient,3,16,18,24.0,3,1,Granted,36.5
17/767939,2100,trackOne,large,moderate,3,29,8,3.3,1,0,Granted,9.0
17/966127,2800,standard,large,strict,3,15,13,12.4,1,0,Granted,18.3
17/753058,3700,pph,large,moderate,2,23,8,6.4,1,0,Granted,12.6
17/920178,2600,pph,small,lenient,3,22,31,8.7,1,0,Granted,11.4
17/329710,1700,standard,large,strict,3,18,15,27.0,3,1,Granted,39.5
17/585986,1600,standard,large,moderate,3,20,2,25.2,2,0,Abandoned,53.0
17/985500,1700,standard,large,moderate,3,13,22,19.6,3,1,Granted,32.6
17/698075,3700,standard,large,strict,3,26,19,18.3,1,0,Granted,22.8
17/438714,3600,pph,small,strict,3,25,6,8.0,1,0,Granted,15.1
17/174498,2100,standard,small,moderate,3,23,9,22.0,2,0,Abandoned,27.3
17/711538,3600,standard,large,moderate,2,28,13,33.2,3,1,Granted,45.9
17/214204,2800,standard,small,moderate,3,20,26,16.6,2,0,Abandoned,22.9
17/874033,2100,standard,small,strict,3,33,23,27.4,1,0,Granted,31.9
17/783679,3600,standard,large,moderate,6,17,14,23.7,3,1,Granted,36.0
17/529930,1700,standard,small,moderate,1,19,18,19.7,3,1,Abandoned,29.1
17/702290,3600,standard,micro,lenient,3,30,16,13.9,1,0,Granted,21.2
17/584135,2600,standard,large,moderate,3,26,36,15.0,2,0,Abandoned,40.6
17/840035,1700,standard,small,moderate,3,28,1,12.7,1,0,Granted,17.8
17/673935,2800,standard,small,moderate,6,20,20,16.7,1,0,Granted,23.4
17/797751,2800,accelerated,large,strict,3,23,21,6.1,3,1,Granted,17.5
17/996430,2600,standard,small,moderate,3,26,26,17.2,1,0,Granted,22.3
17/954077,3600,standard,large,strict,3,32,1,26.1,3,1,Granted,38.5
17/831735,2800,standard,large,lenient,2,30,15,17.2,1,0,Granted,22.2
17/757011,3600,standard,large,lenient,5,35,9,16.5,1,0,Granted,19.2
17/163452,1600,standard,small,lenient,3,32,20,22.0,1,0,Granted,28.0
17/313094,3700,pph,large,strict,4,16,6,6.5,1,0,Granted,12.3
17/440911,2100,trackOne,small,lenient,3,14,24,4.2,3,1,Granted,16.4
17/249300,1700,standard,small,moderate,3,31,15,26.7,2,0,Abandoned,51.6
17/580079,2800,standard,small,moderate,5,28,12,18.3,1,0,Granted,23.9
17/619183,2600,standard,large,lenient,3,15,26,9.3,2,0,Abandoned,15.1
17/308727,2600,standard,small,strict,3,20,1,20.6,1,0,Granted,26.1
17/237051,1600,standard,small,lenient,3,24,29,21.2,2,0,Abandoned,27.1
17/389418,1700,standard,large,moderate,2,23,1,19.4,1,0,Granted,25.7
17/236794,1600,standard,small,strict,3,18,25,27.0,3,1,Granted,39.5
17/633396,1600,standard,large,moderate,3,21,3,20.7,2,0,Abandoned,45.1
17/854709,2400,trackOne,large,lenient,3,27,16,4.3,3,1,Abandoned,14.0
17/589910,2600,standard,micro,moderate,3,33,6,20.0,2,0,Abandoned,26.2
17/896779,2600,standard,small,strict,3,19,6,24.6,1,0,Granted,30.5
17/538097,2800,standard,large,strict,3,33,17,15.4,1,0,Granted,18.7
17/718493,2100,standard,large,moderate,1,27,9,16.8,1,0,Granted,19.9
17/328761,3700,trackOne,large,moderate,4,30,14,5.6,1,0,Granted,11.9
17/175396,2400,standard,large,strict,4,26,8,19.0,3,1,Abandoned,27.8
17/222521,2400,standard,small,strict,3,23,8,22.7,3,1,Granted,35.1
17/177225,2600,standard,large,moderate,4,15,19,23.4,3,1,Granted,35.7
17/221408,1700,pph,small,moderate,3,14,10,5.4,1,0,Granted,8.6
17/638055,2800,standard,small,lenient,1,22,19,17.0,1,0,Granted,22.9
17/642408,3700,accelerated,large,moderate,2,21,5,4.4,3,1,Granted,17.6
17/951005,2600,standard,large,moderate,1,24,19,29.3,1,0,Granted,32.3
17/877825,2100,standard,large,strict,3,28,9,25.6,2,0,Abandoned,30.3
17/870972,2100,standard,large,strict,4,33,23,30.2,3,1,Granted,42.5
17/280338,2600,standard,small,strict,2,23,11,18.7,4,2,Abandoned,32.6
17/490460,2100,standard,large,strict,3,24,15,26.8,3,1,Granted,40.0
17/166193,3700,standard,small,moderate,3,15,8,19.0,3,1,Granted,32.0
17/767042,2600,standard,micro,moderate,3,24,16,11.4,2,0,Abandoned,35.0
17/828421,2600,standard,micro,lenient,2,14,7,15.9,1,0,Granted,22.3
17/874190,2400,standard,small,moderate,3,31,19,13.5,3,1,Abandoned,22.3
17/180770,2800,standard,large,strict,3,27,15,28.2,3,1,Granted,40.9
17/792490,1700,standard,large,lenient,3,18,24,14.6,1,0,Granted,20.3
17/497458,2100,standard,large,strict,3,33,10,30.5,3,1,Granted,43.0
17/972024,2100,standard,large,moderate,1,20,16,21.5,1,0,Granted,27.3
17/135588,2100,standard,small,moderate,3,31,11,17.1,1,0,Granted,22.3
17/804663,1700,standard,large,moderate,2,22,12,18.7,3,1,Granted,30.6
17/441375,3700,standard,small,moderate,2,15,8,9.8,1,0,Granted,14.9
17/840123,2400,standard,small,strict,4,21,2,24.9,2,0,Abandoned,31.6
17/151107,2100,standard,large,lenient,3,19,13,20.6,1,0,Granted,22.7
17/784727,3700,accelerated,small,moderate,4,33,26,5.9,3,1,Granted,17.1
17/583707,1600,standard,large,lenient,1,29,17,18.9,1,0,Granted,26.2
17/786114,2800,standard,large,lenient,2,29,26,11.2,2,0,Abandoned,16.2
17/763250,3600,standard,micro,strict,4,34,31,34.7,3,1,Granted,47.2
17/522753,3600,standard,small,strict,4,29,6,33.2,4,2,Abandoned,45.9
17/324314,1700,standard,large,moderate,3,24,12,20.4,1,0,Granted,26.0
17/188289,3700,standard,large,moderate,3,14,9,15.1,1,0,Granted,18.7
17/823585,3700,standard,large,moderate,2,16,12,14.5,1,0,Granted,20.1
17/837332,3600,standard,large,moderate,3,18,13,22.5,3,1,Granted,34.2
17/492361,3700,pph,micro,lenient,3,23,20,4.6,1,0,Granted,11.2
17/434997,3700,standard,small,moderate,3,32,10,20.9,1,0,Granted,26.4
17/638014,3600,standard,large,moderate,3,17,12,34.4,1,0,Granted,40.3
17/469122,3700,standard,small,lenient,1,27,22,16.4,1,0,Granted,21.6
17/699644,2800,standard,large,moderate,3,17,14,6.9,3,1,Abandoned,16.5
17/689948,1600,standard,small,strict,3,26,17,20.6,1,0,Granted,25.8
17/614636,2800,pph,large,moderate,2,32,1,6.7,1,0,Granted,13.5
17/516691,2600,standard,large,strict,6,16,6,23.1,2,0,Abandoned,52.2
17/571462,1700,standard,large,moderate,1,30,10,16.5,1,0,Granted,21.8
17/325563,2600,standard,large,moderate,3,27,1,18.7,1,0,Granted,24.2
17/104662,2800,standard,large,lenient,3,23,17,15.9,1,0,Granted,22.0
17/441517,1600,standard,large,moderate,3,20,8,27.6,3,1,Granted,40.9
17/531280,2400,standard,large,moderate,1,11,27,28.4,4,2,Granted,44.7
17/374703,2800,standard,large,moderate,3,17,1,13.1,4,2,Abandoned,27.5
17/283539,2100,standard,large,strict,3,26,2,22.5,3,1,Granted,33.8
17/214359,2600,standard,large,moderate,3,24,22,21.2,3,1,Abandoned,30.0
17/149187,3600,pph,small,lenient,3,28,23,8.4,3,1,Granted,19.5
17/584117,1700,standard,large,moderate,3,26,10,21.5,1,0,Granted,25.2
17/405439,1600,standard,large,strict,3,14,8,26.9,1,0,Granted,32.6
17/242582,1700,standard,large,moderate,3,17,21,16.3,1,0,Granted,22.0
17/577199,3600,trackOne,large,moderate,3,25,4,2.5,1,0,Granted,7.3
17/674556,3600,standard,large,moderate,3,22,8,23.3,1,0,Granted,28.9
17/357655,2600,trackOne,large,strict,3,21,8,4.1,3,1,Granted,15.9
17/826105,1700,standard,large,moderate,3,26,10,28.9,1,0,Granted,33.6
17/193845,2100,trackOne,large,moderate,3,19,9,3.2,1,0,Granted,8.8
17/966699,3700,standard,small,moderate,3,22,14,25.0,1,0,Granted,30.9
17/903049,2100,standard,small,strict,3,26,13,17.8,2,0,Abandoned,41.5
17/678909,2800,pph,small,strict,3,22,18,5.9,1,0,Granted,12.8
17/513696,2600,standard,large,lenient,3,13,14,12.2,3,1,Abandoned,21.3
17/920821,3600,standard,large,lenient,2,29,28,22.6,3,1,Granted,35.5
17/497274,2100,standard,large,lenient,3,24,15,24.9,3,1,Abandoned,33.9
17/115256,2400,trackOne,large,lenient,3,15,6,3.6,1,0,Granted,9.6
17/876344,3700,standard,small,strict,3,33,7,23.1,4,2,Granted,39.2
17/701478,1700,standard,small,strict,3,28,1,11.2,2,0,Abandoned,17.8
17/933934,3600,standard,large,strict,3,23,1,28.6,2,0,Abandoned,61.2
17/515888,2400,standard,small,strict,4,33,16,28.0,1,0,Granted,34.1
17/284307,2400,standard,small,lenient,2,27,10,10.8,2,0,Abandoned,17.1
17/627456,2100,trackOne,micro,strict,2,19,9,4.6,3,1,Granted,16.5
17/446475,1700,accelerated,micro,lenient,4,30,17,6.0,1,0,Granted,11.4
17/125809,2400,trackOne,small,lenient,6,32,14,5.4,3,1,Granted,17.1
17/819606,3700,standard,large,lenient,3,24,7,15.2,1,0,Granted,17.4
17/106781,3600,standard,large,lenient,3,33,8,19.9,1,0,Granted,22.6
17/678888,2400,standard,small,lenient,3,18,10,19.6,1,0,Granted,25.6
17/269805,2400,trackOne,micro,moderate,3,20,1,4.9,2,0,Abandoned,11.6
17/276426,1700,standard,large,moderate,1,22,18,22.5,2,0,Abandoned,27.1
17/362754,3600,pph,large,lenient,3,19,29,7.4,2,0,Abandoned,37.2
17/380613,2600,standard,large,moderate,3,27,7,19.6,1,0,Granted,24.9
17/995330,2100,trackOne,small,moderate,3,28,9,3.6,1,0,Granted,8.5
17/966934,1700,standard,micro,lenient,3,13,12,13.3,1,0,Granted,16.6
17/158072,1600,standard,large,moderate,3,13,11,13.9,3,1,Abandoned,22.5
17/665801,2600,standard,small,strict,3,31,5,23.6,1,0,Granted,29.4
17/125124,2600,trackOne,large,strict,3,14,19,3.5,1,0,Granted,6.7
17/186489,2100,trackOne,large,strict,3,33,2,4.1,3,1,Granted,16.1
17/759861,2100,standard,large,moderate,3,25,21,20.3,1,0,Granted,25.1
17/882558,2100,standard,small,strict,3,15,13,26.2,1,0,Granted,31.6
17/137655,2600,standard,large,moderate,4,17,7,15.6,1,0,Granted,22.4
17/763072,2600,standard,large,moderate,3,23,15,19.9,3,1,Granted,31.2
17/990621,3600,standard,large,moderate,3,30,17,32.5,3,1,Abandoned,41.8
17/427250,3600,standard,small,strict,3,13,1,32.4,1,0,Granted,37.7
17/964120,1700,standard,large,moderate,3,29,14,19.7,4,2,Abandoned,32.9
17/290457,2800,standard,large,moderate,3,15,18,17.2,3,1,Granted,30.0
17/166515,3600,standard,large,strict,3,14,9,31.1,1,0,Granted,37.1
17/472416,1700,standard,small,strict,3,29,3,26.5,2,0,Abandoned,53.2
17/508263,2800,standard,small,strict,1,31,15,19.8,3,1,Abandoned,28.9
17/942525,2100,pph,small,moderate,1,15,1,4.1,1,0,Granted,10.5
17/550317,1700,standard,large,lenient,3,26,22,12.7,3,1,Granted,24.5
17/607553,2600,standard,large,moderate,3,14,21,25.5,1,0,Granted,30.4
17/744984,3600,standard,large,strict,3,24,17,30.0,3,1,Granted,42.8
17/313224,1600,trackOne,large,moderate,3,24,31,2.9,3,1,Granted,14.0
17/776723,2600,standard,large,moderate,4,34,25,25.7,1,0,Granted,32.2
17/412920,2800,accelerated,large,strict,3,14,23,4.4,1,0,Granted,11.5
17/221840,3700,standard,large,lenient,3,16,21,20.0,1,0,Granted,22.9
17/749973,1600,standard,small,moderate,3,24,21,21.7,1,0,Granted,27.9
17/255086,2100,standard,micro,moderate,3,20,1,18.7,1,0,Granted,24.9
17/905554,3600,standard,micro,lenient,1,11,23,19.1,1,0,Granted,22.4
17/882628,2800,standard,small,lenient,3,26,25,17.0,1,0,Granted,22.4
17/601535,2400,standard,micro,moderate,4,16,22,25.7,1,0,Granted,31.8
17/833001,3700,standard,large,strict,1,19,14,27.7,2,0,Abandoned,32.7
17/673460,2400,standard,small,lenient,3,21,14,9.6,1,0,Granted,12.7
17/170100,1600,standard,large,strict,3,15,12,15.8,3,1,Granted,28.6
17/805728,1700,pph,small,moderate,3,24,10,5.8,2,0,Granted,30.6
17/563092,2800,trackOne,large,lenient,3,28,12,4.5,1,0,Granted,9.5
17/689678,2400,accelerated,large,moderate,4,30,12,5.0,3,1,Granted,18.3
17/651258,1600,accelerated,micro,lenient,3,29,20,4.6,1,0,Granted,9.1
17/351591,3700,standard,small,lenient,2,20,1,13.6,3,1,Abandoned,24.2
17/309725,3600,standard,small,moderate,1,25,8,29.4,3,1,Granted,39.8
17/816731,2800,standard,large,moderate,4,21,1,12.3,2,0,Abandoned,17.1
17/812605,2800,standard,large,moderate,3,32,9,22.6,1,0,Granted,28.2
17/514133,3700,pph,small,strict,3,13,23,4.2,2,0,Abandoned,9.3
17/485030,2800,standard,large,lenient,3,15,13,11.4,2,0,Abandoned,17.3
17/714588,3700,standard,large,moderate,3,20,8,14.5,3,1,Granted,26.5
17/737298,1700,standard,large,lenient,5,22,16,22.5,1,0,Granted,27.8
17/949886,3600,standard,large,moderate,4,29,26,28.2,1,0,Granted,33.4
17/579867,2800,trackOne,large,lenient,3,30,12,3.8,1,0,Granted,9.5
17/967379,2800,standard,small,moderate,3,26,23,14.1,3,1,Abandoned,23.6
17/584878,1700,trackOne,large,moderate,3,17,29,5.7,1,0,Granted,8.4
17/434923,1700,standard,large,moderate,4,14,12,16.4,2,0,Abandoned,20.5
17/500266,2400,standard,large,lenient,4,15,9,20.8,1,0,Granted,24.5
17/923182,2400,standard,micro,moderate,3,29,11,22.3,1,0,Granted,28.7
17/245923,2100,standard,small,moderate,3,29,1,22.8,2,0,Granted,42.0
17/366660,2400,standard,small,moderate,2,28,13,16.7,1,0,Granted,19.3
17/636197,2400,standard,small,strict,5,27,10,31.7,1,0,Granted,36.9
17/355880,1700,standard,small,moderate,3,23,23,26.9,3,1,Granted,38.7
17/732443,3700,standard,large,moderate,3,20,26,13.0,1,0,Granted,16.0
17/259698,2100,standard,large,moderate,3,15,10,15.4,3,1,Abandoned,24.0
17/874399,3700,standard,large,strict,2,26,4,21.4,2,0,Granted,48.7
17/273972,2800,standard,small,lenient,3,28,2,15.7,1,0,Granted,20.6
17/229695,1700,standard,small,moderate,3,26,21,23.3,1,0,Granted,29.2
17/553016,1600,standard,micro,strict,1,28,7,34.4,1,0,Granted,40.4
17/431280,3700,standard,small,lenient,3,26,13,14.8,1,0,Granted,21.3
17/313996,1700,trackOne,large,lenient,4,31,18,4.1,3,1,Granted,15.8
17/833453,1600,standard,small,moderate,3,22,18,24.3,1,0,Granted,30.1
17/407150,2600,standard,micro,lenient,4,26,7,15.1,1,0,Granted,21.6
17/872891,1700,standard,large,moderate,3,25,22,21.0,3,1,Granted,33.7
17/266038,2600,standard,small,lenient,3,24,1,15.9,1,0,Granted,21.1
17/613099,3700,standard,micro,moderate,3,21,21,19.4,3,1,Granted,31.3
17/719384,2800,pph,large,moderate,2,12,10,6.0,3,1,Granted,17.6
17/567413,1700,standard,micro,moderate,3,24,26,21.8,3,1,Granted,33.7
17/675799,3700,standard,small,lenient,3,22,10,14.0,1,0,Granted,19.2
17/574724,3700,standard,small,lenient,4,22,14,17.6,2,0,Abandoned,21.9
17/549262,1700,standard,large,strict,3,25,7,24.7,1,0,Granted,32.0
17/795783,3700,standard,large,lenient,3,24,13,9.4,2,0,Abandoned,41.7
17/102202,2400,standard,large,lenient,3,28,4,21.9,1,0,Granted,24.9
17/459570,3600,standard,small,lenient,3,25,21,21.3,1,0,Granted,28.2
17/738478,2600,standard,large,strict,4,20,20,26.1,1,0,Granted,31.9
17/246132,2800,standard,large,moderate,4,33,7,17.8,1,0,Granted,24.5
17/669352,3600,standard,large,moderate,3,19,10,18.6,3,1,Granted,31.2
17/157207,1600,standard,micro,moderate,3,29,1,20.0,1,0,Granted,25.8
17/984249,2600,standard,micro,moderate,3,23,3,11.5,1,0,Granted,15.3
17/770181,2800,standard,small,moderate,5,20,10,16.0,1,0,Granted,22.5
17/986247,2100,standard,large,moderate,3,30,17,24.2,1,0,Granted,29.6
17/182808,3600,standard,small,lenient,3,27,23,20.7,2,0,Granted,40.4
17/583798,2800,standard,micro,moderate,4,32,15,14.1,3,1,Granted,28.0
17/994163,1600,standard,large,strict,2,17,20,26.0,2,0,Granted,61.2
17/933718,2100,standard,small,moderate,3,14,17,29.3,1,0,Granted,35.4
17/377010,2600,standard,large,moderate,3,21,7,14.0,3,1,Granted,26.1
17/299145,1600,standard,large,strict,3,26,13,21.4,1,0,Granted,28.0
17/576365,2400,standard,large,strict,4,15,15,23.0,3,1,Granted,34.6
17/101033,2400,standard,large,strict,5,28,3,25.5,3,1,Granted,37.3
17/994698,3600,trackOne,large,moderate,3,28,17,4.3,2,0,Granted,38.0
17/593491,3700,standard,large,moderate,3,18,13,20.9,3,1,Abandoned,30.3
17/886690,1600,standard,small,moderate,3,15,14,21.7,3,1,Abandoned,32.5
17/393973,3700,standard,large,lenient,3,31,17,15.0,3,1,Granted,26.5
17/254257,2400,standard,small,lenient,3,28,12,20.5,1,0,Granted,27.6
17/632810,2600,standard,micro,strict,3,33,11,24.1,4,2,Abandoned,37.7
17/252273,2600,standard,large,moderate,3,33,12,23.1,1,0,Granted,29.1
17/246307,3600,accelerated,small,strict,3,27,9,3.5,1,0,Granted,8.8
17/528386,2800,pph,small,strict,4,23,11,5.9,3,1,Granted,17.7
17/113024,1700,standard,large,lenient,3,33,16,10.5,1,0,Granted,16.0
17/462317,1700,accelerated,large,strict,3,32,13,4.2,2,0,Abandoned,39.8
17/160301,2100,standard,small,moderate,1,27,11,27.0,1,0,Granted,33.4
17/663089,2100,trackOne,large,lenient,4,14,18,3.2,1,0,Granted,6.3
17/641768,3700,pph,large,lenient,3,19,24,6.0,4,2,Abandoned,19.7
17/867360,3600,trackOne,large,moderate,3,30,1,3.4,3,1,Granted,17.0
17/778957,3600,standard,small,moderate,3,19,14,33.0,3,1,Granted,46.5
17/472349,3700,standard,large,lenient,2,26,18,17.1,1,0,Granted,22.0
17/745541,2100,standard,large,lenient,3,31,15,28.8,1,0,Granted,35.0
17/584509,2100,standard,small,moderate,2,18,19,25.2,1,0,Granted,32.1
17/353043,2100,standard,small,lenient,3,16,32,25.1,2,0,Abandoned,55.4
17/627593,2800,standard,micro,moderate,4,28,10,12.9,3,1,Abandoned,23.2
17/786106,3700,standard,small,moderate,2,16,8,8.4,1,0,Granted,15.5
17/716842,2100,standard,small,moderate,3,23,14,16.7,4,2,Granted,32.9
17/866549,2800,trackOne,large,lenient,5,23,25,2.7,1,0,Granted,5.8
17/381201,3700,trackOne,large,moderate,2,15,6,3.5,1,0,Granted,6.9
17/192899,2400,trackOne,large,lenient,3,17,17,6.2,1,0,Granted,12.4
17/567278,2100,standard,small,lenient,3,23,15,16.5,1,0,Granted,19.3
17/464913,2600,trackOne,large,lenient,5,23,6,3.0,3,1,Granted,15.3
17/421465,1700,standard,small,moderate,3,21,7,18.2,3,1,Granted,31.0
17/865938,3700,standard,large,moderate,3,21,31,20.5,1,0,Granted,27.1
17/483169,3700,trackOne,large,moderate,3,22,21,3.3,1,0,Granted,8.3
17/922856,3700,standard,large,moderate,3,25,17,18.6,1,0,Granted,23.7
17/485575,2400,standard,small,moderate,2,25,16,22.6,1,0,Granted,30.3
17/511630,3700,standard,large,strict,5,23,17,26.1,3,1,Granted,38.7
17/273392,1700,standard,large,lenient,3,22,23,18.5,2,0,Abandoned,24.0
17/801312,3600,standard,large,moderate,3,31,11,18.5,2,0,Abandoned,25.4
17/362600,2600,standard,micro,moderate,3,15,10,14.9,1,0,Granted,20.7
17/151752,2600,standard,large,lenient,4,19,14,16.5,1,0,Granted,21.9
17/513563,2400,standard,large,strict,3,17,7,28.3,1,0,Granted,33.9
17/717839,3700,standard,micro,moderate,3,29,6,21.2,2,0,Abandoned,27.0
17/555839,3600,pph,large,strict,3,20,21,5.7,4,2,Abandoned,17.7
17/185629,3700,pph,small,strict,2,20,23,5.3,2,0,Granted,29.7
17/747553,3600,standard,small,moderate,3,28,13,25.0,1,0,Granted,30.1
17/185922,2400,standard,small,moderate,3,13,24,20.7,1,0,Granted,27.2
17/966168,3700,standard,small,moderate,2,20,5,21.7,1,0,Granted,27.4
17/946622,1600,trackOne,small,moderate,3,16,15,3.5,1,0,Granted,8.9
17/602576,1600,standard,large,moderate,5,30,12,22.3,1,0,Granted,27.2
17/105445,3600,accelerated,large,moderate,3,20,20,5.4,1,0,Granted,11.1
17/659449,2100,standard,small,lenient,3,24,22,22.1,1,0,Granted,28.6
17/326940,3600,standard,small,moderate,3,31,30,28.5,2,0,Abandoned,60.4
17/134909,3700,standard,small,moderate,2,23,6,20.5,3,1,Granted,31.8
17/522083,2100,trackOne,large,lenient,3,30,23,2.6,1,0,Granted,6.0
17/392833,1600,standard,small,lenient,2,24,24,23.0,1,0,Granted,25.7
17/625518,2600,standard,large,moderate,4,16,1,16.4,1,0,Granted,22.3
17/663521,1600,standard,small,moderate,3,13,27,31.0,1,0,Granted,35.5
17/520803,3600,standard,small,lenient,2,23,17,16.4,1,0,Granted,22.3
17/567726,1700,standard,small,moderate,3,21,21,19.6,1,0,Granted,27.1
17/772381,3600,pph,large,moderate,3,23,14,6.9,1,0,Granted,10.2
17/221851,2100,standard,large,moderate,3,16,14,17.5,2,0,Abandoned,37.4
17/829147,2400,standard,small,strict,3,32,10,25.6,3,1,Abandoned,34.8
17/254976,3700,standard,small,moderate,1,15,5,15.4,3,1,Abandoned,25.0
17/818038,3700,standard,large,lenient,3,18,1,11.3,1,0,Granted,18.1
17/328380,1600,trackOne,small,lenient,1,12,22,3.2,1,0,Granted,9.5
17/449134,1600,standard,large,strict,3,15,9,22.3,2,0,Abandoned,27.6
17/707931,2400,trackOne,large,moderate,5,34,10,3.2,1,0,Granted,6.7
17/218386,1700,standard,small,moderate,1,18,17,12.3,1,0,Granted,17.3
17/604225,2100,standard,large,strict,2,12,30,37.2,1,0,Granted,42.9
17/730659,1700,standard,micro,moderate,3,30,25,19.6,1,0,Granted,23.8
17/493402,1600,standard,large,strict,3,19,18,24.5,2,0,Granted,55.6
17/593261,2600,standard,large,strict,5,22,3,21.3,1,0,Granted,27.4
17/522901,3700,standard,large,moderate,3,32,19,21.6,3,1,Abandoned,30.3
17/366518,2800,standard,small,lenient,2,20,17,25.2,3,1,Granted,37.3
17/932134,2600,standard,small,moderate,2,31,21,21.9,3,1,Granted,33.5
17/909388,3700,standard,large,strict,3,30,25,22.4,3,1,Granted,34.3
17/242936,2100,trackOne,large,strict,3,16,20,3.5,1,0,Granted,9.8
17/268494,2100,standard,small,moderate,3,15,7,13.2,1,0,Granted,18.2
17/406902,3600,standard,large,moderate,1,12,1,24.3,1,0,Granted,28.9
17/397252,2100,standard,small,moderate,2,26,10,22.1,3,1,Granted,33.5
17/798406,2100,standard,small,moderate,2,21,1,31.3,2,0,Abandoned,63.8
17/515272,2100,standard,small,lenient,2,16,17,21.9,1,0,Granted,27.3
17/896390,2600,standard,large,moderate,1,15,17,14.8,3,1,Granted,26.8
17/109071,1700,standard,large,strict,1,29,12,29.4,1,0,Granted,34.9
17/736064,2800,standard,large,lenient,3,27,20,20.8,3,1,Granted,33.2
17/180805,3700,standard,large,moderate,4,24,1,23.5,2,0,Abandoned,28.5
17/254795,1600,standard,small,strict,2,16,8,32.5,1,0,Granted,38.4
17/576787,3700,standard,large,lenient,4,24,7,11.6,1,0,Granted,18.8
17/913396,1700,pph,large,strict,3,15,9,5.8,3,1,Granted,19.0
17/615785,2400,standard,large,moderate,2,17,20,17.5,3,1,Granted,30.6
17/476519,2100,standard,large,moderate,3,29,14,18.6,1,0,Granted,24.5
17/372570,2400,standard,large,moderate,3,20,29,23.0,2,0,Abandoned,27.9
17/220307,2600,standard,large,strict,3,14,10,23.1,3,1,Granted,34.6
17/419011,3600,standard,small,moderate,2,30,2,25.7,1,0,Granted,31.2
17/547208,1600,trackOne,micro,strict,3,23,7,3.7,2,0,Abandoned,33.0
17/486754,3700,standard,small,moderate,3,31,12,9.0,1,0,Granted,11.5
17/404922,2400,standard,small,moderate,3,28,20,20.3,1,0,Granted,26.8
17/810465,2800,standard,small,moderate,3,28,10,12.0,1,0,Granted,17.1
17/440412,3600,accelerated,small,moderate,3,22,15,3.5,1,0,Granted,7.2
17/197019,1700,standard,large,lenient,3,21,19,18.0,2,0,Abandoned,22.9
17/677049,2400,trackOne,micro,strict,3,13,25,3.7,2,0,Granted,31.9
17/991953,3700,standard,large,moderate,3,32,19,13.9,4,2,Granted,30.6
17/864261,3700,standard,large,lenient,2,19,21,20.3,1,0,Granted,24.7
17/150265,3700,standard,micro,moderate,3,21,5,19.5,1,0,Granted,26.4
17/423886,2400,standard,large,moderate,3,21,19,24.3,1,0,Granted,29.6
17/246349,2800,standard,small,strict,4,31,19,14.9,1,0,Granted,21.5
17/287059,1700,standard,large,moderate,3,18,10,17.5,1,0,Granted,23.9
17/326372,2800,standard,large,lenient,3,19,34,10.3,1,0,Granted,16.1
17/345325,2400,standard,small,moderate,3,13,15,17.0,3,1,Granted,30.2
17/453020,3600,standard,small,strict,2,17,23,25.2,3,1,Granted,37.4
17/922649,2400,trackOne,large,lenient,3,22,26,5.5,3,1,Abandoned,14.5
17/196154,1700,pph,large,strict,2,15,12,6.4,1,0,Granted,13.1
17/780155,3700,pph,large,moderate,3,19,21,4.0,2,0,Abandoned,8.3
17/529729,2800,standard,micro,strict,5,19,16,19.8,3,1,Abandoned,28.4
17/954280,1700,pph,large,moderate,3,28,12,5.8,2,0,Abandoned,10.6
17/894549,3600,standard,large,moderate,3,22,6,26.5,3,1,Granted,38.3
17/470084,2100,standard,large,lenient,4,24,1,23.8,1,0,Granted,30.7
17/617090,2600,standard,small,moderate,2,32,10,21.3,4,2,Granted,37.9
17/143219,3700,standard,large,strict,3,15,17,23.2,1,0,Granted,25.7
17/853992,2600,standard,large,strict,3,20,21,23.2,2,0,Abandoned,53.2
17/469945,3600,standard,large,lenient,3,14,8,28.6,1,0,Granted,31.9
17/798120,1600,standard,small,moderate,4,30,13,20.7,3,1,Abandoned,31.0
17/103325,1600,standard,large,moderate,3,30,42,27.0,3,1,Abandoned,36.1
17/271892,1700,standard,small,strict,3,16,20,18.8,3,1,Granted,30.9
17/584966,3600,standard,large,strict,2,28,26,31.9,1,0,Granted,37.3
17/447762,2800,standard,small,moderate,3,22,18,15.5,1,0,Granted,21.9
17/549155,2400,trackOne,micro,moderate,2,28,16,2.9,1,0,Granted,6.6
17/248027,3600,trackOne,small,lenient,3,18,24,2.9,3,1,Granted,15.1
17/692367,3600,standard,large,lenient,2,15,24,28.3,3,1,Granted,40.3
17/990969,1700,standard,large,lenient,2,19,16,15.6,4,2,Granted,31.1
17/117517,2800,standard,large,moderate,3,31,12,15.2,2,0,Abandoned,20.8
17/857026,1700,standard,small,strict,4,17,14,13.9,1,0,Granted,18.7
17/290844,2100,standard,large,strict,3,23,16,33.8,4,2,Granted,50.4
17/306585,2600,standard,large,strict,6,25,15,16.9,1,0,Granted,24.0
17/532295,2400,standard,small,moderate,3,29,2,23.3,2,0,Abandoned,29.3
17/268178,1600,standard,small,strict,3,19,15,30.6,3,1,Granted,43.5
17/263747,2100,standard,small,strict,4,15,7,27.5,1,0,Granted,33.4
17/769251,1700,standard,large,moderate,3,15,1,27.0,3,1,Granted,38.7
17/581580,2600,standard,large,strict,4,15,29,20.0,3,1,Granted,31.0
17/426413,2100,standard,small,moderate,3,16,7,22.1,3,1,Granted,34.1
17/638858,1600,trackOne,large,strict,3,14,15,3.7,1,0,Granted,9.9
17/630775,2400,standard,small,strict,5,21,21,25.1,3,1,Granted,36.4
17/391585,2600,standard,micro,strict,3,14,8,15.3,4,2,Granted,31.3
17/933467,1600,standard,small,moderate,4,31,12,23.6,3,1,Granted,37.7
17/928705,3700,pph,small,strict,3,33,8,5.3,1,0,Granted,7.5
17/842491,2800,standard,large,moderate,3,18,23,12.7,1,0,Granted,17.6
17/812775,1600,standard,large,strict,3,18,24,26.5,1,0,Granted,32.7
17/448436,1700,pph,large,strict,1,30,19,6.3,1,0,Granted,11.7
17/626530,3700,pph,small,moderate,3,29,11,5.6,3,1,Granted,18.6
17/829652,2800,standard,large,strict,4,27,27,26.2,4,2,Abandoned,39.4
17/809415,1700,pph,large,moderate,3,15,13,6.1,3,1,Granted,19.0
17/258630,2600,trackOne,large,strict,3,32,22,3.2,1,0,Granted,8.2
17/322763,3700,standard,large,lenient,3,18,19,18.5,3,1,Granted,30.8
17/865878,1700,pph,small,lenient,5,35,3,5.3,1,0,Granted,11.2
17/951483,2400,standard,small,lenient,1,15,16,19.2,1,0,Granted,22.3
17/302292,2800,pph,large,strict,3,15,11,5.4,1,0,Granted,11.0
17/396790,3700,standard,small,strict,3,29,4,20.2,2,0,Granted,49.7
17/786716,1600,standard,large,strict,1,11,4,26.0,1,0,Granted,32.4
17/186657,2800,standard,large,moderate,3,33,2,8.1,2,0,Abandoned,13.1
17/759612,1600,trackOne,large,moderate,3,18,3,2.5,4,2,Abandoned,14.7
17/931851,2800,standard,large,strict,3,31,12,20.4,3,1,Granted,32.0
17/396770,2800,standard,large,strict,3,30,21,12.5,2,0,Abandoned,38.9
17/867309,2100,standard,small,strict,3,24,11,22.8,3,1,Granted,34.8
17/112757,1700,standard,micro,strict,3,17,9,18.2,2,0,Granted,46.1
17/414996,2100,accelerated,large,moderate,3,20,21,4.5,1,0,Granted,11.1
17/114292,3700,standard,small,lenient,1,23,12,16.8,3,1,Granted,28.2
17/727862,3700,standard,large,lenient,6,34,20,19.9,1,0,Granted,22.5
17/201682,2800,trackOne,small,strict,2,32,8,3.2,2,0,Abandoned,9.6
17/285357,3700,standard,large,lenient,3,23,19,19.8,1,0,Granted,24.9
17/484150,2800,accelerated,small,lenient,1,22,14,4.6,1,0,Granted,9.9
17/233047,3600,standard,small,moderate,3,17,8,29.5,3,1,Abandoned,39.3
17/376007,2600,pph,large,lenient,3,14,9,6.4,1,0,Granted,9.7
17/175462,2400,standard,large,lenient,6,25,13,19.8,3,1,Granted,31.6
17/187411,1700,trackOne,small,strict,5,24,22,2.5,3,1,Granted,14.8
17/194417,3600,standard,large,moderate,1,12,28,30.0,1,0,Granted,36.7
17/185178,2400,trackOne,large,strict,2,24,13,3.9,3,1,Granted,16.7
17/825267,2400,trackOne,small,moderate,3,14,1,3.7,1,0,Granted,9.7
17/252866,3700,standard,small,moderate,3,31,15,21.5,2,0,Abandoned,42.9
17/142787,1600,standard,large,moderate,5,35,20,25.9,3,1,Granted,37.8
17/598809,2100,standard,small,strict,2,26,16,25.3,1,0,Granted,31.8
17/476435,1700,standard,large,lenient,3,14,8,15.8,1,0,Granted,20.4
17/435854,3600,standard,micro,moderate,4,24,2,24.1,3,1,Granted,36.1
17/996768,3600,standard,large,moderate,2,16,16,25.8,3,1,Granted,36.8
17/324827,3700,standard,large,lenient,2,28,13,16.5,1,0,Granted,24.1
17/169501,2100,standard,small,lenient,1,15,15,17.8,1,0,Granted,20.8
17/787466,2400,standard,small,lenient,4,32,15,17.1,1,0,Granted,21.8
17/306312,2600,standard,small,lenient,3,31,6,10.0,1,0,Granted,16.5
17/713519,3600,standard,large,moderate,2,21,1,25.3,1,0,Granted,30.2
17/302742,2800,standard,micro,strict,4,34,26,16.3,2,0,Abandoned,20.9
17/564629,1700,standard,small,moderate,1,18,7,23.8,3,1,Granted,35.3
17/597223,1700,standard,small,moderate,3,13,6,26.7,3,1,Granted,39.1
17/814031,1600,standard,large,moderate,3,20,1,19.9,3,1,Granted,33.6
17/624161,2800,standard,large,moderate,5,28,23,20.3,2,0,Abandoned,25.6
17/522859,3700,trackOne,large,moderate,3,14,5,4.1,3,1,Granted,16.3
17/443490,3700,standard,small,moderate,3,23,21,20.1,1,0,Granted,23.3
17/465024,2600,standard,large,moderate,3,21,4,13.0,4,2,Granted,30.0
17/393677,2800,standard,large,moderate,4,19,20,9.5,1,0,Granted,15.1
17/621101,2100,standard,large,moderate,1,29,1,31.8,1,0,Granted,38.4
17/622903,1600,standard,large,lenient,3,28,18,26.2,2,0,Abandoned,30.3
17/857129,2400,standard,large,moderate,3,17,30,14.4,1,0,Granted,21.3
17/630115,3600,standard,large,moderate,3,16,22,25.8,1,0,Granted,31.5
17/719676,2800,standard,large,moderate,2,21,21,13.8,3,1,Granted,25.8
17/458656,3600,standard,large,lenient,2,20,17,19.5,1,0,Granted,25.1
17/402039,3600,standard,micro,moderate,1,19,8,24.6,3,1,Granted,37.2
17/433246,2600,standard,small,moderate,3,31,22,17.9,3,1,Granted,29.4
17/810073,3600,standard,large,moderate,3,24,20,32.8,1,0,Granted,38.4
17/949972,2600,trackOne,large,lenient,3,19,3,3.2,1,0,Granted,9.8
17/568643,3600,standard,small,strict,3,31,7,35.5,1,0,Granted,40.8
17/510258,2100,standard,micro,lenient,5,18,14,24.1,1,0,Granted,28.9
17/885939,1600,standard,large,strict,5,24,6,27.0,1,0,Granted,32.6
17/299093,2400,standard,large,moderate,3,21,13,23.0,1,0,Granted,28.9
17/555890,2800,standard,large,strict,3,33,16,21.8,1,0,Granted,23.7
17/739357,3700,pph,large,moderate,2,30,9,4.8,3,1,Abandoned,15.2
17/500014,1600,pph,large,moderate,2,29,22,7.1,4,2,Granted,22.9
17/125882,2800,trackOne,small,strict,3,16,6,4.7,1,0,Granted,10.3
17/199674,3600,standard,large,moderate,3,26,9,22.0,1,0,Granted,27.4
17/262585,3700,standard,small,moderate,3,25,19,16.7,1,0,Granted,23.0
17/404413,2400,trackOne,micro,lenient,3,25,10,4.1,1,0,Granted,7.4
17/527247,2400,standard,large,strict,5,29,25,23.4,1,0,Granted,30.6
17/158830,1600,pph,large,strict,2,28,14,6.5,1,0,Granted,9.9
17/178553,2100,standard,large,moderate,2,20,15,25.1,2,0,Abandoned,31.2
17/993486,2800,trackOne,large,moderate,4,31,7,3.3,3,1,Granted,15.0
17/997237,3700,standard,micro,moderate,1,28,14,13.7,3,1,Granted,25.5
17/827371,3700,standard,large,strict,3,30,14,27.8,4,2,Granted,43.5
17/282953,1600,standard,large,moderate,2,22,8,20.1,1,0,Granted,24.7
17/589930,1600,trackOne,small,moderate,3,24,9,4.3,3,1,Granted,17.1
17/129673,3700,standard,small,moderate,3,13,22,14.0,2,0,Abandoned,18.3
17/776200,2600,standard,large,lenient,3,26,2,17.6,1,0,Granted,25.6
17/740157,1600,standard,small,strict,3,29,26,25.0,3,1,Granted,35.4
17/950655,2800,standard,large,moderate,3,25,4,18.3,2,0,Granted,48.6
17/697539,3700,standard,small,moderate,3,32,14,17.0,3,1,Granted,29.1
17/435765,1600,standard,large,moderate,3,33,32,20.4,1,0,Granted,25.6
17/190890,2600,standard,small,strict,4,29,12,26.3,3,1,Granted,39.5
17/376641,1700,standard,large,moderate,4,25,4,16.7,2,0,Abandoned,21.2
17/787338,3600,accelerated,large,lenient,3,32,25,4.8,1,0,Granted,11.2
17/979717,3700,standard,large,strict,3,19,10,14.1,1,0,Granted,19.2
17/513596,3700,standard,large,strict,3,25,12,26.1,1,0,Granted,32.0
17/202950,3600,trackOne,small,moderate,3,24,9,3.4,2,0,Abandoned,27.4
17/203523,3600,standard,large,moderate,2,14,13,24.7,1,0,Granted,30.2
17/330862,2600,standard,small,moderate,3,26,15,16.5,3,1,Granted,28.0
17/513359,1700,standard,large,moderate,3,26,1,13.3,1,0,Granted,19.8
17/291349,2600,standard,small,strict,4,14,6,24.8,1,0,Granted,30.7
17/942185,2800,standard,micro,moderate,3,25,9,16.8,3,1,Granted,29.1
17/986106,2400,standard,large,moderate,3,19,23,16.4,3,1,Granted,29.1
17/237931,2100,standard,large,moderate,4,18,14,26.4,3,1,Granted,39.1
17/623599,2400,standard,large,strict,6,21,13,27.6,2,0,Abandoned,33.0
17/745305,3600,standard,micro,strict,3,28,1,32.0,2,0,Abandoned,58.8
17/377366,1700,trackOne,large,moderate,3,13,10,3.3,3,1,Granted,16.5
17/982498,1600,standard,large,moderate,6,24,8,26.5,1,0,Granted,31.9
17/698256,2100,standard,large,lenient,2,12,5,19.8,3,1,Abandoned,29.3
17/143310,1600,standard,large,moderate,3,29,18,22.2,1,0,Granted,28.4
17/251678,2100,pph,small,strict,3,13,28,5.4,3,1,Abandoned,15.1
17/378621,2600,standard,large,moderate,3,17,2,11.8,1,0,Granted,15.9
17/978301,3600,standard,large,moderate,3,32,32,16.3,2,0,Abandoned,21.6
17/557542,3600,standard,large,lenient,3,32,28,27.2,1,0,Granted,32.4
17/727993,2800,standard,large,strict,3,26,3,16.1,4,2,Granted,32.4
17/790062,2100,pph,large,strict,3,30,22,5.5,1,0,Granted,11.0
17/808540,2800,trackOne,large,moderate,3,30,7,2.5,1,0,Granted,9.6
17/794306,1600,standard,large,moderate,5,20,2,27.2,4,2,Abandoned,41.1
17/930221,2800,standard,large,moderate,3,28,11,20.7,3,1,Granted,32.3
17/634003,2600,trackOne,small,strict,3,30,18,4.7,1,0,Granted,10.8
17/368513,1600,standard,large,lenient,3,22,19,17.4,1,0,Granted,20.9
17/176920,2100,standard,micro,lenient,4,16,28,16.2,1,0,Granted,19.6
17/563060,3700,standard,large,strict,5,29,6,22.1,3,1,Granted,35.2
17/495497,2100,standard,micro,moderate,3,20,21,23.0,1,0,Granted,29.0
17/970470,1700,standard,micro,moderate,4,29,1,18.2,3,1,Granted,31.1
17/290432,2400,standard,small,moderate,3,13,1,13.5,3,1,Granted,25.6
17/247630,2800,standard,small,lenient,3,28,8,17.4,3,1,Granted,28.4
17/819639,2400,standard,small,moderate,3,33,17,25.1,1,0,Granted,31.6
17/201341,2600,standard,small,lenient,3,28,25,16.6,1,0,Granted,21.9
17/951397,1700,standard,large,lenient,3,21,23,28.9,3,1,Granted,40.9
17/255748,2600,standard,small,lenient,3,27,19,20.6,1,0,Granted,25.3
17/401043,2800,standard,large,moderate,4,25,1,7.9,3,1,Granted,19.6
17/532870,3700,standard,small,lenient,3,29,17,11.7,1,0,Granted,16.5
17/604605,1700,standard,large,strict,2,12,3,23.9,1,0,Granted,30.5
17/750146,1600,standard,micro,strict,3,13,2,29.8,3,1,Granted,42.3
17/358442,3700,standard,large,lenient,5,34,19,25.0,1,0,Granted,31.4
17/498164,2400,standard,large,strict,2,27,26,17.1,1,0,Granted,23.1
17/843195,3600,trackOne,small,lenient,3,28,20,4.1,1,0,Granted,7.3
17/972263,2600,standard,large,moderate,3,21,19,18.2,1,0,Granted,24.7
17/129548,2800,standard,large,moderate,3,28,20,10.3,1,0,Granted,16.7
17/828809,2800,standard,large,moderate,3,20,11,16.8,3,1,Granted,28.6
17/854919,1700,trackOne,large,strict,1,28,21,3.7,1,0,Granted,8.9
17/902581,2600,standard,large,strict,6,17,12,21.1,3,1,Granted,33.4
17/947465,2800,standard,small,moderate,3,17,5,9.5,2,0,Abandoned,40.4
17/654879,2400,standard,small,moderate,3,28,16,21.9,1,0,Granted,27.9
17/955870,1700,standard,large,moderate,3,20,19,23.0,1,0,Granted,29.8
17/652732,2400,accelerated,large,lenient,3,14,17,4.1,1,0,Granted,9.9
17/362388,2800,standard,large,lenient,2,13,14,17.6,1,0,Granted,23.2
17/776436,3600,standard,small,moderate,3,32,16,22.6,2,0,Abandoned,53.0
17/751824,2100,pph,micro,strict,5,33,8,4.7,2,0,Abandoned,32.6
17/670197,1600,standard,small,moderate,3,17,15,23.5,1,0,Granted,28.9
17/207338,3700,trackOne,micro,moderate,3,17,24,3.6,2,0,Abandoned,9.7
17/229477,2100,trackOne,small,moderate,2,16,21,4.2,2,0,Abandoned,9.4
17/704700,1700,pph,small,moderate,3,26,1,6.4,1,0,Granted,10.0
17/585826,1600,standard,large,lenient,2,27,9,23.4,1,0,Granted,27.1
17/453642,3700,standard,small,lenient,3,27,12,12.0,3,1,Granted,25.1
17/840730,2600,standard,large,moderate,3,14,18,16.6,1,0,Granted,20.1
17/739143,2800,standard,small,moderate,3,20,24,14.3,1,0,Granted,20.1
17/378723,1600,pph,small,moderate,5,33,23,8.1,1,0,Granted,15.5
17/485038,2400,standard,large,moderate,3,25,18,20.1,2,0,Granted,44.1
17/888619,2600,standard,micro,moderate,3,23,18,18.7,1,0,Granted,25.1
17/963202,2800,standard,large,strict,2,29,8,21.7,1,0,Granted,27.1
17/232730,2100,standard,large,lenient,2,23,4,24.8,4,2,Abandoned,37.8
17/625602,1600,standard,micro,lenient,3,26,2,22.6,1,0,Granted,25.5
17/819953,3700,standard,small,moderate,3,30,22,22.6,4,2,Abandoned,35.5
17/668228,2800,standard,small,moderate,3,20,6,8.6,3,1,Granted,21.2
17/955676,2400,standard,large,lenient,3,28,8,27.3,1,0,Granted,29.8
17/149867,2100,standard,large,moderate,3,20,16,20.6,2,0,Abandoned,25.9
17/853281,1600,trackOne,micro,strict,3,32,10,4.4,3,1,Granted,16.0
17/189011,2600,trackOne,large,moderate,1,25,17,2.5,3,1,Granted,15.6
17/308568,2600,standard,small,strict,4,17,10,22.7,1,0,Granted,29.7
17/161004,1700,standard,small,moderate,3,17,28,20.4,3,1,Granted,33.1
17/420721,3600,standard,micro,strict,3,26,11,29.2,3,1,Granted,41.9
17/726945,1700,standard,large,moderate,3,15,18,18.0,1,0,Granted,22.7
17/608197,3600,standard,micro,lenient,1,30,10,27.7,3,1,Granted,40.1
17/521331,2800,standard,large,moderate,2,17,21,15.0,3,1,Granted,26.9
17/937719,3700,standard,micro,lenient,3,18,13,15.1,1,0,Granted,18.4
17/518105,1700,trackOne,micro,lenient,1,11,20,3.4,1,0,Granted,6.2
17/909949,3700,standard,small,lenient,3,15,10,23.1,2,0,Abandoned,28.1
17/601582,3600,standard,large,strict,3,29,12,30.9,1,0,Granted,36.7
17/858861,3700,standard,large,strict,3,14,9,21.4,1,0,Granted,27.5
17/799276,2100,standard,small,strict,3,17,20,17.7,3,1,Abandoned,26.6
17/126906,3700,standard,small,strict,3,25,3,24.7,1,0,Granted,30.2
17/712458,1700,standard,small,moderate,3,15,25,16.4,2,0,Abandoned,43.9
17/828439,3600,trackOne,micro,moderate,3,30,9,4.2,2,0,Abandoned,36.7
17/339236,3600,trackOne,small,strict,3,18,16,3.6,3,1,Granted,15.5
17/979712,2100,accelerated,large,strict,3,31,28,3.8,1,0,Granted,6.2
17/238489,3700,standard,large,moderate,3,30,5,21.1,3,1,Abandoned,30.5
17/105042,2600,accelerated,large,lenient,2,18,14,4.5,1,0,Granted,9.5
17/124701,1600,standard,micro,moderate,3,19,13,21.8,1,0,Granted,27.8
17/152237,2600,standard,small,moderate,3,21,28,24.7,3,1,Abandoned,33.3
17/562009,3700,standard,small,strict,6,32,1,15.4,1,0,Granted,21.0
17/220858,2600,standard,small,moderate,3,24,12,21.9,3,1,Abandoned,31.8
17/711031,1700,standard,large,strict,2,27,19,16.5,2,0,Abandoned,21.5
17/530924,3600,standard,small,moderate,4,19,24,30.5,3,1,Abandoned,39.1
17/582237,2600,standard,large,lenient,3,32,17,21.9,3,1,Granted,35.1
17/678764,1600,standard,small,moderate,3,28,11,16.1,1,0,Granted,22.2
17/322912,2100,standard,large,strict,3,18,24,25.5,3,1,Granted,38.6
17/616873,1600,pph,small,moderate,3,27,13,4.5,3,1,Granted,17.5
17/198975,3700,standard,large,moderate,2,27,19,22.4,1,0,Granted,29.4
17/996366,2600,standard,large,lenient,3,21,7,19.9,4,2,Abandoned,33.8
17/679340,2100,standard,large,strict,2,18,9,28.0,2,0,Abandoned,33.4
17/739499,2400,standard,small,strict,3,31,22,19.6,1,0,Granted,26.2
17/489040,3600,standard,micro,moderate,2,24,7,31.1,1,0,Granted,36.7
17/857250,1700,trackOne,micro,moderate,6,17,30,4.6,1,0,Granted,10.3
17/267839,2400,standard,large,lenient,4,34,28,11.8,1,0,Granted,15.6
17/644258,3700,standard,large,strict,3,30,1,22.4,1,0,Granted,28.2
17/157766,3600,standard,small,moderate,3,20,16,24.8,1,0,Granted,29.3
17/842426,1700,standard,large,moderate,3,29,2,17.3,3,1,Abandoned,26.7
17/292241,3700,trackOne,large,moderate,2,31,20,3.6,2,0,Granted,31.5
17/737755,1700,trackOne,large,lenient,4,34,2,4.5,1,0,Granted,9.6
17/302042,3600,standard,large,moderate,3,24,14,26.3,2,0,Abandoned,31.4
17/461058,2600,standard,small,lenient,3,21,14,16.9,1,0,Granted,21.4
17/613455,2100,standard,large,moderate,4,33,14,17.8,1,0,Granted,24.6
17/828569,2600,standard,large,lenient,3,25,26,16.1,1,0,Granted,20.4
17/877672,2100,standard,small,moderate,4,28,22,26.3,1,0,Granted,33.7
17/525667,2400,standard,large,moderate,3,18,3,20.9,3,1,Granted,33.8
17/612490,1600,standard,large,lenient,3,21,8,24.3,1,0,Granted,29.3
17/107481,3700,standard,small,strict,3,28,16,15.0,3,1,Granted,28.3
17/508196,2800,standard,large,strict,3,18,19,17.7,2,0,Abandoned,23.0
17/735023,2800,standard,large,moderate,3,24,22,9.5,3,1,Granted,22.5
17/825222,3600,standard,small,strict,5,21,8,32.9,2,0,Abandoned,37.1
17/908588,1600,standard,small,moderate,2,19,13,23.2,1,0,Granted,29.6
17/501635,1600,standard,small,moderate,6,33,10,24.6,1,0,Granted,30.5
17/821249,3600,standard,micro,lenient,3,25,12,26.5,1,0,Granted,29.2
17/489355,3600,standard,large,strict,3,15,13,30.7,2,0,Granted,55.7
17/805196,2100,standard,large,moderate,4,23,2,10.8,1,0,Granted,16.4
17/842505,2100,standard,small,strict,3,29,32,25.3,1,0,Granted,31.4
17/237829,1700,standard,large,moderate,2,16,17,24.5,1,0,Granted,29.6
17/586772,3700,standard,large,moderate,3,30,21,12.7,2,0,Abandoned,16.9
17/669787,3700,pph,large,moderate,3,28,10,4.0,1,0,Granted,9.0
17/884909,2800,standard,small,strict,3,28,9,22.8,3,1,Granted,35.1
17/299994,3600,standard,large,moderate,2,13,25,29.9,1,0,Granted,35.8
17/834087,2600,standard,large,moderate,3,27,18,19.5,3,1,Granted,31.3
17/239431,1700,standard,small,strict,2,30,7,14.4,3,1,Granted,25.3
17/999410,3700,standard,small,lenient,3,18,3,24.3,1,0,Granted,30.7
17/828788,3700,pph,large,strict,3,25,13,4.8,1,0,Granted,7.5
17/242776,2600,standard,large,lenient,2,29,18,12.7,1,0,Granted,19.2
17/900142,1600,standard,small,moderate,3,14,14,26.3,1,0,Granted,32.8
17/784573,1700,standard,large,moderate,1,23,5,25.8,2,0,Granted,48.4
17/203244,1600,standard,micro,moderate,3,28,23,27.0,1,0,Granted,31.4
17/806137,2800,pph,micro,moderate,2,30,6,5.2,1,0,Granted,8.8
17/324328,2600,pph,large,moderate,3,20,16,4.9,2,0,Abandoned,10.4
17/201690,2100,standard,large,strict,4,27,21,27.4,1,0,Granted,33.5
17/912721,2600,standard,large,moderate,3,17,14,21.9,3,1,Granted,34.8
17/249509,2100,standard,small,lenient,3,18,4,14.4,1,0,Granted,19.8
17/489444,3600,standard,micro,lenient,4,34,3,19.3,1,0,Granted,22.4
17/791487,3600,standard,large,moderate,3,33,29,25.8,2,0,Abandoned,31.1
17/356057,3600,standard,large,strict,3,14,19,36.2,3,1,Granted,50.5
17/615801,2800,standard,small,strict,3,15,28,24.4,1,0,Granted,29.3
17/330196,1700,standard,large,lenient,3,32,8,17.9,1,0,Granted,23.3
17/880711,1600,standard,large,strict,3,29,12,34.0,3,1,Granted,47.0
17/665767,2400,standard,small,lenient,4,33,36,21.3,2,0,Abandoned,27.3
17/324100,1600,trackOne,micro,moderate,3,30,12,2.6,1,0,Granted,8.1
17/453232,3600,standard,large,moderate,3,26,8,18.1,3,1,Granted,31.0
17/934560,3600,standard,small,moderate,3,33,20,29.8,1,0,Granted,35.3
17/711444,3600,standard,small,moderate,4,29,15,24.1,1,0,Granted,29.8
17/409871,2800,standard,large,moderate,3,33,30,17.4,1,0,Granted,22.9
17/812957,3600,standard,large,moderate,2,31,7,26.7,2,0,Abandoned,33.4
17/193744,1700,standard,large,strict,2,14,30,12.8,2,0,Abandoned,16.3
17/266023,2800,standard,large,moderate,3,27,8,13.4,1,0,Granted,16.2
17/723978,2600,standard,small,moderate,6,21,22,17.1,1,0,Granted,23.5
17/310128,1600,pph,large,moderate,3,31,16,5.2,2,0,Granted,35.4
17/261695,2800,standard,large,strict,3,20,17,20.4,2,0,Abandoned,25.7
17/143312,2600,standard,micro,strict,2,25,5,26.4,3,1,Granted,39.6
17/177812,2600,standard,large,moderate,3,17,9,11.1,2,0,Abandoned,17.0
17/185821,2800,standard,large,moderate,3,17,11,16.2,3,1,Granted,28.0
17/216499,3600,pph,large,moderate,2,14,26,6.1,3,1,Granted,19.7
17/323428,1600,standard,large,lenient,4,21,7,20.5,1,0,Granted,25.6
17/782826,1600,standard,micro,moderate,3,16,21,17.4,1,0,Granted,23.0
17/964441,2400,standard,large,lenient,2,18,6,15.2,3,1,Granted,27.0
17/287392,2400,standard,large,moderate,3,14,30,17.3,2,0,Abandoned,41.6
17/694569,3600,standard,small,moderate,3,13,26,23.9,1,0,Granted,30.5
17/352944,1700,standard,micro,strict,3,22,1,27.5,2,0,Abandoned,33.0
17/465276,2400,standard,large,moderate,2,14,34,30.2,1,0,Granted,36.0
17/874339,2400,standard,small,moderate,3,27,20,17.6,1,0,Granted,23.2
17/499267,2600,standard,small,strict,3,23,20,19.9,2,0,Granted,55.7
17/673451,3600,standard,large,moderate,3,29,26,14.4,1,0,Granted,20.5
17/138353,3700,standard,large,strict,3,32,24,17.2,3,1,Granted,31.2
17/691901,1700,standard,large,moderate,3,32,1,16.4,3,1,Granted,27.3
17/128841,2400,standard,small,moderate,3,26,18,22.7,1,0,Granted,28.8
17/134554,2100,standard,small,moderate,2,32,21,25.2,3,1,Abandoned,35.0
17/609017,2600,standard,large,moderate,3,23,17,21.4,2,0,Abandoned,26.4
17/294094,3600,standard,micro,strict,3,26,25,30.2,3,1,Granted,43.1
17/376842,1700,trackOne,small,moderate,2,28,12,3.7,3,1,Granted,16.0
17/567790,3600,standard,small,moderate,2,19,11,17.4,3,1,Granted,29.2
17/492237,2100,standard,large,moderate,2,17,16,15.1,2,0,Abandoned,19.9
17/306634,2400,standard,small,moderate,4,26,3,16.8,1,0,Granted,22.0
17/273722,1600,standard,large,moderate,2,20,18,20.8,1,0,Granted,25.4
17/609804,2100,standard,large,moderate,3,33,19,22.2,3,1,Granted,33.2
17/223775,2600,standard,small,moderate,3,20,27,19.7,1,0,Granted,26.4
17/574896,2100,standard,large,moderate,3,16,16,20.9,3,1,Granted,33.4
17/598457,1600,standard,small,moderate,2,31,24,26.6,2,0,Abandoned,32.3
17/356702,1600,standard,large,moderate,4,14,8,21.7,2,0,Granted,52.4
17/289630,1700,standard,small,strict,2,25,30,25.4,3,1,Abandoned,34.6
17/492191,2400,standard,small,moderate,3,33,3,13.5,1,0,Granted,19.2
17/788305,2800,standard,large,lenient,2,13,32,12.3,3,1,Granted,25.5
17/944766,2600,accelerated,large,lenient,3,26,6,6.1,1,0,Granted,9.5
17/715957,2800,standard,large,moderate,3,32,24,16.9,3,1,Abandoned,25.6
17/546180,2100,standard,large,moderate,3,26,5,12.4,1,0,Granted,16.5
17/384845,2100,trackOne,small,moderate,3,28,13,4.5,3,1,Abandoned,16.1
17/925149,3700,standard,large,strict,3,33,17,25.0,2,0,Abandoned,48.0
17/634321,3700,pph,small,lenient,1,12,15,7.8,2,0,Abandoned,12.7
17/549957,3700,standard,small,moderate,3,29,18,20.2,3,1,Granted,33.3
17/703403,2400,standard,small,moderate,3,27,16,22.4,2,0,Abandoned,28.4
17/809017,3700,standard,small,moderate,5,15,14,20.2,4,2,Abandoned,34.2
17/163310,1600,standard,large,strict,4,34,19,27.3,3,1,Granted,39.4
17/744188,2800,standard,large,moderate,3,27,18,13.7,3,1,Granted,25.6
17/287021,2100,standard,large,moderate,3,16,6,23.3,2,0,Granted,54.1
17/591417,1700,standard,small,lenient,2,32,22,15.1,1,0,Granted,20.9
17/361258,1600,standard,large,strict,2,28,19,28.0,1,0,Granted,34.4
17/213499,1700,standard,small,lenient,3,20,20,14.3,1,0,Granted,18.4
17/745403,2400,standard,large,moderate,4,34,11,16.2,1,0,Granted,22.3
17/154732,3600,standard,large,strict,3,15,14,27.3,3,1,Granted,39.9
17/424641,1700,standard,small,moderate,5,18,13,9.0,2,0,Abandoned,14.8
17/908036,3600,standard,large,moderate,5,25,8,20.9,1,0,Granted,27.3
17/140633,2400,standard,large,moderate,3,13,1,17.7,2,0,Abandoned,23.2
17/519743,2400,standard,large,strict,3,18,17,25.2,1,0,Granted,30.9
17/257434,1600,standard,small,strict,3,19,11,31.2,1,0,Granted,38.6
17/697380,3600,standard,small,moderate,3,26,23,28.8,3,1,Granted,41.5
17/851141,2100,standard,large,strict,5,33,22,20.9,4,2,Granted,36.8
17/367673,2800,standard,small,moderate,5,35,17,18.2,1,0,Granted,24.3
17/715093,3600,standard,small,moderate,1,20,23,24.5,4,2,Abandoned,36.9
17/421972,2800,standard,large,strict,3,20,14,16.4,2,0,Abandoned,22.5
17/760389,2800,standard,micro,moderate,1,17,28,21.4,2,0,Abandoned,49.2
17/934308,2600,accelerated,large,moderate,3,25,19,5.2,3,1,Granted,17.8
17/624325,2600,pph,large,strict,3,17,18,5.2,3,1,Granted,16.9
17/335842,2400,standard,large,moderate,3,16,22,20.6,1,0,Granted,27.2
17/355344,2400,standard,large,strict,5,21,17,23.2,4,2,Abandoned,37.1
17/536162,3700,standard,small,moderate,2,17,28,18.2,2,0,Abandoned,24.3
17/678582,2100,pph,large,moderate,3,19,17,9.0,3,1,Abandoned,17.4
17/354534,1600,trackOne,small,lenient,5,19,22,2.5,1,0,Granted,7.4
17/549062,1700,standard,small,strict,3,25,6,21.1,2,0,Granted,42.8
17/226611,3700,standard,large,strict,3,30,31,21.9,2,0,Abandoned,26.7
17/345438,2100,standard,large,moderate,3,25,22,12.9,1,0,Granted,18.3
17/516686,2600,standard,large,moderate,3,21,13,19.9,1,0,Granted,26.8
17/788364,3600,standard,micro,moderate,1,26,37,26.1,1,0,Granted,31.1
17/944383,1600,standard,large,lenient,5,20,28,26.1,3,1,Abandoned,34.7
17/426059,3600,standard,large,strict,4,17,27,31.7,1,0,Granted,36.9
17/848787,1600,trackOne,large,moderate,3,28,1,3.2,3,1,Granted,15.6
17/964317,1700,standard,small,moderate,2,22,7,17.7,3,1,Abandoned,28.2
17/359062,1600,standard,large,lenient,1,23,7,18.4,3,1,Granted,28.9
17/455656,2400,standard,large,strict,3,27,2,26.0,1,0,Granted,32.4
17/233695,2400,standard,large,lenient,3,16,30,17.9,1,0,Granted,21.4
17/199135,2800,accelerated,large,moderate,1,15,4,4.4,1,0,Granted,8.0
17/146541,1700,standard,large,lenient,3,30,16,18.6,2,0,Abandoned,24.7
17/193131,2400,standard,large,moderate,3,27,14,29.6,3,1,Granted,42.4
17/608717,2600,trackOne,small,moderate,3,17,14,4.1,2,0,Abandoned,10.1
17/185160,2100,accelerated,large,moderate,3,15,20,4.9,1,0,Granted,10.0
17/971610,3600,trackOne,large,moderate,3,24,17,4.2,3,1,Granted,17.1
17/617013,1700,standard,large,moderate,3,17,18,19.3,1,0,Granted,25.8
17/699226,3600,pph,large,strict,3,30,18,4.7,1,0,Granted,9.5
17/931479,2800,standard,large,lenient,3,17,10,19.9,1,0,Granted,25.5
17/469571,2100,standard,large,strict,3,25,14,36.3,3,1,Abandoned,45.3
17/736427,2800,standard,micro,lenient,3,29,30,18.4,1,0,Granted,23.3
17/230646,3700,trackOne,large,lenient,4,33,20,2.8,1,0,Granted,5.9
17/272707,1600,standard,large,moderate,3,17,11,20.7,1,0,Granted,27.1
17/967131,1600,standard,small,moderate,3,15,32,26.0,1,0,Granted,31.3
17/274206,2100,standard,small,moderate,3,24,14,22.7,2,0,Abandoned,28.4
17/995778,1700,standard,micro,lenient,4,31,7,18.6,1,0,Granted,23.5
17/816070,2100,standard,large,lenient,3,31,26,13.0,1,0,Granted,19.9
17/384814,1700,standard,small,lenient,4,30,7,20.2,3,1,Granted,31.9
17/539357,3600,standard,large,moderate,2,23,6,32.8,3,1,Granted,46.3
17/583930,2400,standard,small,strict,3,31,17,17.9,3,1,Abandoned,26.8
17/803707,1600,standard,large,moderate,2,18,13,16.0,3,1,Granted,28.4
17/957546,2400,pph,large,moderate,3,24,22,6.8,2,0,Abandoned,12.3
17/391537,3700,standard,large,moderate,2,32,20,15.9,3,1,Granted,28.0
17/117403,1600,standard,large,moderate,3,14,13,22.9,1,0,Granted,28.2
17/481826,3700,standard,large,lenient,3,27,24,23.3,1,0,Granted,29.0
17/411563,2400,trackOne,small,lenient,1,26,19,3.9,1,0,Granted,9.6
17/872741,1700,standard,small,lenient,6,30,24,19.2,1,0,Granted,25.8
17/544267,2400,standard,small,moderate,3,13,16,24.1,1,0,Granted,28.8
17/170547,1700,pph,small,moderate,3,31,10,5.7,2,0,Abandoned,11.3
17/726703,3700,trackOne,large,moderate,3,13,22,4.6,1,0,Granted,10.1
17/294349,2600,accelerated,large,lenient,5,30,15,3.9,1,0,Granted,8.7
17/955533,1600,standard,large,lenient,3,24,6,22.9,2,0,Abandoned,27.7
17/565767,1600,trackOne,micro,strict,3,17,18,3.1,1,0,Granted,9.1
17/409572,3700,standard,small,moderate,4,26,1,19.7,3,1,Abandoned,29.6
17/561995,3600,standard,large,moderate,3,32,12,28.8,3,1,Granted,40.2
17/774723,2600,standard,small,moderate,3,32,9,15.9,3,1,Granted,28.4
17/836454,2600,standard,small,lenient,3,21,5,17.7,1,0,Granted,24.0
17/557067,1600,standard,small,strict,4,17,10,27.9,3,1,Granted,40.0
17/596979,2400,standard,small,strict,3,21,11,21.5,1,0,Granted,26.1
17/288638,2400,pph,large,moderate,3,20,20,4.0,1,0,Granted,12.2
17/392999,2100,trackOne,small,strict,3,22,22,3.6,1,0,Granted,10.7
17/447289,1700,standard,small,moderate,3,25,21,18.3,1,0,Granted,24.7
17/815542,2600,standard,large,strict,3,22,8,24.0,3,1,Granted,36.7
17/935859,1700,trackOne,large,strict,2,16,18,4.2,1,0,Granted,9.7
17/629057,2100,standard,micro,moderate,2,27,15,13.4,3,1,Granted,25.9
17/156756,2800,standard,large,strict,3,20,16,11.6,1,0,Granted,16.7
17/964797,3600,trackOne,large,moderate,3,16,19,3.9,2,0,Abandoned,9.0
17/191344,2100,standard,small,lenient,3,18,4,19.4,1,0,Granted,23.5
17/988411,2400,standard,small,moderate,3,16,5,21.0,2,0,Abandoned,25.7
17/284816,2800,standard,micro,strict,2,12,25,14.8,3,1,Granted,26.9
17/479266,2400,standard,large,strict,2,15,11,18.8,3,1,Granted,31.3
17/550410,1600,accelerated,small,moderate,3,20,8,5.9,1,0,Granted,8.4
17/167795,3600,standard,large,moderate,4,20,8,22.5,4,2,Abandoned,36.5
17/977194,2100,standard,small,moderate,4,27,21,19.9,2,0,Abandoned,25.4
17/963227,2400,standard,large,lenient,3,17,14,17.3,1,0,Granted,23.2
17/717042,2800,standard,micro,moderate,2,12,18,18.7,3,1,Granted,31.6
17/391046,3700,pph,micro,strict,3,28,6,6.0,2,0,Abandoned,10.6
17/534345,2100,standard,small,strict,3,18,8,25.3,1,0,Granted,32.0
17/320544,1600,standard,large,strict,3,16,9,31.6,1,0,Granted,38.4
17/578465,2400,standard,large,lenient,4,19,20,23.8,1,0,Granted,29.4
17/274523,1700,standard,large,lenient,3,19,13,15.9,1,0,Granted,21.6
17/831738,1600,standard,large,moderate,3,16,15,20.5,1,0,Granted,23.8
17/492951,3700,standard,large,lenient,3,22,6,15.4,2,0,Abandoned,37.2
17/918796,3700,standard,large,moderate,3,27,16,17.8,1,0,Granted,24.6
17/748441,2800,standard,large,moderate,2,18,11,16.6,3,1,Granted,29.6
17/317823,2600,standard,small,moderate,3,15,26,13.2,2,0,Abandoned,19.3
17/950421,3700,standard,large,strict,3,32,22,24.0,3,1,Abandoned,34.2
17/973814,2400,standard,small,moderate,3,24,11,15.9,1,0,Granted,20.8
17/679621,2800,standard,micro,strict,3,30,12,20.1,3,1,Granted,32.7
17/791033,2600,standard,large,strict,3,27,18,19.1,3,1,Granted,31.0
17/260158,2100,pph,large,moderate,3,16,11,6.3,1,0,Granted,12.4
17/269955,1600,pph,large,strict,3,20,11,6.4,3,1,Granted,18.5
17/816676,3600,standard,large,lenient,5,15,12,17.2,1,0,Granted,22.2
17/716069,2400,standard,small,moderate,2,31,5,14.7,2,0,Abandoned,20.3
17/545790,2800,standard,large,lenient,3,32,10,15.4,1,0,Granted,20.2
17/904052,1700,standard,small,moderate,3,14,13,25.9,1,0,Granted,32.0
17/408720,3700,standard,small,lenient,3,24,23,15.1,3,1,Abandoned,25.1
17/926504,3600,standard,large,moderate,3,20,10,18.1,3,1,Granted,30.4
17/385374,1700,standard,large,moderate,3,13,16,24.2,1,0,Granted,31.8
17/902750,2600,standard,large,moderate,3,26,10,19.1,3,1,Granted,31.5
17/699775,2400,standard,large,strict,5,35,15,35.4,1,0,Granted,42.0
17/479851,3600,standard,micro,lenient,3,23,8,24.3,2,0,Abandoned,28.8
17/337404,3600,trackOne,micro,strict,3,20,10,4.2,4,2,Granted,20.2
17/385368,2600,standard,large,lenient,3,22,16,11.5,1,0,Granted,17.7
17/807168,2400,standard,large,moderate,3,26,17,13.6,3,1,Granted,25.3
17/834918,3600,standard,large,moderate,3,21,1,27.7,3,1,Granted,40.7
17/286288,1600,standard,large,lenient,3,23,4,19.2,1,0,Granted,22.1
17/356940,3600,standard,large,lenient,3,21,9,16.3,1,0,Granted,22.7
17/688975,2800,standard,small,moderate,1,17,32,8.4,3,1,Granted,19.6
17/964013,1600,standard,large,lenient,2,18,18,20.0,1,0,Granted,26.7
17/557269,2400,pph,micro,strict,3,23,13,7.7,1,0,Granted,13.9
17/337576,2600,standard,large,moderate,2,28,31,16.2,1,0,Granted,22.5
17/491530,1700,standard,large,moderate,2,28,11,14.8,3,1,Abandoned,23.8
17/822379,2400,standard,micro,lenient,1,20,17,16.1,2,0,Abandoned,21.2
17/390269,2600,trackOne,small,strict,3,32,20,3.4,3,1,Abandoned,12.4
17/138138,2400,standard,small,moderate,3,15,4,26.1,1,0,Granted,31.8
17/655554,2600,standard,large,moderate,3,16,8,19.2,1,0,Granted,25.9
17/267130,2400,standard,micro,moderate,6,34,22,26.8,1,0,Granted,33.2
17/741315,3600,accelerated,large,strict,3,25,16,4.4,1,0,Granted,9.3
17/956251,2800,standard,large,moderate,3,32,6,23.7,3,1,Granted,36.3
17/585485,2600,pph,large,strict,3,15,12,4.9,2,0,Abandoned,9.5
17/449188,2800,standard,small,strict,3,21,22,20.0,3,1,Granted,31.5
17/990050,2800,standard,large,lenient,6,16,21,18.2,1,0,Granted,25.2
17/943797,2800,trackOne,small,moderate,3,28,16,5.2,1,0,Granted,8.2
17/960944,1600,standard,large,moderate,5,20,7,25.1,1,0,Granted,31.2
17/538949,3600,standard,small,strict,2,12,20,39.5,1,0,Granted,45.3
17/959944,1700,standard,large,moderate,3,32,1,20.9,3,1,Granted,33.4
17/958446,3600,standard,large,moderate,3,19,14,25.7,1,0,Granted,31.7
17/408070,1600,pph,large,strict,6,31,13,4.0,3,1,Granted,15.6
17/488537,2600,standard,large,lenient,3,22,18,26.2,3,1,Granted,37.7
17/464923,2400,standard,large,moderate,3,21,17,21.4,1,0,Granted,27.5
17/477480,2600,standard,large,moderate,3,19,1,18.2,1,0,Granted,24.7
17/845226,2800,standard,large,lenient,3,23,4,17.9,1,0,Granted,23.1
17/795215,1600,standard,micro,moderate,3,26,16,20.9,3,1,Abandoned,30.3
17/206441,2400,standard,micro,moderate,3,22,18,18.6,2,0,Abandoned,25.8
17/361568,2800,standard,large,lenient,3,18,18,13.5,1,0,Granted,19.9
17/270189,2100,standard,micro,strict,6,19,12,28.6,4,2,Abandoned,42.2
17/195559,1700,standard,large,strict,3,21,12,21.8,4,2,Granted,37.7
17/186032,3700,trackOne,large,lenient,3,32,14,4.4,1,0,Granted,8.6
17/852741,2800,standard,small,strict,5,24,4,20.9,2,0,Granted,48.4
17/712730,3700,standard,small,strict,3,24,16,20.6,1,0,Granted,23.7
17/185681,3600,standard,micro,moderate,3,31,10,19.9,1,0,Granted,24.9
17/583637,2600,standard,large,strict,2,15,24,19.2,3,1,Abandoned,28.6
17/550789,1600,standard,large,lenient,3,22,7,19.3,1,0,Granted,25.4
17/552119,3600,pph,large,moderate,3,26,15,5.5,1,0,Granted,8.7
17/858066,2800,standard,large,lenient,3,33,8,29.0,1,0,Granted,35.6
17/714607,2400,standard,small,moderate,5,31,30,31.1,2,0,Abandoned,35.4
17/834416,3600,standard,large,moderate,3,31,11,27.6,1,0,Granted,34.2
17/617307,2800,standard,large,strict,3,31,2,9.8,1,0,Granted,15.7
17/550938,2800,trackOne,large,moderate,6,33,15,4.2,1,0,Granted,9.4
17/299608,2100,standard,large,lenient,2,13,18,24.3,1,0,Granted,29.8
17/394917,1700,standard,small,lenient,3,22,12,23.6,1,0,Granted,30.8
17/786086,2400,standard,large,moderate,3,20,12,18.5,1,0,Granted,21.7
17/948894,2600,standard,large,moderate,4,33,10,22.9,1,0,Granted,29.2
17/876861,2800,standard,large,moderate,5,22,15,7.1,1,0,Granted,12.4
17/134400,2400,standard,large,moderate,3,21,14,20.9,1,0,Granted,26.5
17/754072,1700,standard,large,strict,3,21,16,28.3,1,0,Granted,34.9
17/746061,1600,standard,large,moderate,3,15,22,25.3,3,1,Granted,38.7
17/266016,2600,standard,small,lenient,3,32,16,14.6,1,0,Granted,21.3
17/682821,2400,standard,small,moderate,3,14,9,16.6,1,0,Granted,23.3
17/702587,3700,accelerated,small,strict,3,26,11,4.0,3,1,Abandoned,12.3
17/440694,3600,trackOne,large,strict,2,23,16,4.0,3,1,Granted,15.5
17/802552,1700,pph,large,lenient,3,13,30,6.6,1,0,Granted,12.1
17/150595,2600,standard,large,moderate,3,30,15,14.8,3,1,Abandoned,23.0
17/569625,2800,standard,small,lenient,2,23,14,15.8,3,1,Abandoned,24.8
17/474727,2800,standard,micro,moderate,3,23,9,14.3,1,0,Granted,19.2
17/566435,1600,standard,small,moderate,3,25,13,18.4,1,0,Granted,25.2
17/728454,2400,accelerated,small,strict,3,21,33,4.3,1,0,Granted,11.1
17/323896,1700,standard,small,moderate,3,23,1,23.7,1,0,Granted,30.3
17/346377,1600,standard,large,lenient,3,20,29,18.5,1,0,Granted,24.9
17/226617,3600,standard,large,moderate,3,14,5,25.2,3,1,Abandoned,34.8
17/130390,3600,pph,large,strict,4,33,30,7.4,1,0,Granted,13.4
17/575762,3700,standard,large,lenient,3,16,8,14.5,2,0,Abandoned,18.0
17/882815,2400,standard,small,lenient,1,27,1,15.6,1,0,Granted,21.6
17/722029,2100,standard,small,moderate,3,28,21,29.8,3,1,Granted,41.7
17/394089,3600,standard,large,moderate,5,20,1,29.8,2,0,Abandoned,34.7
17/739776,2100,pph,small,lenient,4,19,15,5.4,2,0,Abandoned,11.8
17/403647,2400,trackOne,small,strict,2,16,21,4.4,2,0,Abandoned,8.7
17/604921,1600,standard,large,lenient,2,28,8,12.6,2,0,Abandoned,18.6
17/211105,2600,standard,large,lenient,3,30,4,18.3,2,0,Abandoned,23.8
17/139839,1700,standard,large,strict,2,29,9,30.8,2,0,Abandoned,56.8
17/718972,2800,pph,large,moderate,3,21,8,5.1,2,0,Granted,34.2
17/311046,2800,standard,small,lenient,2,24,14,22.7,1,0,Granted,27.9
17/938780,2100,standard,large,strict,1,12,18,28.9,4,2,Abandoned,41.9
17/553178,2400,standard,large,strict,3,28,15,24.5,2,0,Granted,55.0
17/867084,2800,standard,large,strict,4,24,4,17.5,3,1,Granted,29.9
17/288265,2400,standard,micro,moderate,3,29,24,22.0,2,0,Abandoned,28.5
17/872359,3700,standard,large,moderate,3,33,15,18.5,1,0,Granted,24.9
17/207729,2800,standard,large,moderate,3,16,21,16.0,4,2,Abandoned,27.8
17/900139,3600,standard,small,strict,4,17,3,31.0,1,0,Granted,36.8
17/574037,2800,trackOne,large,moderate,2,12,16,4.4,3,1,Granted,16.9
17/911257,1700,standard,large,strict,5,30,29,22.5,1,0,Granted,25.6
17/457836,2800,standard,small,moderate,4,29,20,16.7,2,0,Abandoned,21.1
17/326151,1700,standard,small,lenient,2,23,2,16.8,1,0,Granted,17.7
17/784849,3700,standard,small,moderate,3,33,15,22.3,1,0,Granted,27.8
17/489849,3600,standard,small,moderate,3,13,17,23.5,3,1,Granted,35.5
17/277712,2400,standard,large,moderate,3,14,1,21.6,4,2,Granted,37.0
17/805511,2100,standard,small,lenient,1,20,24,20.0,1,0,Granted,25.9
17/318383,2800,standard,large,lenient,3,33,7,13.7,1,0,Granted,18.6
17/848423,2400,standard,micro,moderate,3,14,26,21.1,1,0,Granted,26.0
17/399958,3700,standard,large,moderate,3,17,20,18.1,3,1,Granted,31.4
17/790223,2800,standard,large,moderate,2,23,13,9.4,2,0,Abandoned,13.7
17/638255,2100,accelerated,micro,moderate,6,29,1,4.8,3,1,Granted,16.4
17/696025,1600,standard,large,strict,3,18,10,32.9,1,0,Granted,37.8
17/901079,2400,standard,large,moderate,3,22,28,18.0,3,1,Granted,30.8
17/244729,2600,trackOne,large,lenient,5,16,11,3.4,3,1,Granted,14.6
17/906829,3600,standard,large,moderate,3,27,7,28.1,2,0,Abandoned,32.3
17/563781,2600,standard,large,strict,3,19,12,20.5,3,1,Granted,32.9
17/898340,3600,standard,small,strict,3,29,8,26.4,3,1,Granted,38.1
17/167073,2600,standard,large,lenient,4,30,17,19.2,3,1,Granted,31.1
17/644966,2600,standard,large,lenient,4,28,15,19.7,1,0,Granted,26.1
17/435871,1600,standard,large,moderate,3,14,9,24.3,1,0,Granted,29.6
17/802690,2400,accelerated,large,lenient,2,18,9,6.6,1,0,Granted,11.3
17/909710,1600,standard,large,lenient,3,14,13,17.2,1,0,Granted,23.0
17/868322,2800,pph,large,lenient,3,29,12,4.9,1,0,Granted,10.2
17/322353,2600,standard,large,lenient,3,24,18,17.9,1,0,Granted,22.2
17/618487,3600,standard,large,moderate,3,32,18,29.4,1,0,Granted,36.3
17/307708,1700,standard,large,strict,3,14,9,28.3,1,0,Granted,35.2
17/907723,3700,standard,large,strict,2,17,20,12.4,3,1,Granted,25.6
17/587646,2800,standard,large,moderate,2,25,11,8.5,3,1,Abandoned,17.7
17/296100,2100,standard,large,lenient,4,17,12,19.9,3,1,Granted,31.1
17/804406,2600,standard,micro,lenient,2,31,13,13.1,3,1,Abandoned,23.1
17/698745,2800,standard,large,moderate,3,20,19,24.3,3,1,Abandoned,33.8
17/486481,1700,standard,large,moderate,3,18,24,27.9,3,1,Granted,40.2
17/933460,2100,standard,large,lenient,3,19,20,20.5,1,0,Granted,22.9
17/873609,2100,trackOne,large,strict,4,14,9,3.9,1,0,Granted,6.3
17/327683,1700,standard,small,strict,3,32,1,26.2,2,0,Abandoned,32.3
17/818281,2100,standard,small,moderate,4,21,30,21.8,3,1,Granted,33.6
17/811112,3700,standard,large,strict,2,19,12,22.2,3,1,Granted,36.3
17/391978,2400,standard,large,lenient,5,32,1,16.7,1,0,Granted,21.7
17/621409,2100,standard,large,moderate,3,22,18,20.5,2,0,Abandoned,26.5
17/197108,1700,standard,large,lenient,3,20,17,23.7,2,0,Abandoned,28.9
17/530065,2600,trackOne,small,moderate,3,19,23,2.5,3,1,Abandoned,11.6
17/130726,3700,standard,large,strict,3,22,17,17.1,3,1,Granted,30.8
17/564643,3600,standard,micro,moderate,3,23,18,34.0,2,0,Abandoned,40.1
17/393255,2400,trackOne,micro,lenient,4,25,6,4.9,2,0,Granted,33.3
17/138246,2100,standard,micro,lenient,1,15,14,14.2,1,0,Granted,20.3
17/918420,1700,standard,large,lenient,3,29,17,15.9,1,0,Granted,21.0
17/422222,1600,standard,small,lenient,4,22,9,24.4,4,2,Abandoned,37.2
17/697141,3700,standard,large,strict,2,21,21,21.4,3,1,Granted,33.8
17/962771,2600,standard,large,strict,3,30,30,18.9,1,0,Granted,24.4
17/369782,1600,standard,large,moderate,6,22,4,32.8,3,1,Granted,45.6
17/836621,3700,standard,small,lenient,2,28,17,17.0,1,0,Granted,22.7
17/595206,3700,standard,large,lenient,3,30,6,15.9,2,0,Abandoned,42.2
17/911401,2100,trackOne,large,moderate,2,15,5,3.1,1,0,Granted,8.6
17/631553,2600,standard,large,moderate,3,31,22,14.2,3,1,Granted,26.5
17/234439,2100,standard,large,lenient,1,16,1,20.7,1,0,Granted,28.1
17/531658,1700,standard,large,strict,3,26,16,19.1,2,0,Granted,41.1
17/404924,1600,trackOne,small,moderate,2,20,5,5.8,1,0,Granted,11.8
17/635780,3700,standard,small,strict,3,18,23,25.6,3,1,Granted,37.8
17/132727,2800,standard,large,moderate,3,14,10,10.6,2,0,Granted,45.5
17/158684,2600,standard,small,lenient,3,30,15,13.1,1,0,Granted,15.9
17/513395,2100,standard,small,moderate,3,23,12,14.7,3,1,Granted,26.8
17/262042,3700,standard,large,moderate,3,22,15,20.4,1,0,Granted,26.5
17/977847,2800,standard,small,moderate,3,14,12,9.4,3,1,Granted,20.9
17/625250,2800,standard,large,moderate,4,22,12,13.6,1,0,Granted,19.7
17/536076,1700,standard,large,moderate,3,16,19,16.8,1,0,Granted,23.8
17/986668,2100,standard,large,moderate,3,20,13,31.8,3,1,Granted,45.6
17/420153,2100,standard,small,moderate,3,28,3,26.7,1,0,Granted,33.2
17/577407,3600,standard,large,strict,3,23,18,28.5,2,0,Granted,60.8
17/129284,3700,standard,large,lenient,4,33,4,15.7,1,0,Granted,22.0
17/870011,2100,pph,small,moderate,3,18,13,4.9,1,0,Granted,9.6
17/871499,2100,accelerated,small,moderate,4,27,6,4.8,1,0,Granted,7.4
17/305260,1700,standard,small,lenient,3,32,13,14.9,4,2,Abandoned,28.9
17/788405,3600,standard,small,moderate,3,28,16,22.4,2,0,Abandoned,26.7
17/383044,3600,standard,small,strict,3,20,14,27.4,1,0,Granted,33.3
17/327840,2800,standard,large,moderate,3,27,6,16.4,3,1,Granted,29.3
17/422035,2400,standard,small,lenient,3,29,10,10.0,2,0,Abandoned,39.6
17/530343,2100,standard,large,moderate,3,33,8,23.9,1,0,Granted,27.2
17/449184,3600,pph,micro,strict,3,27,28,5.1,1,0,Granted,7.9
17/806140,1600,pph,large,moderate,3,29,1,5.8,1,0,Granted,12.8
17/901284,2100,standard,large,strict,3,33,23,28.2,1,0,Granted,34.7
17/440751,1600,standard,small,lenient,3,28,21,24.8,1,0,Granted,28.0
17/331458,2600,trackOne,small,moderate,4,25,1,3.8,1,0,Granted,8.6
17/131025,3700,standard,micro,moderate,3,21,32,16.9,1,0,Granted,24.3
17/615725,1600,standard,large,lenient,4,31,1,23.2,2,0,Abandoned,28.1
17/884320,1600,pph,large,moderate,3,24,16,5.3,1,0,Granted,11.0
17/211151,2600,standard,large,moderate,3,17,3,17.4,1,0,Granted,22.4
17/695531,2100,standard,large,moderate,3,27,34,21.0,2,0,Abandoned,25.9
17/855565,2800,trackOne,small,strict,1,27,1,3.5,3,1,Granted,16.6
17/557558,2100,pph,large,moderate,3,26,23,6.7,1,0,Granted,12.2
17/559621,1600,standard,small,moderate,3,32,11,20.9,3,1,Abandoned,29.0
17/867643,2600,standard,large,moderate,3,23,21,18.6,1,0,Granted,24.0
17/180399,2100,standard,small,lenient,3,26,17,18.4,1,0,Granted,24.0
17/616461,2800,standard,small,moderate,5,15,15,6.0,1,0,Granted,13.3
17/440174,3700,standard,small,moderate,3,17,13,19.7,2,0,Abandoned,25.3
17/996930,2400,standard,small,strict,3,15,21,26.1,3,1,Granted,37.7
17/485932,1700,pph,large,strict,3,18,14,6.9,2,0,Abandoned,12.5
17/693307,3600,standard,large,moderate,5,32,15,24.9,1,0,Granted,27.8
17/278129,3700,standard,large,lenient,3,14,18,12.4,1,0,Granted,18.6
17/953566,2600,standard,small,moderate,1,15,13,23.2,4,2,Abandoned,35.9
17/352493,3700,pph,large,lenient,3,29,11,7.2,1,0,Granted,11.1
17/176594,2400,standard,small,moderate,3,31,7,16.5,1,0,Granted,21.1
17/110956,1600,standard,large,moderate,6,18,14,21.2,1,0,Granted,26.6
17/971124,3600,standard,micro,strict,3,15,8,28.3,2,0,Abandoned,54.6
17/446497,3700,standard,small,lenient,3,26,5,13.3,2,0,Abandoned,17.9
17/985048,3600,trackOne,large,moderate,4,24,13,2.5,1,0,Granted,7.8
17/150462,2800,standard,large,moderate,3,32,24,13.6,3,1,Granted,25.6
17/377214,2800,standard,large,moderate,3,20,14,18.5,1,0,Granted,24.2
17/737322,3700,trackOne,large,moderate,4,33,13,3.9,3,1,Granted,16.4
17/105637,3700,standard,small,moderate,3,13,26,24.6,3,1,Granted,37.2
17/140762,3600,standard,large,lenient,3,21,35,16.5,2,0,Abandoned,21.9
17/468156,2100,standard,large,moderate,3,20,17,24.5,1,0,Granted,30.6
17/324548,1700,standard,large,strict,3,26,8,20.5,1,0,Granted,26.6
17/798114,2600,trackOne,small,moderate,3,14,8,2.5,3,1,Granted,15.1
17/739077,2600,trackOne,large,moderate,2,18,8,3.0,3,1,Granted,15.2
17/783879,2600,standard,small,strict,2,23,4,20.7,2,0,Abandoned,53.1
17/489165,2600,standard,large,strict,6,20,15,26.4,2,0,Abandoned,30.8
17/935455,2800,pph,large,lenient,4,22,28,6.0,1,0,Granted,11.9
17/310275,3700,standard,large,lenient,2,16,21,16.1,3,1,Granted,29.1
17/878471,2800,standard,small,moderate,6,29,24,12.9,1,0,Granted,17.8
17/684849,3600,standard,large,strict,3,28,9,21.9,1,0,Granted,27.6
17/282516,1700,standard,small,moderate,3,33,25,13.9,1,0,Granted,19.3
17/756349,2800,pph,micro,moderate,3,23,6,6.8,2,0,Abandoned,11.1
17/450549,2800,standard,small,moderate,3,23,10,17.1,1,0,Granted,23.1
17/604131,2100,pph,large,moderate,1,20,4,6.2,1,0,Granted,10.8
17/697446,3600,trackOne,large,moderate,3,28,11,3.6,4,2,Granted,19.3
17/239698,2400,standard,small,lenient,4,34,5,23.9,2,0,Abandoned,29.0
17/156502,2400,standard,small,lenient,3,21,20,14.7,2,0,Abandoned,20.5
17/605224,2600,trackOne,large,moderate,2,21,22,4.5,1,0,Granted,7.5
17/646241,2600,trackOne,large,lenient,2,31,9,2.9,1,0,Granted,8.3
17/627066,1600,standard,large,moderate,5,25,4,17.7,3,1,Granted,30.2
17/946817,1700,trackOne,small,lenient,3,17,4,3.8,1,0,Granted,10.1
17/103618,1600,standard,small,lenient,3,25,11,21.7,1,0,Granted,27.3
17/804917,3700,pph,small,moderate,3,29,12,5.5,1,0,Granted,12.1
17/201415,1600,standard,large,moderate,6,20,14,14.8,2,0,Abandoned,45.0
17/179204,3600,standard,small,strict,4,29,5,32.9,1,0,Granted,39.3
17/567385,3700,standard,large,moderate,3,18,21,17.1,1,0,Granted,23.2
17/920443,1600,standard,small,moderate,3,28,6,30.8,1,0,Granted,36.9
17/520606,3600,standard,micro,lenient,3,23,15,23.4,2,0,Abandoned,28.2
17/876375,2800,standard,small,lenient,3,20,16,19.8,1,0,Granted,25.4
17/313079,3600,standard,micro,strict,3,14,22,27.9,1,0,Granted,32.5
17/196493,1700,standard,large,moderate,3,15,7,21.5,2,0,Abandoned,25.5
17/930004,2600,standard,large,strict,3,26,14,20.9,3,1,Granted,33.2
17/189091,3600,standard,large,strict,4,33,26,28.0,1,0,Granted,33.5
17/340270,2600,standard,large,moderate,2,21,14,17.0,4,2,Abandoned,29.1
17/898919,1600,standard,small,strict,3,27,34,27.4,4,2,Granted,43.5
17/220633,2400,standard,small,strict,3,30,15,32.5,1,0,Granted,37.7
17/728207,2600,standard,large,moderate,4,24,9,19.9,3,1,Granted,30.9
17/503049,2100,standard,small,moderate,3,24,14,25.0,3,1,Granted,37.7
17/206863,1700,standard,large,moderate,4,18,19,17.3,1,0,Granted,24.0
17/522516,2400,standard,small,strict,3,15,12,25.4,1,0,Granted,31.5
17/571628,2400,trackOne,micro,moderate,5,18,15,2.5,1,0,Granted,6.2
17/975232,2800,standard,small,moderate,3,27,20,19.2,3,1,Granted,32.1
17/859372,2800,standard,small,moderate,4,33,16,19.1,3,1,Granted,30.5
17/646727,2100,standard,small,moderate,6,32,20,22.9,1,0,Granted,27.8
17/701228,2400,standard,large,moderate,3,25,15,21.2,3,1,Abandoned,31.1
17/837447,1700,standard,large,moderate,3,23,22,22.2,2,0,Abandoned,27.6
17/486701,3700,trackOne,large,strict,3,24,21,3.5,1,0,Granted,9.4
17/320012,1600,pph,small,moderate,3,22,1,5.2,1,0,Granted,11.3
17/535070,2600,standard,micro,moderate,3,18,13,16.8,1,0,Granted,24.2
17/165982,2600,trackOne,large,moderate,4,20,11,4.7,1,0,Granted,10.2
17/290041,3600,standard,large,moderate,3,15,1,28.4,4,2,Granted,44.5
17/791770,2600,trackOne,large,moderate,3,32,15,3.3,3,1,Granted,16.2
17/759600,3700,standard,small,lenient,3,26,34,20.9,3,1,Granted,32.6
17/688517,3700,standard,micro,moderate,3,15,19,23.6,1,0,Granted,29.4
17/929696,2800,pph,large,moderate,3,28,25,7.0,3,1,Granted,19.1
17/996600,1600,standard,large,strict,2,29,20,21.8,2,0,Abandoned,47.3
17/611459,2400,pph,small,moderate,1,23,21,4.4,3,1,Abandoned,14.4
17/824486,2600,standard,small,moderate,4,20,23,21.0,1,0,Granted,23.9
17/160440,2800,standard,micro,moderate,3,20,17,8.9,3,1,Granted,21.5
17/347296,1700,standard,large,strict,4,18,3,24.3,2,0,Abandoned,29.2
17/183509,1600,standard,large,moderate,3,19,10,28.5,2,0,Abandoned,34.2
17/193828,2400,standard,large,moderate,3,13,13,19.4,3,1,Granted,31.0
17/377495,3600,pph,large,strict,3,21,16,5.9,3,1,Granted,19.0
17/980468,3700,trackOne,large,lenient,2,19,15,3.6,1,0,Granted,5.4
17/885048,3600,standard,micro,moderate,3,20,29,24.8,1,0,Granted,29.3
17/419627,2100,standard,small,lenient,2,15,28,23.1,1,0,Granted,28.5
17/817644,3600,standard,large,moderate,3,19,12,23.0,3,1,Abandoned,32.0
17/203834,2600,standard,large,strict,3,25,10,18.5,1,0,Granted,23.8
17/214052,2800,trackOne,large,strict,6,25,23,4.7,3,1,Granted,17.3
17/666033,1600,trackOne,small,moderate,5,33,6,3.6,1,0,Granted,7.2
17/690995,3600,standard,small,lenient,3,19,11,20.7,3,1,Granted,34.3
17/932625,1600,standard,large,strict,4,24,18,36.2,2,0,Granted,68.9
17/543883,3700,standard,small,strict,3,24,13,20.1,3,1,Granted,33.2
17/276984,2400,standard,small,lenient,2,13,21,12.8,1,0,Granted,18.1
17/336665,3600,standard,large,moderate,2,19,9,32.8,4,2,Granted,49.6
17/971709,2100,standard,small,moderate,2,14,17,25.1,2,0,Abandoned,29.4
17/870545,2600,standard,large,moderate,3,17,15,18.1,1,0,Granted,23.0
17/753544,2400,accelerated,micro,lenient,3,25,20,5.8,3,1,Granted,19.2
17/999001,1700,accelerated,small,moderate,4,17,22,4.3,1,0,Granted,10.3
17/831310,2600,trackOne,large,moderate,3,16,22,3.0,3,1,Granted,14.5
17/671460,3600,standard,large,lenient,3,26,25,23.9,1,0,Granted,26.2
17/650657,3600,standard,large,moderate,5,16,25,29.6,1,0,Granted,35.1
17/397032,1700,trackOne,small,strict,3,17,10,3.4,3,1,Granted,14.5
17/447213,2400,standard,large,moderate,3,30,4,21.7,1,0,Granted,27.6
17/104287,3600,standard,large,strict,2,26,28,30.6,1,0,Granted,37.9
17/327786,1700,standard,small,lenient,1,13,16,18.4,3,1,Granted,31.8
17/819814,3700,standard,small,moderate,3,21,17,19.0,2,0,Abandoned,23.4
17/740934,2400,trackOne,large,moderate,3,26,16,3.4,1,0,Granted,8.2
17/227163,2800,standard,small,lenient,3,31,11,22.4,1,0,Granted,25.1
17/329453,2400,pph,micro,moderate,4,23,9,5.1,3,1,Granted,18.0
17/518954,3600,standard,small,moderate,3,32,1,27.9,1,0,Granted,33.6
17/886316,3600,standard,micro,lenient,2,26,25,23.6,1,0,Granted,29.6
17/696618,2800,standard,large,moderate,3,28,12,15.6,3,1,Granted,28.4
17/166728,1700,standard,large,moderate,5,32,23,25.5,1,0,Granted,31.6
17/905890,2400,standard,large,moderate,3,24,15,24.3,4,2,Granted,40.3
17/666211,2600,standard,large,strict,3,22,13,21.2,1,0,Granted,26.5
17/324382,2800,trackOne,small,lenient,3,29,5,4.1,3,1,Granted,16.9
17/984239,2800,standard,large,moderate,2,24,3,15.4,1,0,Granted,20.8
17/642673,3700,standard,large,moderate,3,26,9,18.3,1,0,Granted,25.1
17/772564,2100,standard,small,strict,2,30,11,33.0,3,1,Abandoned,41.3
17/706210,2800,standard,large,moderate,3,19,17,25.3,1,0,Granted,29.6
17/668937,1700,standard,large,moderate,3,32,25,19.8,2,0,Abandoned,25.2
17/524640,2100,trackOne,small,strict,3,13,20,2.9,3,1,Granted,16.0
17/903591,2400,standard,small,moderate,2,24,8,21.1,1,0,Granted,26.5
17/678928,1600,standard,small,moderate,3,32,28,27.3,1,0,Granted,32.9
17/101503,1600,standard,large,moderate,3,15,6,22.8,1,0,Granted,25.2
17/741087,1700,standard,large,moderate,3,23,3,18.9,1,0,Granted,24.8
17/809733,1600,standard,large,moderate,4,28,8,25.0,3,1,Granted,36.1
17/756277,2400,standard,small,moderate,3,33,11,20.7,4,2,Granted,36.9
17/781704,3600,standard,large,moderate,3,14,15,22.8,1,0,Granted,28.6
17/364005,3600,trackOne,small,moderate,2,18,9,3.9,1,0,Granted,10.6
17/195891,2800,standard,small,moderate,3,15,18,21.8,1,0,Granted,27.9
17/389170,1700,standard,small,moderate,5,23,8,20.7,1,0,Granted,25.9
17/191621,1700,standard,small,moderate,3,20,6,20.8,1,0,Granted,27.7
17/811013,1700,standard,small,strict,3,21,1,22.7,3,1,Granted,34.4
17/161587,3600,standard,micro,lenient,1,19,19,21.7,3,1,Granted,33.8
17/976332,2800,standard,large,lenient,2,19,6,8.0,2,0,Granted,37.0
17/527563,1700,standard,large,lenient,3,15,14,14.4,1,0,Granted,20.9
17/721615,2100,standard,small,strict,3,27,33,20.6,2,0,Abandoned,51.1
17/818571,3700,standard,large,moderate,3,18,12,23.9,1,0,Granted,29.1
17/980779,1700,standard,large,strict,4,14,4,20.2,2,0,Abandoned,25.2
17/663371,2400,standard,micro,strict,3,28,15,21.5,2,0,Abandoned,25.9
17/639378,2400,standard,small,moderate,3,23,10,26.5,1,0,Granted,31.3
17/538333,2400,standard,large,lenient,3,26,16,24.8,1,0,Granted,31.0
17/100979,2100,standard,small,lenient,4,26,1,19.2,1,0,Granted,25.4
17/872759,1700,pph,small,strict,3,21,5,5.2,1,0,Granted,12.2
17/606121,3700,standard,small,moderate,2,32,23,17.3,1,0,Granted,23.6
17/964082,3700,trackOne,large,moderate,1,26,17,4.2,3,1,Abandoned,12.8
17/384850,3700,standard,large,strict,3,21,15,23.9,2,0,Abandoned,29.8
17/473081,1700,standard,small,strict,3,28,11,21.0,3,1,Granted,32.3
17/952036,3700,standard,large,lenient,3,16,2,16.5,2,0,Abandoned,21.3
17/538190,2600,standard,large,moderate,2,19,22,12.2,1,0,Granted,18.2
17/992350,2100,standard,large,strict,3,18,14,30.8,3,1,Granted,43.1
17/555090,2800,standard,small,lenient,3,25,9,14.4,3,1,Granted,26.5
17/485509,1700,standard,micro,moderate,3,30,21,18.9,1,0,Granted,24.8
17/890284,2100,standard,small,moderate,3,14,22,27.0,1,0,Granted,29.7
17/872633,1600,standard,large,lenient,2,12,12,17.5,1,0,Granted,20.9
17/941756,1700,standard,large,moderate,3,24,5,23.7,1,0,Granted,27.6
17/665124,1600,standard,large,lenient,2,22,13,13.6,1,0,Granted,18.7
17/249562,2100,standard,large,lenient,3,20,15,23.1,1,0,Granted,27.4
17/153903,2800,standard,large,strict,4,33,17,20.3,1,0,Granted,25.7
17/283680,2400,standard,large,moderate,1,19,2,16.6,2,0,Abandoned,21.0
17/546260,3600,standard,micro,lenient,4,19,20,21.9,1,0,Granted,25.6
17/443779,2400,pph,small,strict,4,34,19,7.1,1,0,Granted,10.2
17/964027,3700,trackOne,small,moderate,3,21,23,3.7,3,1,Granted,16.3
17/398686,3700,trackOne,small,strict,3,29,6,3.2,1,0,Granted,6.1
17/453977,1600,standard,large,moderate,3,15,21,24.1,3,1,Granted,36.9
17/640349,2600,standard,large,moderate,4,29,14,16.7,2,0,Abandoned,45.4
17/879547,1700,trackOne,large,moderate,3,25,23,4.7,1,0,Granted,10.2
17/715726,2600,pph,small,moderate,2,18,16,4.3,1,0,Granted,10.4
17/134042,3600,standard,large,moderate,4,29,27,30.6,1,0,Granted,35.7
17/390623,2100,trackOne,small,moderate,3,17,19,4.7,3,1,Granted,15.8
17/499435,1700,standard,small,moderate,2,21,6,24.1,3,1,Granted,36.2
17/176030,2100,standard,large,moderate,3,22,5,24.1,3,1,Abandoned,32.3
17/267564,3700,standard,large,strict,3,29,10,23.8,3,1,Granted,35.8
17/526042,1600,standard,large,strict,3,16,11,26.8,3,1,Abandoned,36.3
17/672435,3600,trackOne,small,strict,3,33,21,2.9,2,0,Abandoned,7.6
17/871966,3700,standard,large,moderate,2,13,15,25.7,3,1,Abandoned,34.3
17/822756,1600,standard,large,lenient,3,20,5,27.0,3,1,Granted,39.6
17/668500,1700,standard,large,lenient,3,13,30,16.7,3,1,Granted,29.0
17/805357,2600,standard,large,lenient,3,18,16,28.2,1,0,Granted,31.3
17/298749,2400,standard,small,moderate,3,22,5,20.2,1,0,Granted,26.0
17/263060,2600,standard,small,strict,3,31,30,17.2,3,1,Granted,29.8
17/471975,1600,standard,large,lenient,6,29,2,21.2,1,0,Granted,25.9
17/968084,2100,trackOne,small,moderate,3,29,13,3.2,3,1,Granted,15.4
17/244909,2600,standard,small,strict,3,28,28,25.3,1,0,Granted,30.3
17/314174,2400,standard,large,strict,5,28,21,30.3,1,0,Granted,37.3
17/199564,2400,standard,small,moderate,4,16,17,28.5,1,0,Granted,34.8
17/534681,2100,standard,small,moderate,4,18,4,21.0,3,1,Granted,32.9
17/536988,1600,standard,large,strict,3,22,11,16.9,3,1,Abandoned,26.5
17/557968,1700,pph,small,lenient,1,28,27,5.4,3,1,Granted,18.8
17/404725,2100,standard,small,moderate,3,28,12,19.3,3,1,Granted,31.2
17/824959,3700,standard,micro,lenient,3,17,10,18.4,1,0,Granted,24.0
17/950538,2800,accelerated,large,moderate,2,19,15,5.9,3,1,Granted,17.3
17/100902,3700,standard,micro,moderate,2,22,9,16.5,4,2,Granted,32.6
17/607481,2400,standard,large,strict,3,31,1,21.5,1,0,Granted,26.4
17/892751,1700,standard,large,moderate,5,19,3,20.5,1,0,Granted,25.9
17/391623,2400,standard,micro,moderate,4,27,29,24.7,1,0,Granted,29.3
17/624830,2100,trackOne,large,lenient,3,13,14,2.5,3,1,Granted,13.8
17/779302,2600,standard,large,moderate,1,29,12,18.2,1,0,Granted,23.9
17/195793,1700,standard,large,lenient,4,32,10,14.4,1,0,Granted,21.0
17/307274,1700,standard,small,moderate,3,30,24,15.3,1,0,Granted,18.0
17/536724,3600,trackOne,large,lenient,3,20,21,2.5,1,0,Granted,8.1
17/653877,3600,standard,small,strict,3,18,12,30.9,1,0,Granted,37.0
17/652295,2600,trackOne,micro,moderate,2,21,9,2.9,1,0,Granted,8.7
17/871987,3600,standard,small,moderate,6,21,19,26.3,3,1,Granted,38.0
17/194480,3700,trackOne,large,lenient,3,25,25,2.7,1,0,Granted,8.0
17/476704,2400,pph,small,moderate,3,15,11,5.5,3,1,Granted,17.9
17/625589,2800,standard,small,strict,3,14,19,13.0,1,0,Granted,20.0
17/744626,2400,standard,large,moderate,5,17,1,22.5,1,0,Granted,29.2
17/429656,1600,standard,large,moderate,2,26,15,27.4,3,1,Abandoned,37.3
17/431084,1700,standard,large,strict,1,15,3,28.2,1,0,Granted,33.8
17/994895,2600,standard,large,moderate,3,19,15,18.1,1,0,Granted,24.7
17/484256,3600,standard,small,moderate,3,22,26,26.0,1,0,Granted,30.7
17/782915,1600,standard,large,moderate,3,32,14,24.2,3,1,Granted,36.3
17/812930,1600,standard,large,lenient,4,33,28,20.6,1,0,Granted,25.7
17/943178,3600,accelerated,small,lenient,3,33,5,4.2,2,0,Granted,26.8
17/184436,1600,pph,small,moderate,6,21,9,7.2,1,0,Granted,12.7
17/967078,2800,trackOne,small,moderate,3,13,18,3.7,3,1,Abandoned,13.0
17/983590,2600,standard,small,lenient,3,26,13,9.8,1,0,Granted,15.5
17/760465,1700,standard,large,moderate,2,28,14,14.9,1,0,Granted,21.1
17/982878,1600,standard,small,lenient,2,17,26,26.2,3,1,Granted,38.1
17/453984,3600,standard,small,moderate,3,27,7,23.4,1,0,Granted,30.3
17/587051,3600,standard,large,lenient,3,31,21,20.4,1,0,Granted,23.0
17/318121,2600,standard,large,moderate,2,13,17,25.0,3,1,Granted,37.2
17/191730,3600,pph,large,moderate,1,25,8,4.5,3,1,Granted,18.2
17/108780,2100,standard,small,moderate,2,19,8,26.3,3,1,Abandoned,35.4
17/231972,3700,standard,small,strict,3,18,19,19.8,3,1,Granted,31.6
17/503645,2100,standard,large,moderate,4,20,12,24.4,1,0,Granted,29.5
17/545209,2400,standard,large,lenient,4,19,11,21.5,1,0,Granted,27.4
17/926913,2600,standard,small,lenient,3,18,24,12.7,1,0,Granted,18.2
17/776820,2800,standard,large,moderate,3,29,16,15.8,2,0,Abandoned,19.8
17/245395,2400,trackOne,micro,strict,3,14,16,3.7,1,0,Granted,10.1
17/937877,1600,trackOne,large,moderate,1,27,1,3.4,1,0,Granted,8.8
17/729057,2600,standard,small,moderate,2,12,10,18.5,1,0,Granted,25.6
17/401875,2100,standard,large,moderate,5,20,5,25.7,3,1,Granted,37.9
17/985385,1600,standard,small,strict,2,16,15,32.2,2,0,Abandoned,38.8
17/371447,1700,standard,small,lenient,3,22,29,22.3,1,0,Granted,28.4
17/304856,1600,standard,micro,strict,2,14,15,19.6,2,0,Abandoned,48.0
17/584370,1700,standard,small,moderate,3,15,14,21.2,3,1,Abandoned,30.9
17/441302,1600,standard,large,lenient,4,26,11,21.3,1,0,Granted,23.8
17/970558,1700,standard,large,moderate,3,29,21,17.8,1,0,Granted,23.5
17/220623,1600,standard,large,lenient,2,19,6,13.7,1,0,Granted,17.3
17/958730,1700,pph,small,strict,2,20,13,5.4,3,1,Abandoned,16.0
17/249454,2600,standard,small,lenient,3,18,15,19.7,1,0,Granted,22.8
17/651846,3700,standard,large,strict,3,21,8,17.7,1,0,Granted,22.5
17/130123,2800,standard,micro,moderate,5,34,8,12.5,2,0,Granted,41.0
17/309210,3600,standard,large,moderate,3,24,28,26.0,1,0,Granted,33.1
17/232408,2600,standard,large,moderate,3,24,20,24.0,1,0,Granted,28.9
17/657769,3600,standard,small,moderate,3,21,15,18.8,1,0,Granted,25.0
17/332604,3700,trackOne,large,moderate,4,23,18,2.9,1,0,Granted,5.6
17/133458,3700,standard,small,moderate,3,16,15,12.7,1,0,Granted,18.0
17/883581,1700,standard,small,strict,5,29,25,26.6,4,2,Granted,42.0
17/609544,3700,standard,small,moderate,3,22,14,19.6,1,0,Granted,25.5
17/587003,1600,standard,large,strict,3,14,4,23.2,1,0,Granted,28.9
17/123707,1600,standard,small,strict,2,30,24,30.7,1,0,Granted,37.6
17/891631,3700,pph,micro,moderate,3,22,16,5.8,1,0,Granted,9.0
17/202483,1700,pph,large,strict,3,18,9,5.2,3,1,Granted,16.5
17/477990,1600,standard,micro,strict,2,31,10,26.0,1,0,Granted,31.0
17/710099,1600,standard,small,strict,5,25,23,23.2,2,0,Abandoned,30.5
17/248336,1600,standard,large,moderate,3,22,12,23.2,1,0,Granted,28.9
17/964834,2600,standard,large,lenient,3,22,16,17.5,1,0,Granted,22.3
17/507023,3600,standard,small,strict,4,16,2,31.9,2,0,Abandoned,53.5
17/619861,2600,standard,small,moderate,4,32,11,19.8,1,0,Granted,24.3
17/851323,2100,standard,large,strict,4,20,1,22.0,3,1,Granted,34.6
17/457957,3700,standard,small,lenient,2,21,7,13.9,2,0,Abandoned,19.8
17/187133,2100,standard,large,lenient,3,16,11,13.8,2,0,Abandoned,19.9
17/106076,1700,standard,large,lenient,3,20,16,8.4,1,0,Granted,14.0
17/343837,1600,standard,micro,lenient,3,28,1,27.6,1,0,Granted,33.0
17/251778,3600,pph,small,moderate,3,17,18,6.3,2,0,Abandoned,11.1
17/906783,2100,standard,large,strict,3,33,20,28.7,2,0,Abandoned,34.7
17/943261,2600,standard,micro,lenient,2,19,4,15.5,1,0,Granted,20.9
17/792654,1700,standard,large,moderate,3,27,4,10.4,1,0,Granted,17.4
17/460686,1600,standard,small,lenient,2,13,11,17.0,1,0,Granted,24.9
17/563610,3600,standard,micro,moderate,5,33,12,27.4,4,2,Abandoned,40.1
17/431017,2600,standard,small,strict,2,24,8,24.4,3,1,Granted,37.5
17/919932,3700,trackOne,small,moderate,2,22,18,3.5,3,1,Granted,16.2
17/514672,2100,standard,small,moderate,5,25,28,12.2,2,0,Abandoned,19.3
17/961659,3600,standard,large,moderate,3,19,14,21.8,1,0,Granted,26.5
17/629004,1700,standard,large,lenient,1,31,13,16.8,1,0,Granted,22.2
17/134619,1600,standard,large,lenient,2,23,33,24.8,1,0,Granted,27.6
17/911461,1600,standard,large,strict,3,15,31,28.9,3,1,Granted,40.1
17/851573,3700,trackOne,small,lenient,3,29,14,3.7,1,0,Granted,9.8
17/300132,3700,standard,large,moderate,4,14,19,12.9,2,0,Abandoned,20.1
17/987841,2400,standard,large,lenient,3,24,11,18.3,1,0,Granted,24.6
17/637456,2100,standard,small,strict,3,33,9,27.9,3,1,Abandoned,37.6
17/906839,1600,standard,small,strict,2,22,21,23.3,1,0,Granted,28.3
17/575319,1700,standard,large,strict,2,21,27,19.7,4,2,Abandoned,33.0
17/746976,1600,standard,large,moderate,3,18,29,29.2,1,0,Granted,34.4
17/349444,3700,standard,large,moderate,4,20,7,12.8,3,1,Granted,24.0
17/388924,3700,trackOne,small,lenient,4,22,1,3.9,1,0,Granted,9.9
17/118485,2400,standard,large,strict,4,18,1,22.4,2,0,Abandoned,27.9
17/435436,3600,standard,large,moderate,4,22,11,19.8,1,0,Granted,26.4
17/968167,3600,standard,micro,moderate,3,14,15,25.9,1,0,Granted,31.4
17/587804,1700,standard,large,moderate,3,22,20,20.4,3,1,Granted,33.0
17/936509,2100,standard,small,lenient,3,23,11,17.8,2,0,Abandoned,23.2
17/815901,3700,standard,small,lenient,2,29,6,17.2,1,0,Granted,21.8
17/211403,1600,standard,small,strict,2,26,17,17.1,1,0,Granted,21.4
17/905187,2100,standard,small,moderate,4,31,7,16.7,2,0,Abandoned,48.4
17/785036,2800,standard,large,strict,6,33,11,30.4,1,0,Granted,35.4
17/122580,3700,standard,large,moderate,4,17,22,17.5,3,1,Abandoned,25.5
17/545429,2100,standard,small,strict,3,23,11,21.6,3,1,Granted,33.2
17/502974,2600,accelerated,small,moderate,3,33,19,4.9,1,0,Granted,8.1
17/424105,3700,standard,large,lenient,3,33,29,11.7,1,0,Granted,17.0
17/859604,2600,standard,small,lenient,5,17,18,14.7,1,0,Granted,19.9
17/314992,3700,pph,large,moderate,6,33,15,4.7,3,1,Granted,16.3
17/891878,3600,trackOne,large,lenient,2,31,11,2.5,3,1,Granted,14.1
17/115771,2800,standard,large,moderate,2,17,7,13.2,3,1,Granted,24.7
17/240036,3600,trackOne,micro,moderate,3,22,18,4.3,1,0,Granted,9.5
17/258218,2100,standard,small,moderate,3,19,12,30.3,3,1,Granted,42.0
17/970164,3600,standard,large,moderate,3,21,6,24.8,1,0,Granted,26.5
17/720374,1700,standard,large,lenient,2,22,21,14.3,3,1,Granted,24.9
17/168374,2600,standard,large,moderate,4,30,11,20.0,1,0,Granted,25.5
17/456594,1600,standard,large,strict,1,19,2,22.0,1,0,Granted,29.3
17/193581,2100,standard,micro,moderate,3,19,20,9.5,1,0,Granted,14.6
17/966281,2800,standard,large,moderate,3,19,19,13.3,1,0,Granted,16.1
17/325012,3600,standard,large,moderate,3,17,13,29.9,3,1,Granted,41.7
17/211304,3600,pph,large,lenient,3,16,13,6.0,2,0,Abandoned,11.3
17/536771,1700,standard,small,lenient,5,25,1,23.0,2,0,Granted,52.7
17/604782,2100,trackOne,large,moderate,3,31,17,3.3,3,1,Granted,15.4
17/999001,3600,standard,small,strict,3,31,21,33.2,3,1,Granted,45.6
17/340889,2400,standard,large,moderate,6,26,15,20.0,1,0,Granted,26.9
17/243474,1600,standard,large,moderate,3,18,1,24.2,1,0,Granted,26.8
17/486207,2600,standard,large,moderate,3,32,7,20.8,2,0,Abandoned,25.4
17/917447,2600,standard,small,moderate,3,14,7,15.3,1,0,Granted,21.7
17/937884,3600,standard,small,strict,3,30,1,33.7,1,0,Granted,38.6
17/579322,3700,standard,small,moderate,4,23,9,16.2,3,1,Granted,27.6
17/283061,2600,standard,micro,moderate,5,33,3,19.8,1,0,Granted,25.1
17/772218,1600,standard,micro,moderate,5,28,8,20.1,3,1,Granted,31.6
17/897048,2400,standard,small,strict,1,19,1,20.1,3,1,Abandoned,29.1
17/560073,2800,standard,large,moderate,1,14,25,19.2,1,0,Granted,24.0
17/818524,2400,standard,large,moderate,3,23,7,22.2,1,0,Granted,26.8
17/962158,2400,standard,large,moderate,2,17,13,11.3,1,0,Granted,18.6
17/799827,2100,accelerated,large,lenient,3,27,20,4.2,3,1,Granted,18.2
17/463942,2100,standard,small,moderate,5,22,12,18.1,3,1,Granted,31.3
17/351981,2800,standard,large,lenient,3,33,7,20.1,1,0,Granted,25.0
17/224822,2100,standard,large,strict,3,32,21,19.3,2,0,Abandoned,23.8
17/227792,2100,pph,small,lenient,3,23,16,5.8,1,0,Granted,8.5
17/362265,3700,standard,large,lenient,2,26,1,14.2,1,0,Granted,17.1
17/732237,1700,standard,micro,moderate,3,30,33,17.9,3,1,Granted,30.3
17/920533,2600,trackOne,small,moderate,3,20,18,4.2,1,0,Granted,10.2
17/288992,2800,accelerated,small,lenient,3,26,10,4.7,1,0,Granted,7.6
17/311646,2400,accelerated,large,moderate,4,25,20,6.1,3,1,Granted,18.3
17/255506,2800,standard,small,moderate,3,31,22,7.6,1,0,Granted,13.7
17/868562,1600,standard,small,strict,3,15,4,30.2,2,0,Abandoned,34.9
17/676052,2600,standard,large,moderate,3,25,9,13.4,1,0,Granted,19.5
17/733473,2400,standard,small,strict,3,29,20,18.7,3,1,Granted,31.8
17/549152,3600,pph,small,moderate,3,32,7,5.7,1,0,Granted,8.8
17/308247,3600,standard,large,moderate,3,13,11,21.6,4,2,Granted,37.9
17/203067,3600,pph,micro,lenient,4,20,12,5.4,1,0,Granted,8.5
17/901411,1600,standard,micro,moderate,3,31,3,22.8,1,0,Granted,29.1
17/372660,2600,standard,micro,strict,6,24,6,25.4,3,1,Abandoned,32.9
17/504774,2400,standard,large,lenient,4,22,1,21.8,1,0,Granted,24.9
17/826556,1700,pph,small,strict,4,19,5,6.1,2,0,Abandoned,12.0
17/262210,1700,standard,large,strict,3,19,20,23.5,4,2,Granted,40.9
17/964304,2400,trackOne,small,lenient,3,30,16,3.3,3,1,Granted,14.3
17/263368,3600,standard,small,lenient,1,12,13,16.6,2,0,Abandoned,21.0
17/467155,2600,standard,small,strict,3,33,1,22.7,2,0,Abandoned,27.6
17/433485,3700,standard,large,moderate,3,33,4,15.7,3,1,Abandoned,25.3
17/714373,2100,trackOne,large,moderate,3,19,18,5.4,1,0,Granted,8.5
17/248747,3600,standard,large,moderate,3,31,10,23.4,2,0,Abandoned,28.6
17/692488,2100,accelerated,small,lenient,4,17,13,4.5,2,0,Abandoned,11.2
17/774479,3700,standard,large,lenient,3,27,9,14.2,1,0,Granted,21.4
17/709974,3600,standard,small,moderate,3,19,23,23.2,3,1,Granted,35.0
17/118621,1700,standard,micro,moderate,1,13,15,11.5,3,1,Granted,22.9
17/441634,1600,pph,large,strict,3,25,26,4.3,1,0,Granted,8.8
17/394525,1700,trackOne,small,moderate,5,20,10,4.3,2,0,Granted,34.8
17/436297,2400,standard,large,strict,4,16,1,27.8,3,1,Granted,40.4
17/394859,1700,standard,small,lenient,3,15,10,18.8,1,0,Granted,21.2
17/999317,2400,standard,small,lenient,4,15,6,12.2,1,0,Granted,18.4
17/400145,2800,standard,small,moderate,3,27,17,19.1,1,0,Granted,24.4
17/223336,3700,standard,large,strict,3,18,11,16.0,1,0,Granted,21.8
17/291323,2600,standard,large,lenient,6,18,24,11.9,1,0,Granted,15.2
17/629859,3700,standard,large,moderate,3,26,11,20.4,3,1,Granted,32.7
17/974755,1600,standard,small,strict,3,17,11,27.8,3,1,Granted,41.0
17/681574,2800,standard,small,lenient,4,15,33,18.0,2,0,Abandoned,24.7
17/990908,2800,standard,large,strict,3,24,19,14.6,3,1,Abandoned,22.5
17/959342,1700,standard,small,strict,3,23,17,29.0,4,2,Abandoned,42.8
17/831709,3700,standard,small,strict,3,23,12,21.6,1,0,Granted,24.4
17/898096,2800,standard,large,moderate,3,21,13,17.7,1,0,Granted,23.5
17/469795,1600,standard,large,strict,3,23,13,31.3,3,1,Granted,44.8
17/658436,2800,standard,small,strict,5,17,13,18.1,3,1,Granted,30.3
17/790425,2400,standard,small,moderate,3,20,18,12.4,1,0,Granted,18.4
17/631178,1600,standard,small,moderate,2,26,10,25.2,3,1,Granted,36.4
17/284080,3600,standard,small,lenient,3,27,29,27.3,2,0,Abandoned,31.4
17/986019,2100,standard,large,lenient,2,32,11,19.5,1,0,Granted,22.1
17/164157,1600,standard,large,lenient,5,32,24,26.1,1,0,Granted,32.2
17/236739,3700,standard,large,strict,1,11,5,22.5,3,1,Granted,37.0
17/109905,3700,accelerated,large,lenient,3,15,14,5.3,2,0,Granted,30.4
17/678084,2100,standard,large,lenient,3,25,9,22.9,1,0,Granted,28.0
17/337749,1600,standard,small,moderate,2,13,16,20.6,1,0,Granted,26.2
17/746726,3600,standard,large,strict,3,15,27,26.9,1,0,Granted,31.8
17/224368,3700,standard,large,moderate,3,28,10,23.6,1,0,Granted,30.4
17/824173,2800,trackOne,large,moderate,3,30,31,4.6,1,0,Granted,9.9
17/123809,2800,standard,large,strict,5,16,27,23.3,2,0,Abandoned,28.3
17/782713,2400,standard,large,moderate,3,26,12,25.9,3,1,Abandoned,34.9
17/754657,2400,standard,small,moderate,3,24,12,14.5,3,1,Granted,26.4
17/287256,3700,pph,small,moderate,4,31,24,6.3,1,0,Granted,11.5
17/556922,1700,standard,large,moderate,2,29,1,21.3,1,0,Granted,27.2
17/867572,3600,standard,small,strict,3,26,12,28.3,1,0,Granted,33.9
17/647288,1700,standard,small,moderate,3,13,17,24.2,3,1,Granted,36.4
17/203873,1600,standard,large,moderate,4,17,12,25.5,2,0,Abandoned,30.8
17/784385,2400,pph,large,moderate,3,17,3,7.6,3,1,Abandoned,17.1
17/782156,2600,standard,large,strict,3,15,15,18.7,2,0,Abandoned,25.6
17/452534,1600,standard,large,moderate,3,30,13,32.6,2,0,Abandoned,37.5
17/745970,2400,pph,small,moderate,3,24,13,4.6,1,0,Granted,7.2
17/830106,1600,trackOne,large,moderate,3,27,3,3.3,2,0,Abandoned,28.7
17/490133,2800,standard,large,moderate,3,28,25,17.8,3,1,Granted,31.8
17/903868,2100,pph,large,moderate,3,23,25,5.2,3,1,Granted,19.5
17/952499,2400,trackOne,large,lenient,3,17,17,3.1,1,0,Granted,9.1
17/433622,2100,standard,large,strict,3,13,18,23.1,3,1,Granted,34.4
17/532587,3700,standard,large,moderate,3,25,17,18.8,1,0,Granted,20.4
17/161713,1600,trackOne,large,moderate,4,16,20,3.8,1,0,Granted,10.3
17/469603,2100,standard,small,moderate,5,25,2,27.4,1,0,Granted,34.3
17/474204,2100,trackOne,large,moderate,2,18,13,3.7,1,0,Granted,8.8
17/635131,1700,pph,large,moderate,3,27,1,6.3,3,1,Granted,19.0
17/797894,1600,standard,large,strict,3,24,20,22.7,2,0,Granted,53.9
17/738318,2400,standard,small,lenient,3,21,25,20.8,3,1,Granted,32.2
17/768982,2100,standard,large,lenient,3,19,10,25.2,2,0,Abandoned,29.0
17/771792,2400,standard,large,moderate,3,32,10,13.3,1,0,Granted,19.0
17/633537,1600,trackOne,large,moderate,2,14,35,2.8,2,0,Abandoned,8.6
17/874734,1700,standard,small,moderate,1,11,17,19.9,1,0,Granted,25.2
17/106548,2600,standard,large,lenient,3,16,11,15.5,1,0,Granted,22.4
17/295218,2100,standard,micro,moderate,3,33,20,24.5,3,1,Granted,36.7
17/484418,3700,pph,large,strict,1,26,21,5.6,1,0,Granted,13.2
17/355113,3600,standard,small,moderate,3,28,17,24.6,1,0,Granted,30.7
17/674745,1600,standard,large,moderate,3,23,13,24.0,2,0,Abandoned,52.0
17/584561,3700,trackOne,large,strict,3,24,17,3.8,1,0,Granted,8.9
17/784446,1600,standard,large,moderate,3,15,12,17.7,2,0,Granted,49.5
17/515541,1700,trackOne,large,strict,3,20,9,4.2,2,0,Abandoned,9.3
17/815296,2600,standard,large,moderate,3,19,25,19.6,3,1,Granted,31.7
17/100221,1600,trackOne,large,moderate,3,29,31,3.4,1,0,Granted,9.4
17/613841,3700,standard,large,strict,6,25,10,23.1,3,1,Granted,34.8
17/173684,3600,standard,small,lenient,3,29,14,18.0,3,1,Granted,31.0
17/818000,1600,standard,small,lenient,3,30,13,16.3,1,0,Granted,21.3
17/452141,1700,accelerated,small,moderate,3,20,12,4.5,1,0,Granted,7.5
17/349810,1700,standard,large,moderate,3,20,10,19.1,1,0,Granted,22.2
17/763554,1600,standard,large,moderate,3,31,27,28.4,1,0,Granted,31.8
17/801235,1600,standard,small,moderate,3,15,14,16.6,3,1,Abandoned,24.7
17/561484,2400,standard,large,moderate,3,27,9,26.0,2,0,Granted,49.1
17/133527,2100,trackOne,small,moderate,3,25,16,2.5,1,0,Granted,8.5
17/370538,2600,pph,large,moderate,3,23,19,6.8,2,0,Granted,30.5
17/728080,3700,standard,small,strict,3,25,20,23.7,3,1,Abandoned,31.9
17/653010,2400,standard,large,lenient,3,13,11,11.5,3,1,Granted,24.3
17/197750,2600,standard,large,moderate,4,27,5,13.3,4,2,Granted,30.4
17/843493,2100,standard,small,strict,2,31,9,31.1,1,0,Granted,37.6
17/117984,1600,standard,small,strict,5,33,29,30.0,1,0,Granted,33.5
17/412735,2800,pph,large,moderate,3,16,15,5.0,1,0,Granted,7.6
17/308791,2800,standard,large,lenient,6,31,8,12.5,3,1,Granted,24.8
17/964668,3700,standard,small,strict,3,26,16,25.3,3,1,Abandoned,35.9
17/729416,2400,standard,small,strict,3,24,9,15.0,3,1,Granted,27.0
17/944750,2800,standard,micro,moderate,3,16,12,16.3,1,0,Granted,23.0
17/906060,2600,standard,large,strict,4,29,12,12.3,3,1,Granted,25.4
17/877506,2600,standard,micro,moderate,3,28,15,19.8,1,0,Granted,26.3
17/216362,2800,standard,small,moderate,3,14,14,11.0,1,0,Granted,13.8
17/748251,1700,standard,large,moderate,2,23,13,22.8,1,0,Granted,28.0
17/734314,2100,standard,small,moderate,3,31,22,26.0,2,0,Abandoned,31.3
17/465734,2600,trackOne,large,moderate,5,19,1,4.3,3,1,Granted,16.6
17/970918,1700,standard,small,lenient,4,27,30,11.8,1,0,Granted,17.8
17/228030,1600,trackOne,large,moderate,3,24,22,3.8,1,0,Granted,9.4
17/486530,2800,trackOne,small,lenient,3,15,5,3.7,1,0,Granted,9.3
17/974345,2800,pph,small,lenient,2,31,11,6.7,1,0,Granted,13.0
17/345630,2100,standard,small,strict,2,23,17,25.7,1,0,Granted,29.6
17/933463,1700,standard,small,moderate,1,30,13,19.9,3,1,Granted,32.7
17/285278,2800,standard,small,strict,3,29,14,17.4,3,1,Granted,29.0
17/369164,2400,standard,large,moderate,3,31,14,14.7,3,1,Granted,27.2
17/807870,2600,accelerated,small,moderate,3,24,12,4.9,3,1,Granted,17.8
17/596955,2100,pph,large,moderate,3,30,11,6.8,1,0,Granted,12.5
17/751724,2400,standard,small,moderate,4,22,15,19.3,3,1,Granted,31.7
17/690648,2100,accelerated,large,lenient,3,30,19,5.1,1,0,Granted,8.0
17/681131,2600,standard,large,lenient,3,33,1,13.3,3,1,Granted,25.2
17/520814,2400,standard,large,strict,3,22,28,25.0,2,0,Abandoned,30.3
17/967615,1700,standard,micro,lenient,2,20,7,15.3,2,0,Abandoned,20.8
17/473575,1700,standard,large,strict,1,11,15,12.1,1,0,Granted,19.2
17/883354,1600,standard,small,strict,3,15,11,30.6,3,1,Granted,44.3
17/927099,3600,standard,small,strict,4,16,16,29.9,3,1,Granted,43.0
17/504857,1600,standard,large,strict,3,18,23,20.8,3,1,Granted,33.3
17/162472,2800,standard,large,lenient,2,22,19,10.7,1,0,Granted,16.4
17/678487,1700,standard,large,lenient,5,23,5,13.1,1,0,Granted,18.7
17/327171,2600,trackOne,micro,lenient,3,16,1,5.0,1,0,Granted,12.3
17/261868,1600,standard,micro,moderate,2,17,7,29.5,1,0,Granted,34.7
17/914706,2600,standard,small,moderate,2,28,6,15.0,1,0,Granted,20.6
17/621971,1700,standard,large,strict,3,22,19,17.6,1,0,Granted,23.3
17/339418,3700,trackOne,large,moderate,5,16,18,4.4,1,0,Granted,9.4
17/791412,3700,standard,large,moderate,3,13,16,25.0,1,0,Granted,30.4
17/439393,3700,standard,large,moderate,3,18,21,23.2,3,1,Granted,35.3
17/615130,3700,pph,large,moderate,3,28,19,5.3,1,0,Granted,10.2
17/542898,3700,standard,large,strict,3,21,22,18.0,3,1,Granted,29.4
17/944979,2100,standard,large,strict,2,24,18,20.5,2,0,Abandoned,25.9
17/457317,3700,standard,large,moderate,4,25,26,18.9,1,0,Granted,25.2
17/349864,2600,standard,small,lenient,3,33,13,12.6,3,1,Granted,24.6
17/249962,1700,standard,small,strict,4,14,9,32.2,3,1,Granted,45.2
17/638182,2600,standard,micro,moderate,3,26,16,21.5,3,1,Granted,33.0
17/352726,2400,standard,small,lenient,1,29,19,14.0,1,0,Granted,18.6
17/648834,3700,standard,large,moderate,3,14,16,15.1,1,0,Granted,20.8
17/627012,3700,standard,small,lenient,3,20,1,21.9,3,1,Granted,35.0
17/166853,3700,standard,large,lenient,5,22,14,17.4,1,0,Granted,23.3
17/639631,1600,standard,micro,moderate,3,24,13,19.6,3,1,Abandoned,28.6
17/407136,2800,standard,large,moderate,3,30,8,19.7,1,0,Granted,25.6
17/420687,2100,standard,large,moderate,2,27,12,15.0,2,0,Granted,41.8
17/577236,1700,standard,large,strict,3,24,12,19.2,1,0,Granted,25.1
17/904698,2400,standard,large,lenient,3,20,1,13.6,1,0,Granted,20.3
17/201858,2800,standard,large,lenient,2,20,11,9.6,1,0,Granted,14.4
17/605231,2400,standard,large,moderate,3,19,12,26.8,2,0,Abandoned,32.5
17/325554,2600,standard,large,strict,3,26,19,23.9,1,0,Granted,28.5
17/469384,3600,standard,small,moderate,4,27,27,24.2,2,0,Granted,46.0
17/964753,1600,standard,small,moderate,4,25,16,28.5,3,1,Granted,40.4
17/363734,3600,standard,large,lenient,3,26,21,19.6,3,1,Granted,32.2
17/210300,2800,standard,large,moderate,3,17,18,17.8,3,1,Abandoned,28.6
17/287344,2600,pph,large,strict,3,16,13,7.4,2,0,Granted,33.8
17/600554,2800,standard,micro,moderate,3,20,8,21.1,1,0,Granted,27.1
17/124576,3600,standard,small,strict,3,28,3,40.3,2,0,Granted,76.4
17/501061,2600,standard,small,lenient,5,32,8,21.8,1,0,Granted,28.5
17/641438,1700,standard,large,lenient,4,20,9,11.1,4,2,Granted,27.1
17/392321,1600,standard,small,moderate,3,16,8,24.8,1,0,Granted,29.7
17/358334,1600,standard,large,strict,3,16,16,32.7,1,0,Granted,38.6
17/454588,1600,standard,micro,moderate,3,30,14,28.2,2,0,Abandoned,32.1
17/353188,1700,standard,large,strict,3,22,8,28.2,3,1,Granted,40.4
17/337445,2600,trackOne,small,moderate,2,14,9,4.5,3,1,Granted,16.8
17/303880,2400,standard,large,moderate,3,23,22,22.6,1,0,Granted,28.4
17/593542,2800,trackOne,small,moderate,4,20,28,3.5,3,1,Granted,15.0
17/185311,3700,standard,large,moderate,2,17,20,20.6,3,1,Granted,33.6
17/483528,1600,trackOne,large,strict,3,18,22,4.7,3,1,Abandoned,12.6
17/298576,2800,standard,large,lenient,4,33,4,10.3,1,0,Granted,16.2
17/139964,3700,standard,large,moderate,3,26,8,22.2,1,0,Granted,28.6
17/299214,2400,standard,micro,strict,3,29,23,14.0,3,1,Granted,26.5
17/757280,3600,standard,large,moderate,3,33,24,20.5,1,0,Granted,25.8
17/395183,2800,standard,small,lenient,3,13,10,16.7,1,0,Granted,23.6
17/567571,2100,standard,small,lenient,3,13,2,27.5,1,0,Granted,33.9
17/545780,3700,standard,large,lenient,3,26,7,18.0,1,0,Granted,24.4
17/657972,2100,standard,small,lenient,3,16,11,19.6,3,1,Granted,34.0
17/412079,2100,standard,large,moderate,3,24,6,22.9,3,1,Granted,35.9
17/342317,2600,standard,small,strict,2,16,22,24.0,2,0,Abandoned,29.6
17/971549,2800,standard,small,lenient,1,12,23,9.8,3,1,Granted,22.4
17/896815,3700,standard,large,lenient,3,22,16,16.3,1,0,Granted,18.9
17/782760,2600,standard,small,strict,3,26,7,25.7,1,0,Granted,31.1
17/849740,2600,pph,large,lenient,3,24,7,7.4,1,0,Granted,9.8
17/350785,2600,standard,large,moderate,3,21,12,18.1,1,0,Granted,22.0
17/976849,2400,standard,small,strict,2,16,10,25.1,3,1,Granted,37.9
17/679528,2600,standard,large,moderate,3,26,7,20.8,1,0,Granted,26.3
17/188470,3600,standard,small,strict,3,16,6,31.7,3,1,Granted,44.2
17/807221,3600,accelerated,large,moderate,4,14,2,3.6,3,1,Granted,14.9
17/132013,3600,standard,small,strict,4,28,13,31.1,3,1,Granted,42.4
17/331784,2100,standard,large,lenient,3,22,27,22.3,1,0,Granted,27.4
17/119075,2600,standard,micro,moderate,2,16,5,21.2,3,1,Granted,33.2
17/451544,2800,standard,small,moderate,3,14,6,10.5,2,0,Granted,40.2
17/755794,3700,standard,large,moderate,4,25,8,13.2,1,0,Granted,19.5
17/328525,2100,standard,small,moderate,3,25,32,24.3,3,1,Granted,37.1
17/552775,1700,standard,small,strict,6,31,26,23.5,3,1,Granted,35.6
17/450523,2400,standard,large,strict,3,27,12,30.2,3,1,Abandoned,39.4
17/104212,3700,standard,large,moderate,3,15,7,19.3,4,2,Granted,35.1
17/434792,2100,standard,large,moderate,3,30,13,25.5,1,0,Granted,32.5
17/249833,2400,standard,small,moderate,5,28,8,22.1,1,0,Granted,28.8
17/683154,1700,standard,large,moderate,2,19,14,26.0,4,2,Granted,42.5
17/112228,2400,standard,large,moderate,5,17,9,18.9,3,1,Granted,31.9
17/191188,1700,standard,small,moderate,4,26,13,18.0,1,0,Granted,24.2
17/244769,2600,standard,large,moderate,4,17,26,20.7,1,0,Granted,27.1
17/597229,2400,standard,micro,moderate,3,19,7,25.2,3,1,Granted,38.4
17/317715,2800,standard,small,lenient,3,16,32,9.6,1,0,Granted,15.5
17/187535,2800,standard,large,moderate,5,31,21,11.6,3,1,Abandoned,21.7
17/865665,3700,standard,large,moderate,1,16,8,16.0,1,0,Granted,22.3
17/297840,2400,trackOne,large,lenient,2,19,25,3.9,3,1,Granted,16.1
17/236638,2400,standard,large,moderate,3,24,16,17.9,4,2,Granted,32.7
17/892813,3600,standard,micro,moderate,4,32,4,24.2,1,0,Granted,30.0
17/779810,3600,standard,small,moderate,3,19,33,23.0,3,1,Granted,35.3
17/624152,2600,standard,small,strict,3,29,15,25.1,3,1,Granted,37.9
17/319007,1600,standard,small,strict,4,18,6,23.0,3,1,Granted,35.7
17/788272,2400,trackOne,large,strict,6,31,7,3.8,1,0,Granted,10.2
17/352445,1700,standard,large,moderate,3,24,11,22.1,2,0,Abandoned,26.5
17/104310,1700,standard,small,moderate,3,26,18,19.8,1,0,Granted,23.0
17/432994,1600,standard,large,moderate,2,21,6,34.6,1,0,Granted,39.3
17/209233,3700,standard,large,lenient,4,31,26,16.7,1,0,Granted,21.7
17/973385,3600,standard,large,strict,3,25,22,36.3,1,0,Granted,41.0
17/464929,1600,standard,small,moderate,3,17,3,26.7,1,0,Granted,32.9
17/818435,3700,standard,micro,moderate,3,15,13,17.1,1,0,Granted,24.2
17/225720,1600,standard,small,moderate,3,16,21,17.6,2,0,Abandoned,23.5
17/141388,2400,standard,small,lenient,6,20,22,19.9,1,0,Granted,26.0
17/943459,2400,standard,large,moderate,3,20,20,25.9,3,1,Granted,37.3
17/557872,1600,standard,small,strict,3,16,8,18.3,4,2,Granted,35.2
17/532706,1600,standard,large,moderate,3,31,17,33.0,2,0,Granted,60.1
17/291958,2800,standard,small,lenient,3,27,10,14.4,3,1,Granted,24.6
17/541507,3700,standard,small,lenient,1,31,22,18.3,3,1,Abandoned,28.5
17/889496,1600,pph,large,lenient,3,30,17,6.4,2,0,Abandoned,30.9
17/925459,1600,trackOne,large,moderate,3,31,20,2.7,2,0,Abandoned,28.2
17/898377,2100,standard,large,lenient,3,30,4,14.8,1,0,Granted,20.3
17/470563,1700,standard,small,strict,3,25,18,21.6,2,0,Abandoned,27.3
17/851124,2100,standard,small,strict,4,23,21,27.0,4,2,Granted,43.2
17/148943,1600,trackOne,small,moderate,3,30,24,2.5,1,0,Granted,8.4
17/796214,2100,standard,small,strict,2,19,15,30.1,1,0,Granted,35.7
17/829494,1700,standard,large,strict,3,33,12,27.0,3,1,Granted,38.9
17/378595,3600,standard,large,lenient,2,14,23,15.4,3,1,Granted,26.9
17/784149,1700,standard,large,moderate,5,32,17,23.8,2,0,Abandoned,28.6
17/165297,3700,standard,large,lenient,3,15,1,11.1,1,0,Granted,17.3
17/351649,2100,standard,large,strict,3,18,28,26.1,2,0,Abandoned,31.7
17/705382,1700,standard,small,strict,2,14,19,15.8,3,1,Granted,26.4
17/963164,1600,standard,small,lenient,6,33,9,24.3,2,0,Granted,56.8
17/435345,3700,standard,large,moderate,3,22,9,13.3,1,0,Granted,19.2
17/648797,2800,standard,large,lenient,3,17,23,9.2,1,0,Granted,14.2
17/388629,1600,standard,small,lenient,2,28,16,15.5,2,0,Abandoned,22.7
17/881223,2600,trackOne,large,moderate,3,24,14,3.2,3,1,Granted,14.3
17/240550,1600,pph,large,moderate,3,13,2,6.3,1,0,Granted,13.5
17/927723,2400,standard,small,moderate,3,14,8,20.8,1,0,Granted,23.9
17/587088,1600,standard,micro,moderate,3,28,13,28.8,4,2,Granted,45.5
17/903644,3600,standard,large,strict,3,30,25,28.7,4,2,Abandoned,42.3
17/931229,3700,trackOne,large,lenient,2,24,13,4.1,3,1,Granted,16.5
17/991077,2400,standard,large,moderate,3,15,35,25.2,3,1,Abandoned,34.9
17/659502,2100,standard,micro,strict,3,20,17,34.3,3,1,Granted,45.9
17/738831,1600,accelerated,large,lenient,3,32,18,3.5,3,1,Granted,15.1
17/372378,1600,trackOne,small,lenient,1,21,2,4.8,2,0,Abandoned,9.5
17/173000,2600,accelerated,small,strict,3,18,19,5.1,3,1,Granted,16.4
17/390825,3700,standard,large,moderate,3,19,5,15.4,1,0,Granted,22.2
17/343789,3700,standard,large,moderate,5,35,6,26.5,3,1,Granted,38.5
17/922668,2100,standard,micro,moderate,3,18,16,19.0,1,0,Granted,24.2
17/764786,2600,standard,large,moderate,3,20,20,24.8,2,0,Abandoned,30.6
17/760832,1700,standard,small,lenient,5,23,23,6.6,1,0,Granted,12.8
17/451096,2100,standard,small,strict,3,21,10,21.9,2,0,Abandoned,50.5
17/124513,2800,standard,large,moderate,3,26,1,13.0,3,1,Granted,25.4
17/368764,2100,standard,large,moderate,3,33,6,16.6,1,0,Granted,22.9
17/586438,3600,standard,large,strict,3,23,14,28.8,3,1,Granted,41.6
17/320890,2600,standard,micro,strict,3,21,2,21.7,4,2,Abandoned,34.7
17/193712,3600,standard,large,moderate,4,29,24,23.7,2,0,Abandoned,29.0
17/374873,2100,pph,small,moderate,3,33,8,7.4,3,1,Abandoned,15.3
17/312946,2800,trackOne,large,strict,5,23,23,3.1,3,1,Granted,16.6
17/486164,3600,pph,large,strict,3,31,4,4.9,1,0,Granted,10.4
17/480279,1600,standard,large,strict,4,16,28,23.2,4,2,Granted,40.0
17/501343,3700,standard,small,strict,2,32,14,23.4,2,0,Granted,52.3
17/665381,1700,accelerated,large,lenient,5,32,6,3.5,1,0,Granted,8.4
17/541995,1600,standard,micro,moderate,3,25,12,18.4,3,1,Granted,30.4
17/860660,2600,standard,micro,lenient,3,13,5,13.6,1,0,Granted,19.2
17/435980,1700,standard,micro,strict,3,14,21,24.3,1,0,Granted,30.4
17/887945,2800,standard,large,lenient,1,13,1,10.9,1,0,Granted,16.1
17/514430,2100,standard,small,moderate,3,15,11,33.5,1,0,Granted,39.6
17/908924,1700,standard,large,moderate,3,16,28,18.5,2,0,Abandoned,23.6
17/632019,3600,standard,large,strict,3,20,19,22.3,2,0,Abandoned,51.0
17/689930,3700,standard,large,moderate,6,32,10,20.2,2,0,Abandoned,25.6
17/695308,3700,standard,small,moderate,3,22,10,16.1,2,0,Abandoned,21.4
17/651344,3700,standard,small,moderate,3,30,1,24.1,3,1,Granted,36.6
17/966485,1700,standard,small,strict,4,19,27,19.3,2,0,Abandoned,54.0
17/852535,2600,standard,large,strict,2,18,14,22.0,1,0,Granted,26.3
17/422576,3600,standard,small,moderate,2,26,18,35.0,3,1,Granted,47.9
17/440954,1700,trackOne,small,lenient,2,27,2,4.1,4,2,Granted,20.1
17/190941,1600,standard,large,strict,3,20,14,20.3,3,1,Granted,33.0
17/790326,2400,standard,large,strict,3,22,1,19.7,1,0,Granted,26.1
17/326733,1600,standard,small,lenient,3,22,6,10.6,3,1,Granted,23.5
17/808406,2100,trackOne,large,lenient,2,24,22,3.2,1,0,Granted,8.1
17/995402,2400,accelerated,small,strict,3,32,15,4.6,1,0,Granted,10.0
17/759900,3600,standard,large,moderate,3,20,21,17.4,1,0,Granted,23.3
17/545403,1700,standard,small,strict,2,24,8,26.7,2,0,Abandoned,31.2
17/414712,2100,pph,large,moderate,4,19,14,4.5,4,2,Granted,20.6
17/262817,2100,standard,large,moderate,2,21,9,22.0,3,1,Granted,34.4
17/162296,2400,standard,small,moderate,5,32,27,15.9,2,0,Abandoned,20.0
17/619202,1700,standard,large,moderate,3,15,10,13.1,4,2,Granted,30.3
17/901725,2600,standard,large,lenient,2,22,18,16.9,1,0,Granted,22.0
17/318793,1600,standard,small,strict,2,16,18,25.8,3,1,Granted,38.8
17/392484,2400,standard,large,moderate,3,28,8,19.1,3,1,Granted,30.7
17/489613,2800,standard,small,strict,4,32,20,23.4,3,1,Granted,36.3
17/756632,2400,standard,large,strict,4,28,25,32.6,1,0,Granted,38.8
17/860323,1700,standard,large,lenient,2,20,18,14.2,1,0,Granted,20.1
17/607972,2400,standard,large,strict,3,13,24,28.0,2,0,Abandoned,34.1
17/754005,3700,pph,large,moderate,3,26,21,6.8,1,0,Granted,13.9
17/500991,2100,standard,large,moderate,3,29,17,18.7,4,2,Granted,35.0
17/630630,2800,accelerated,small,strict,3,30,1,5.1,1,0,Granted,12.0
17/497225,3700,accelerated,large,lenient,3,24,10,5.9,1,0,Granted,13.1
17/472375,2600,standard,large,moderate,2,12,18,15.7,1,0,Granted,20.3
17/370239,3700,standard,small,moderate,3,22,12,14.9,3,1,Abandoned,24.9
17/184711,3600,standard,small,lenient,3,24,17,18.5,3,1,Granted,30.7
17/892921,1700,accelerated,large,lenient,1,17,18,4.6,3,1,Granted,17.6
17/438410,2800,trackOne,small,moderate,3,18,16,3.2,3,1,Granted,16.0
17/516451,2400,standard,micro,moderate,5,23,15,26.4,1,0,Granted,31.2
17/126483,1700,accelerated,large,strict,6,19,21,4.4,2,0,Abandoned,10.2
17/450512,2800,standard,small,lenient,3,26,5,11.6,3,1,Granted,25.4
17/229115,1700,trackOne,large,strict,2,26,27,4.3,1,0,Granted,7.8
17/257858,1600,standard,large,moderate,5,26,7,12.0,3,1,Granted,22.8
17/561446,2600,standard,small,moderate,4,22,7,19.6,3,1,Granted,30.9
17/366127,3700,standard,large,moderate,4,23,15,15.6,1,0,Granted,18.7
17/339689,1700,standard,small,lenient,3,16,20,18.2,4,2,Granted,35.2
17/910271,2400,trackOne,large,lenient,5,23,1,3.1,2,0,Abandoned,27.7
17/879734,2100,standard,large,lenient,1,28,12,23.2,2,0,Granted,52.6
17/363813,2400,standard,small,strict,1,28,10,29.5,2,0,Abandoned,65.0
17/461090,2100,standard,large,moderate,1,22,15,17.7,2,0,Abandoned,23.2
17/757413,2400,standard,large,strict,3,15,17,28.0,3,1,Granted,41.3
17/939032,2100,standard,small,moderate,3,30,6,14.7,2,0,Abandoned,20.8
17/543072,3700,trackOne,small,moderate,3,16,13,3.5,1,0,Granted,9.7
17/209014,2400,standard,micro,strict,3,18,10,23.5,2,0,Granted,43.1
17/316790,2100,standard,large,lenient,3,26,11,16.0,1,0,Granted,21.7
17/969565,2100,standard,large,moderate,3,27,15,21.4,3,1,Granted,33.7
17/321094,1600,standard,small,lenient,2,21,10,18.6,1,0,Granted,26.0
17/663151,2800,standard,micro,moderate,3,14,1,12.4,1,0,Granted,18.2
17/189075,2600,standard,micro,moderate,3,24,22,17.4,1,0,Granted,23.3
17/202234,1700,standard,large,lenient,1,12,23,20.8,1,0,Granted,23.7
17/849623,1700,standard,large,moderate,3,31,22,22.0,3,1,Granted,35.6
17/399685,2600,standard,large,strict,1,31,20,27.8,2,0,Abandoned,34.4
17/464268,1700,standard,large,moderate,3,30,20,23.5,2,0,Abandoned,28.0
17/478678,2600,standard,small,moderate,3,22,19,23.9,3,1,Granted,37.0
17/696223,1600,standard,small,moderate,3,26,21,28.4,3,1,Granted,40.5
17/177199,1700,trackOne,micro,moderate,1,25,19,3.6,3,1,Granted,16.6
17/468019,1600,standard,small,moderate,3,16,18,19.8,3,1,Granted,31.8
17/334222,2800,standard,small,lenient,3,21,20,17.8,3,1,Abandoned,26.6
17/457054,2600,standard,small,lenient,2,32,16,20.0,3,1,Abandoned,28.9
17/609680,1600,standard,micro,strict,3,18,20,24.6,4,2,Abandoned,38.4
17/600156,2800,standard,large,moderate,2,13,6,16.2,2,0,Abandoned,40.7
17/662758,3700,pph,large,moderate,4,26,16,4.0,2,0,Abandoned,9.2
17/714087,3600,accelerated,micro,moderate,4,31,27,5.4,1,0,Granted,8.2
17/457791,3700,standard,small,lenient,3,15,19,16.0,1,0,Granted,19.3
17/198387,2400,trackOne,large,moderate,4,22,8,2.9,1,0,Granted,9.5
17/246129,1700,standard,small,moderate,3,16,1,24.2,2,0,Abandoned,51.2
17/664244,2800,standard,large,moderate,3,22,19,9.3,3,1,Granted,21.8
17/615556,3700,standard,large,lenient,3,23,1,18.7,3,1,Granted,31.3
17/102480,1700,standard,small,moderate,4,27,13,19.1,3,1,Abandoned,29.2
17/885677,2800,standard,large,strict,2,20,34,19.2,3,1,Abandoned,28.9
17/903567,2100,standard,small,moderate,4,18,19,19.1,1,0,Granted,25.4
17/697347,1700,standard,small,moderate,3,28,27,13.3,1,0,Granted,19.2
17/362219,2800,standard,small,strict,4,31,16,23.0,3,1,Granted,34.4
17/527045,2400,standard,small,strict,5,30,12,29.6,2,0,Abandoned,35.1
17/679115,2100,standard,large,moderate,5,25,9,18.0,3,1,Granted,30.1
17/118153,3700,standard,small,moderate,3,27,9,21.0,1,0,Granted,26.7
17/667054,1700,trackOne,micro,moderate,2,20,10,3.5,2,0,Abandoned,8.8
17/868776,2100,standard,small,moderate,2,17,30,26.2,1,0,Granted,30.4
17/245397,2800,standard,large,moderate,3,26,14,6.0,1,0,Granted,11.9
17/179903,2600,standard,large,lenient,4,18,12,22.4,1,0,Granted,28.3
17/218462,1600,standard,large,moderate,3,26,26,22.0,2,0,Granted,47.5
17/375960,2600,standard,large,moderate,3,21,23,19.9,1,0,Granted,22.7
17/596233,2600,standard,small,lenient,6,32,7,17.9,1,0,Granted,20.7
17/609483,2800,standard,large,lenient,2,26,11,14.6,3,1,Granted,27.1
17/461516,3600,standard,small,moderate,2,12,19,24.1,1,0,Granted,30.9
17/327970,2400,standard,large,lenient,4,23,24,25.5,2,0,Abandoned,29.8
17/313363,2400,standard,micro,strict,2,19,6,26.3,1,0,Granted,31.2
17/282304,3600,standard,small,strict,2,14,9,27.7,3,1,Granted,39.9
17/393003,2100,pph,small,moderate,3,16,15,4.0,1,0,Granted,10.3
17/741336,1600,trackOne,small,moderate,3,14,3,4.3,1,0,Granted,10.5
17/170206,2400,standard,small,strict,3,31,10,29.0,3,1,Granted,41.6
17/111765,3600,standard,small,strict,2,12,18,34.3,3,1,Granted,46.8
17/342635,2100,standard,large,lenient,4,17,8,26.7,1,0,Granted,32.0
17/363663,3700,standard,large,moderate,4,17,10,16.6,1,0,Granted,21.4
17/312484,3700,standard,large,moderate,1,13,21,16.5,3,1,Granted,28.4
17/167139,2400,standard,micro,strict,3,31,15,24.1,2,0,Abandoned,52.7
17/628439,1700,standard,large,lenient,2,20,22,16.5,2,0,Abandoned,21.2
17/955111,2600,standard,small,moderate,3,21,16,19.7,2,0,Abandoned,24.8
17/922674,3600,standard,small,moderate,3,31,15,22.8,1,0,Granted,28.8
17/803591,2100,standard,large,strict,3,18,13,30.8,1,0,Granted,36.6
17/757116,2800,standard,small,strict,4,21,30,20.3,1,0,Granted,26.1
17/393425,3600,trackOne,large,lenient,3,29,1,2.5,1,0,Granted,5.7
17/340727,2800,standard,large,lenient,3,21,10,13.0,1,0,Granted,19.3
17/416295,2100,standard,small,moderate,4,17,11,19.9,1,0,Granted,27.2
17/327914,1700,standard,small,moderate,4,27,14,22.9,1,0,Granted,28.0
17/924748,3600,standard,large,moderate,3,27,17,21.6,4,2,Abandoned,35.6
17/629709,2600,trackOne,small,strict,6,31,17,3.7,1,0,Granted,9.2
17/813546,3700,standard,large,moderate,2,27,8,8.5,1,0,Granted,13.8
17/275301,2800,standard,small,strict,4,19,1,22.7,3,1,Granted,34.9
17/930801,2800,standard,small,strict,2,30,16,16.7,1,0,Granted,23.5
17/422667,1700,standard,small,lenient,4,26,30,16.9,1,0,Granted,23.5
17/838209,3700,standard,large,moderate,4,32,12,6.0,3,1,Granted,18.9
17/744778,2800,standard,small,lenient,3,31,14,19.1,1,0,Granted,22.2
17/587303,2600,standard,small,strict,3,29,21,25.7,1,0,Granted,31.9
17/291652,3600,standard,small,moderate,3,18,13,24.6,1,0,Granted,30.3
17/726196,2100,standard,large,strict,3,31,15,26.0,3,1,Granted,38.0
17/163495,2100,standard,small,strict,3,20,22,22.4,1,0,Granted,27.0
17/321768,3600,standard,small,strict,3,14,17,21.7,2,0,Abandoned,27.5
17/646560,2800,standard,large,moderate,6,30,10,19.4,1,0,Granted,24.7
17/971574,1600,standard,large,strict,6,32,28,31.3,2,0,Abandoned,50.9
17/395854,3600,standard,large,lenient,3,33,20,17.4,3,1,Granted,30.9
17/928629,3700,standard,small,strict,3,25,8,18.7,1,0,Granted,24.8
17/759496,2400,standard,small,moderate,2,25,1,22.7,3,1,Abandoned,31.0
17/861152,2600,standard,small,moderate,3,28,1,20.5,1,0,Granted,26.7
17/962996,3700,trackOne,micro,lenient,3,13,20,3.0,1,0,Granted,7.0
17/752212,2100,standard,large,strict,2,30,10,26.9,3,1,Abandoned,35.9
17/540876,2600,standard,small,moderate,6,27,6,19.4,1,0,Granted,25.7
17/945975,2600,standard,small,moderate,3,33,21,18.4,1,0,Granted,25.1
17/394651,3600,standard,large,strict,3,15,18,26.0,1,0,Granted,28.7
17/233429,2100,standard,micro,moderate,3,23,3,25.1,3,1,Granted,36.9
17/744501,3700,standard,large,moderate,2,21,20,7.2,1,0,Granted,12.9
17/381403,2400,standard,small,moderate,3,24,28,20.2,1,0,Granted,26.2
17/188005,1600,standard,large,strict,3,25,13,22.1,2,0,Abandoned,27.3
17/860417,1700,standard,small,strict,3,19,15,15.5,2,0,Granted,37.6
17/501221,1700,standard,large,strict,3,28,2,18.8,3,1,Abandoned,27.5
17/613028,1700,standard,large,strict,3,33,18,22.1,3,1,Granted,35.2
17/539074,2100,standard,large,strict,3,18,26,30.2,1,0,Granted,36.3
17/666624,3600,pph,large,strict,6,17,13,6.9,2,0,Abandoned,13.1
17/718942,2400,standard,small,strict,2,31,11,32.1,2,0,Abandoned,55.0
17/271096,2100,standard,large,lenient,2,27,20,19.0,1,0,Granted,24.8
17/536126,2800,pph,large,moderate,3,13,15,5.5,1,0,Granted,8.9
17/475200,2600,standard,small,moderate,3,21,14,27.0,1,0,Granted,33.6
17/133906,2800,standard,large,moderate,3,25,5,20.9,3,1,Abandoned,30.5
17/236882,1600,standard,small,strict,4,26,23,29.7,2,0,Abandoned,52.3
17/116793,3600,trackOne,small,strict,1,25,12,3.8,2,0,Abandoned,11.8
17/988905,2100,standard,large,moderate,3,17,19,23.4,3,1,Abandoned,32.0
17/432222,2400,standard,small,moderate,3,19,16,21.6,1,0,Granted,27.2
17/694492,3600,standard,small,strict,3,29,4,35.0,1,0,Granted,38.3
17/463307,3600,standard,small,moderate,3,21,28,24.4,1,0,Granted,31.1
17/546497,2100,standard,large,moderate,4,24,9,16.9,1,0,Granted,21.4
17/505118,1700,standard,small,strict,3,20,7,30.1,3,1,Abandoned,40.4
17/317623,3700,standard,small,moderate,3,28,13,12.2,1,0,Granted,17.3
17/518943,1700,standard,small,moderate,3,20,25,29.5,1,0,Granted,35.4
17/650477,1700,standard,small,moderate,3,13,4,12.3,1,0,Granted,16.0
17/586978,2400,standard,micro,moderate,2,30,21,21.2,3,1,Granted,34.3
17/788652,2800,standard,large,moderate,2,30,9,10.5,3,1,Granted,23.4
17/516862,3700,standard,large,moderate,2,15,7,17.4,2,0,Abandoned,43.0
17/334734,2600,trackOne,small,strict,2,23,21,3.1,4,2,Granted,18.5
17/408714,3600,trackOne,large,moderate,3,13,20,4.4,1,0,Granted,9.6
17/602101,2400,standard,large,strict,3,16,16,31.6,1,0,Granted,37.5
17/239990,2600,trackOne,large,moderate,3,29,13,4.7,1,0,Granted,7.3
17/911030,2800,standard,small,lenient,3,19,13,14.5,1,0,Granted,19.8
17/615229,1600,standard,large,moderate,3,15,18,18.9,1,0,Granted,22.1
17/494272,3700,pph,small,moderate,3,26,24,5.9,1,0,Granted,9.8
17/479762,3600,standard,small,moderate,2,27,6,27.4,1,0,Granted,33.6
17/713728,1600,standard,small,lenient,3,13,4,25.6,1,0,Granted,28.6
17/885666,3600,standard,large,moderate,2,12,14,19.3,1,0,Granted,24.9
17/487831,2100,standard,large,moderate,2,24,10,21.8,1,0,Granted,28.3
17/184740,2400,standard,small,lenient,5,23,22,15.7,3,1,Granted,27.2
17/692574,2800,standard,small,strict,2,32,10,18.3,1,0,Granted,24.5
17/401529,2100,standard,small,moderate,3,15,9,25.2,1,0,Granted,30.4
17/557916,2400,standard,large,moderate,3,30,19,19.4,1,0,Granted,26.1
17/575370,1700,standard,large,strict,1,24,15,15.6,1,0,Granted,20.7
17/317455,2100,standard,large,moderate,3,28,4,23.5,3,1,Granted,36.8
17/979931,2800,trackOne,small,strict,4,26,14,3.9,1,0,Granted,8.9
17/540215,3700,pph,small,lenient,3,13,3,7.3,2,0,Abandoned,26.1
17/279030,3700,standard,small,lenient,3,18,13,20.1,2,0,Abandoned,24.2
17/400143,3700,pph,large,lenient,3,20,6,7.2,1,0,Granted,9.9
17/371682,1700,standard,large,moderate,1,28,8,21.3,1,0,Granted,26.6
17/579945,3700,standard,large,moderate,3,31,11,15.6,3,1,Granted,28.3
17/144934,1700,standard,large,lenient,6,26,21,19.4,3,1,Granted,31.0
17/513349,1700,standard,small,strict,1,15,6,27.3,3,1,Granted,39.9
17/486995,2400,accelerated,large,strict,2,17,24,6.8,1,0,Granted,10.1
17/606792,2800,standard,large,lenient,3,19,16,10.5,2,0,Abandoned,14.4
17/466381,3700,standard,large,moderate,3,28,5,13.6,1,0,Granted,20.3
17/775354,2400,trackOne,small,strict,3,33,16,5.2,3,1,Granted,17.8
17/340682,2800,pph,small,moderate,3,32,11,4.1,1,0,Granted,7.2
17/258477,2800,trackOne,large,lenient,3,28,17,5.9,1,0,Granted,11.2
17/392863,2800,standard,small,moderate,3,18,12,19.3,3,1,Granted,31.8
17/929972,2800,trackOne,small,moderate,3,24,31,3.7,2,0,Abandoned,7.9
17/536489,2800,accelerated,small,moderate,3,19,17,4.0,3,1,Granted,15.4
17/801093,2800,standard,small,strict,3,25,33,9.6,2,0,Granted,34.2
17/481182,2400,standard,large,lenient,3,30,24,15.1,4,2,Abandoned,30.4
17/866570,2400,standard,large,moderate,3,32,16,19.6,1,0,Granted,24.7
17/388110,2600,standard,large,strict,2,23,2,26.6,3,1,Granted,39.4
17/732666,3600,standard,large,moderate,3,20,21,23.0,2,0,Abandoned,28.1
17/357861,1600,standard,small,moderate,1,25,6,15.1,1,0,Granted,22.0
17/818889,3600,pph,large,strict,1,13,20,4.0,4,2,Abandoned,16.3
17/398152,3700,standard,large,lenient,3,18,24,9.6,3,1,Granted,22.2
17/825353,2800,standard,small,lenient,2,20,1,12.9,1,0,Granted,18.9
17/973820,2100,standard,large,moderate,3,25,11,21.8,1,0,Granted,27.9
17/380422,3600,standard,large,strict,3,22,17,28.7,3,1,Granted,41.2
17/759663,2800,trackOne,large,moderate,3,24,5,3.2,2,0,Abandoned,9.4
17/176033,2800,standard,micro,moderate,1,22,21,17.5,4,2,Granted,33.5
17/211368,2600,standard,large,strict,3,29,2,27.6,3,1,Granted,39.5
17/385832,2600,standard,micro,moderate,3,30,14,14.4,1,0,Granted,20.3
17/241793,2800,standard,large,strict,2,19,8,17.5,1,0,Granted,24.0
17/617317,2600,standard,micro,moderate,3,22,7,13.9,2,0,Abandoned,19.9
17/845223,1700,standard,large,lenient,3,17,19,16.1,1,0,Granted,22.9
17/792787,3600,standard,small,strict,3,25,16,25.1,1,0,Granted,30.3
17/269561,2400,standard,small,lenient,2,32,15,23.2,2,0,Abandoned,30.0
17/746342,1600,standard,large,lenient,3,29,19,12.2,1,0,Granted,17.9
17/571790,2400,accelerated,large,strict,3,33,15,5.9,1,0,Granted,8.7
17/209328,1700,standard,large,moderate,3,26,19,19.4,3,1,Abandoned,29.5
17/510629,2600,pph,small,strict,5,16,19,6.5,1,0,Granted,10.2
17/105817,2600,standard,small,moderate,6,23,6,24.4,1,0,Granted,27.8
17/104966,1600,standard,large,lenient,2,23,27,8.7,1,0,Granted,13.9
17/251527,1600,pph,micro,strict,3,28,15,5.3,1,0,Granted,8.4
17/185083,3700,standard,large,lenient,2,26,1,13.4,1,0,Granted,19.6
17/150794,1700,pph,small,lenient,5,17,13,6.3,1,0,Granted,12.5
17/617597,2800,pph,large,moderate,3,24,11,4.2,1,0,Granted,11.1
17/764787,2100,standard,large,strict,1,16,10,21.1,1,0,Granted,26.7
17/202544,3700,accelerated,small,lenient,2,14,19,3.9,1,0,Granted,9.3
17/172523,1600,standard,small,lenient,3,19,10,14.7,1,0,Granted,20.0
17/317522,2600,pph,small,strict,6,24,8,4.0,3,1,Abandoned,12.8
17/224098,2400,standard,small,moderate,3,18,12,18.0,3,1,Abandoned,28.0
17/678787,2600,standard,small,moderate,1,21,2,25.1,3,1,Granted,37.8
17/297711,2100,standard,micro,moderate,3,28,14,23.7,2,0,Abandoned,51.8
17/310071,2100,standard,large,strict,3,32,5,36.8,1,0,Granted,44.0
17/126437,2400,standard,large,lenient,1,21,19,15.7,1,0,Granted,22.3
17/978401,1600,pph,small,moderate,3,32,14,6.1,2,0,Abandoned,11.4
17/938585,3600,standard,small,lenient,3,28,6,19.0,2,0,Abandoned,24.8
17/621883,1700,standard,small,strict,4,33,8,23.6,2,0,Abandoned,30.1
17/137424,1700,standard,small,moderate,3,24,1,21.5,3,1,Granted,34.9
17/540791,2100,trackOne,small,lenient,3,28,6,3.5,1,0,Granted,8.5
17/463573,3700,standard,large,strict,3,32,20,22.2,2,0,Granted,53.8
17/211442,3600,standard,large,moderate,3,26,3,34.6,2,0,Abandoned,56.0
17/219398,2400,pph,small,lenient,3,25,11,6.3,4,2,Granted,22.9
17/867487,2600,standard,small,lenient,3,14,12,8.0,1,0,Granted,10.7
17/117971,3600,pph,small,moderate,4,25,21,5.7,1,0,Granted,11.8
17/165822,3600,standard,small,moderate,2,16,14,21.1,3,1,Granted,33.9
17/831044,2800,standard,large,lenient,3,14,4,15.0,3,1,Granted,26.4
17/113158,3600,standard,large,strict,3,29,16,29.8,3,1,Granted,43.3
17/148384,1600,trackOne,small,moderate,3,17,24,4.4,3,1,Abandoned,14.1
17/698995,1700,standard,micro,moderate,3,28,17,13.7,2,0,Abandoned,42.5
17/898847,1600,standard,micro,moderate,3,13,13,21.0,3,1,Granted,34.0
17/644906,2100,accelerated,small,lenient,3,14,13,4.3,1,0,Granted,7.1
17/406003,3600,standard,large,moderate,2,23,10,27.2,3,1,Abandoned,37.0
17/401793,1700,standard,large,strict,3,26,11,13.5,1,0,Granted,19.4
17/886531,2800,standard,small,strict,6,33,18,16.2,3,1,Granted,28.8
17/120633,2100,standard,large,lenient,3,20,11,10.8,1,0,Granted,16.6
17/959230,2600,standard,large,strict,4,32,8,17.9,3,1,Granted,30.4
17/778821,1600,pph,large,lenient,4,19,31,5.8,1,0,Granted,8.8
17/206406,2100,standard,micro,moderate,3,32,18,24.6,1,0,Granted,30.1
17/917716,3700,standard,small,lenient,2,29,15,18.4,3,1,Granted,30.7
17/709983,3600,standard,large,lenient,4,27,12,27.9,1,0,Granted,31.5
17/648244,1600,standard,small,strict,3,26,1,31.3,1,0,Granted,37.1
17/788461,3600,standard,small,lenient,3,13,16,18.1,1,0,Granted,24.5
17/449123,1600,standard,large,strict,3,28,13,28.0,1,0,Granted,33.5
17/692265,2600,standard,small,moderate,3,16,11,16.3,1,0,Granted,23.4
17/806882,2600,accelerated,small,moderate,3,13,33,3.8,1,0,Granted,9.2
17/779250,3600,pph,large,moderate,3,30,20,6.2,3,1,Granted,19.4
17/629239,3600,standard,large,strict,3,19,11,30.0,1,0,Granted,35.6
17/153930,1600,standard,small,lenient,3,18,18,15.0,1,0,Granted,22.0
17/300795,2800,standard,large,moderate,2,26,12,18.2,1,0,Granted,23.6
17/433256,3600,standard,large,strict,3,22,10,26.3,1,0,Granted,31.0
17/642050,2600,standard,small,moderate,3,14,15,17.0,4,2,Abandoned,29.8
17/899656,3600,standard,small,strict,1,20,16,31.6,1,0,Granted,36.4
17/197041,2600,standard,micro,moderate,3,29,17,20.7,2,0,Abandoned,26.2
17/115072,3700,accelerated,large,lenient,2,22,1,5.4,3,1,Granted,17.4
17/871116,2100,standard,small,lenient,3,28,8,21.9,1,0,Granted,24.5
17/692728,1600,pph,small,strict,3,29,18,6.1,1,0,Granted,9.1
17/419370,3600,standard,small,moderate,3,30,5,21.6,1,0,Granted,24.2
17/648759,1700,standard,large,moderate,3,19,22,14.3,1,0,Granted,20.7
17/943391,2400,trackOne,large,lenient,4,22,23,3.0,2,0,Abandoned,7.0
17/410792,3600,standard,small,moderate,3,21,15,18.8,2,0,Abandoned,24.6
17/395714,2800,standard,large,strict,2,30,18,15.8,4,2,Abandoned,29.8
17/140939,1700,standard,large,lenient,3,25,18,25.5,1,0,Granted,32.7
17/790598,1600,standard,large,lenient,2,12,19,22.4,1,0,Granted,27.7
17/325971,2400,pph,large,moderate,3,22,11,5.3,2,0,Abandoned,32.7
17/152876,2100,standard,large,moderate,3,15,10,23.7,3,1,Granted,36.3
17/950957,3700,standard,large,strict,3,17,29,21.8,2,0,Granted,47.4
17/409219,2400,standard,large,strict,6,26,19,30.5,3,1,Granted,44.0
17/664800,2400,standard,large,moderate,3,27,9,15.0,2,0,Granted,38.2
17/196723,3600,standard,large,moderate,3,30,34,29.8,2,0,Abandoned,57.9
17/418608,3600,trackOne,small,moderate,5,18,19,4.3,3,1,Granted,17.1
17/132360,2600,standard,large,moderate,3,27,20,16.8,4,2,Granted,32.1
17/398255,2400,standard,large,moderate,2,30,11,23.0,3,1,Abandoned,31.5
17/270418,2400,standard,small,moderate,1,26,8,32.3,2,0,Abandoned,58.0
17/390477,1700,trackOne,small,moderate,3,15,8,5.0,1,0,Granted,10.2
17/944715,1700,standard,large,moderate,3,14,10,21.2,1,0,Granted,28.2
17/777987,2400,standard,small,moderate,2,17,25,18.7,2,0,Abandoned,25.2
17/973956,2400,standard,micro,lenient,3,13,10,24.7,1,0,Granted,27.3
17/455817,1700,standard,small,lenient,3,33,13,19.3,3,1,Granted,31.4
17/735495,3700,standard,large,strict,2,16,11,14.0,2,0,Abandoned,20.0
17/751778,1700,standard,large,moderate,3,26,4,23.5,1,0,Granted,30.3
17/929221,1700,standard,large,lenient,3,22,21,18.2,1,0,Granted,24.0
17/395327,2400,standard,large,moderate,3,26,9,25.7,2,0,Abandoned,50.3
17/911180,2100,standard,micro,strict,3,20,21,25.3,1,0,Granted,31.7
17/387956,2100,trackOne,large,lenient,3,15,11,3.0,3,1,Granted,16.6
17/696650,2400,standard,small,moderate,1,14,1,19.4,4,2,Abandoned,33.1
17/377919,3600,standard,micro,moderate,3,18,20,26.9,3,1,Granted,39.5
17/523188,2800,pph,micro,lenient,1,24,19,4.5,1,0,Granted,10.1
17/645252,3600,standard,small,strict,4,30,15,28.9,1,0,Granted,33.8
17/213371,1700,trackOne,large,moderate,4,25,3,3.7,2,0,Abandoned,8.9
17/234731,2400,standard,large,moderate,2,22,21,17.5,1,0,Granted,23.6
17/175212,2100,pph,large,lenient,3,31,10,6.8,1,0,Granted,9.5
17/999361,2400,trackOne,large,strict,5,32,8,3.2,3,1,Granted,15.8
17/389456,1600,standard,small,strict,3,25,8,23.7,3,1,Abandoned,33.5
17/290944,1700,trackOne,small,strict,2,20,13,3.9,3,1,Granted,16.5
17/999451,1700,standard,large,moderate,5,26,14,19.4,2,0,Abandoned,48.5
17/534508,1700,standard,small,lenient,5,33,19,15.9,2,0,Abandoned,21.8
17/345924,2100,standard,micro,strict,3,25,18,26.0,2,0,Granted,59.9
17/942322,1700,standard,small,moderate,3,20,8,19.4,1,0,Granted,25.4
17/416247,1700,standard,micro,moderate,1,19,1,11.3,1,0,Granted,14.3
17/406267,2600,trackOne,small,strict,3,31,21,4.1,2,0,Abandoned,9.9
17/448260,2400,trackOne,small,strict,3,17,18,4.6,3,1,Granted,17.7
17/301587,1700,standard,large,lenient,3,31,27,15.3,1,0,Granted,21.5
17/757687,1700,standard,small,moderate,4,24,11,16.3,2,0,Abandoned,20.4
17/257055,2100,standard,large,moderate,4,22,24,27.0,1,0,Granted,33.6
17/915817,1600,standard,small,lenient,3,14,21,23.8,1,0,Granted,29.8
17/922472,1700,standard,large,lenient,6,20,15,17.2,1,0,Granted,23.3
17/202917,1600,standard,large,moderate,3,27,14,23.7,4,2,Granted,39.5
17/529078,2100,standard,small,moderate,3,25,18,22.0,1,0,Granted,25.2
17/121171,1700,standard,large,moderate,4,24,10,18.6,4,2,Granted,34.0
17/493565,1700,standard,micro,lenient,5,30,27,17.7,1,0,Granted,22.8
17/853989,1600,pph,small,moderate,4,34,14,4.6,1,0,Granted,7.4
17/936807,2600,standard,large,moderate,2,21,19,23.2,3,1,Abandoned,33.5
17/867162,2400,standard,large,lenient,5,32,25,20.0,1,0,Granted,23.4
17/826374,2400,pph,large,lenient,2,14,10,5.5,3,1,Granted,16.4
17/557043,3700,standard,large,lenient,2,26,17,13.8,1,0,Granted,17.7
17/746093,3600,standard,micro,moderate,2,20,1,22.3,3,1,Granted,34.8
17/112497,2800,standard,large,moderate,3,17,8,13.6,1,0,Granted,19.6
17/477597,1700,standard,large,moderate,3,16,28,17.8,1,0,Granted,23.4
17/326174,3700,trackOne,large,moderate,2,30,6,4.0,1,0,Granted,6.0
17/684487,3600,trackOne,large,moderate,4,18,14,4.2,3,1,Granted,16.7
17/192585,3700,standard,large,moderate,4,22,11,17.5,1,0,Granted,24.5
17/858059,2400,standard,large,moderate,3,21,10,18.8,1,0,Granted,24.0
17/168250,1700,standard,small,moderate,1,16,11,22.3,3,1,Granted,33.1
17/121656,2800,standard,large,moderate,3,27,19,15.7,3,1,Abandoned,25.3
17/852781,1700,trackOne,large,moderate,2,29,17,3.0,2,0,Abandoned,8.1
17/773751,2600,standard,large,moderate,4,21,19,16.7,3,1,Granted,28.9
17/742201,2600,standard,large,strict,3,13,11,27.5,1,0,Granted,32.7
17/432807,2600,standard,large,lenient,5,34,8,20.5,1,0,Granted,23.5
17/311872,2100,standard,large,moderate,1,29,21,21.2,1,0,Granted,26.3
17/669933,1600,standard,large,lenient,3,31,11,18.9,1,0,Granted,24.9
17/775233,2400,standard,large,lenient,6,20,20,13.7,1,0,Granted,16.0
17/894627,3600,standard,large,moderate,4,25,8,20.9,1,0,Granted,27.2
17/966703,2100,trackOne,small,strict,3,15,19,2.6,3,1,Granted,14.5
17/975021,2400,standard,large,moderate,3,20,21,18.7,1,0,Granted,24.6
17/701241,3600,standard,large,lenient,3,32,7,34.8,1,0,Granted,40.7
17/761613,1600,standard,large,moderate,3,18,12,22.8,2,0,Abandoned,27.5
17/175695,2800,standard,large,lenient,3,24,6,19.6,1,0,Granted,25.7
17/470124,1700,standard,small,lenient,3,30,2,8.8,2,0,Granted,40.4
17/961390,2100,standard,large,moderate,3,20,16,17.5,3,1,Granted,29.7
17/735033,2600,accelerated,small,moderate,3,22,20,5.0,1,0,Granted,7.5
17/920357,2800,standard,small,lenient,3,32,5,17.0,2,0,Abandoned,23.6
17/949985,2800,standard,large,strict,3,20,13,19.8,2,0,Abandoned,25.0
17/926277,2800,standard,micro,lenient,1,17,5,12.7,1,0,Granted,15.9
17/694738,2400,standard,small,strict,3,16,22,25.0,2,0,Abandoned,30.3
17/199703,3600,standard,micro,moderate,4,16,11,25.6,1,0,Granted,31.3
17/391079,1600,standard,small,moderate,3,29,19,25.5,1,0,Granted,31.4
17/357399,3700,standard,small,strict,3,29,9,17.1,2,0,Abandoned,23.3
17/135069,2600,standard,small,moderate,3,24,13,10.9,1,0,Granted,16.5
17/298713,2100,standard,large,moderate,3,26,22,26.8,3,1,Abandoned,35.1
17/389003,2100,pph,micro,moderate,3,21,15,5.4,2,0,Granted,31.4
17/407462,1600,standard,small,moderate,3,18,19,15.7,1,0,Granted,21.8
17/297702,2400,trackOne,large,lenient,3,28,1,5.0,1,0,Granted,11.2
17/245767,2100,standard,large,strict,3,32,35,30.1,1,0,Granted,37.1
17/267409,3600,trackOne,large,strict,2,19,10,4.4,1,0,Granted,10.7
17/130052,2100,trackOne,large,lenient,3,32,18,3.0,1,0,Granted,6.2
17/874053,2600,standard,large,moderate,3,31,22,24.3,1,0,Granted,30.0
17/884877,3600,standard,micro,strict,2,25,24,32.2,2,0,Abandoned,36.7
17/735362,2600,standard,large,strict,1,21,9,15.8,2,0,Abandoned,35.8
17/907124,1700,trackOne,small,moderate,4,22,11,2.8,3,1,Abandoned,12.3
17/730371,1700,trackOne,small,moderate,2,20,11,4.6,3,1,Abandoned,13.3
17/796116,2600,standard,micro,moderate,3,17,3,17.3,4,2,Abandoned,31.8
17/198822,2600,trackOne,large,strict,3,25,9,3.3,3,1,Abandoned,12.1
17/123683,1700,standard,large,lenient,2,18,20,14.6,1,0,Granted,20.7
17/237847,2600,pph,large,moderate,2,26,18,5.4,1,0,Granted,9.3
17/969991,2400,trackOne,large,moderate,2,13,20,3.1,3,1,Abandoned,13.0
17/884269,2100,trackOne,large,moderate,3,33,33,2.6,3,1,Granted,14.2
17/444077,2100,standard,large,lenient,2,27,23,14.8,1,0,Granted,18.1
17/439927,2800,standard,large,moderate,2,17,20,21.3,1,0,Granted,24.8
17/948927,2600,standard,large,moderate,5,28,20,20.3,1,0,Granted,26.4
17/782614,1700,standard,micro,lenient,3,15,9,16.7,1,0,Granted,22.8
17/398005,1700,standard,large,strict,3,14,30,23.8,3,1,Granted,37.0
17/150658,2100,standard,large,strict,3,19,12,32.1,3,1,Granted,44.3
17/241628,2400,standard,large,moderate,3,17,11,13.9,4,2,Abandoned,27.1
17/666400,2100,standard,small,moderate,5,29,24,27.2,3,1,Granted,39.2
17/786287,2600,standard,small,strict,3,33,14,26.4,1,0,Granted,32.4
17/396836,3600,standard,large,moderate,1,11,3,28.1,1,0,Granted,33.5
17/610263,3600,standard,large,strict,4,17,17,32.9,1,0,Granted,38.6
17/415392,2600,standard,micro,moderate,4,15,14,28.3,1,0,Granted,31.4
17/952857,3600,standard,large,moderate,3,27,4,26.0,3,1,Granted,37.7
17/815662,2100,standard,large,strict,3,29,22,22.8,3,1,Granted,34.5
17/187425,3600,standard,large,strict,2,13,4,37.3,2,0,Abandoned,44.1
17/528251,3600,standard,large,moderate,3,27,18,35.3,1,0,Granted,40.2
17/915125,2600,standard,micro,moderate,2,19,26,17.9,4,2,Granted,33.6
17/130754,3600,standard,small,strict,3,30,33,30.6,3,1,Granted,42.9
17/364777,2100,standard,large,strict,5,23,10,20.3,2,0,Abandoned,47.7
17/244161,1600,standard,large,moderate,3,33,24,24.4,3,1,Granted,37.4
17/344779,1700,standard,large,strict,3,13,11,15.7,3,1,Granted,28.5
17/274552,2600,standard,micro,moderate,3,30,19,11.4,1,0,Granted,16.5
17/319427,1600,standard,large,strict,2,15,13,31.0,2,0,Abandoned,36.1
17/653089,1600,standard,small,lenient,3,19,6,23.0,1,0,Granted,29.5
17/183843,3600,standard,small,moderate,3,32,8,22.8,3,1,Granted,35.6
17/599369,1600,standard,micro,lenient,6,18,6,27.1,1,0,Granted,32.7
17/510280,2600,pph,large,moderate,3,17,16,7.8,2,0,Abandoned,13.3
17/701702,2100,standard,small,lenient,3,17,1,23.9,1,0,Granted,27.8
17/481806,3700,standard,large,moderate,5,17,16,20.0,1,0,Granted,25.2
17/265734,1600,standard,large,strict,3,24,19,29.4,3,1,Granted,42.2
17/941936,1700,standard,small,moderate,5,18,14,16.8,1,0,Granted,23.2
17/814996,2100,trackOne,large,strict,1,20,26,3.2,2,0,Abandoned,29.8
17/544194,2600,standard,small,moderate,4,22,1,19.5,1,0,Granted,22.2
17/250132,2600,standard,micro,lenient,4,31,18,11.2,2,0,Abandoned,17.3
17/915997,2400,standard,large,lenient,4,25,10,19.4,1,0,Granted,24.8
17/791657,2400,trackOne,large,lenient,2,16,10,3.3,1,0,Granted,6.0
17/825881,2100,standard,large,moderate,5,32,8,19.1,1,0,Granted,26.0
17/855086,2800,pph,large,lenient,2,30,23,5.6,2,0,Abandoned,35.6
17/382525,2400,standard,large,lenient,3,28,13,12.1,1,0,Granted,17.7
17/947488,1600,standard,large,moderate,3,19,16,22.5,3,1,Abandoned,32.5
17/720212,2800,trackOne,large,lenient,3,32,27,3.0,1,0,Granted,8.9
17/242939,1700,standard,large,lenient,5,29,15,19.9,1,0,Granted,26.6
17/307884,2100,standard,small,lenient,2,25,9,20.1,2,0,Abandoned,25.6
17/538602,1700,trackOne,large,strict,3,22,30,3.3,3,1,Abandoned,13.5
17/365833,3700,pph,small,moderate,3,14,9,5.6,1,0,Granted,11.8
17/892254,3600,standard,large,strict,3,16,15,30.2,1,0,Granted,34.7
17/762945,1700,standard,large,lenient,3,26,10,22.3,2,0,Granted,56.7
17/243298,2400,standard,large,lenient,3,27,1,13.0,4,2,Granted,28.6
17/295204,2800,standard,small,moderate,3,26,10,14.6,3,1,Granted,28.2
17/157552,2400,standard,large,moderate,3,13,8,24.1,3,1,Granted,35.7
17/562344,3700,pph,large,moderate,3,26,29,5.8,2,0,Granted,34.5
17/117407,3700,trackOne,large,lenient,2,31,24,3.8,3,1,Granted,16.3
17/517708,2400,standard,small,lenient,3,26,9,20.0,1,0,Granted,25.7
17/178201,2100,standard,small,lenient,4,19,10,24.3,2,0,Abandoned,29.7
17/866806,2800,standard,large,lenient,1,11,17,10.5,2,0,Abandoned,15.4
17/777005,2100,standard,large,moderate,2,27,25,21.3,2,0,Abandoned,54.2
17/534725,1700,standard,small,moderate,3,18,6,25.2,1,0,Granted,31.3
17/567845,3600,standard,large,strict,4,15,1,30.7,3,1,Granted,44.0
17/709936,1600,accelerated,small,moderate,3,27,11,3.5,3,1,Granted,16.2
17/853481,1700,standard,large,moderate,4,14,13,32.9,1,0,Granted,38.2
17/892876,2800,accelerated,large,lenient,3,22,22,6.4,1,0,Granted,11.4
17/984970,3600,standard,large,strict,3,30,6,24.8,3,1,Granted,36.4
17/417926,2400,standard,large,moderate,3,25,19,14.8,4,2,Granted,30.5
17/379859,1600,standard,large,lenient,3,15,16,22.1,3,1,Abandoned,31.1
17/235720,1600,standard,large,moderate,3,26,18,23.8,1,0,Granted,29.7
17/515854,2400,pph,small,moderate,3,13,14,6.5,1,0,Granted,12.6
17/202854,1600,standard,large,moderate,4,27,21,26.8,3,1,Granted,40.7
17/640971,2600,standard,small,moderate,3,16,20,23.2,4,2,Abandoned,35.5
17/583084,2400,standard,large,lenient,3,32,23,16.4,1,0,Granted,19.3
17/491725,2400,standard,large,lenient,4,33,22,12.2,1,0,Granted,18.1
17/730089,2800,accelerated,micro,strict,3,32,8,3.6,1,0,Granted,8.8
17/475894,3600,trackOne,large,strict,2,20,21,2.5,1,0,Granted,5.0
17/823640,2600,standard,large,moderate,3,32,11,25.2,3,1,Granted,37.2
17/209077,1700,standard,large,strict,6,19,1,28.0,3,1,Granted,41.0
17/892993,1700,standard,large,moderate,5,34,14,18.0,3,1,Abandoned,27.1
17/131142,1600,standard,large,moderate,2,14,9,22.0,1,0,Granted,24.8
17/695652,2400,standard,large,lenient,3,24,19,23.9,1,0,Granted,26.8
17/564090,3700,standard,small,moderate,5,16,13,13.0,1,0,Granted,20.0
17/675750,3700,standard,large,lenient,3,29,23,17.5,1,0,Granted,23.0
17/405316,2800,standard,large,lenient,3,18,8,18.8,1,0,Granted,25.6
17/554959,2400,standard,small,moderate,3,15,15,23.1,1,0,Granted,28.9
17/424262,1600,standard,large,strict,3,23,12,26.9,1,0,Granted,34.3
17/503563,3600,standard,micro,strict,3,29,1,29.4,3,1,Granted,42.3
17/757437,2600,standard,micro,lenient,3,16,21,11.9,1,0,Granted,17.9
17/604291,3700,pph,small,moderate,3,19,22,4.5,3,1,Granted,16.1
17/327928,2400,standard,large,lenient,6,16,27,13.7,3,1,Abandoned,23.5
17/356833,2100,standard,large,strict,3,29,11,23.9,3,1,Abandoned,34.1
17/497504,2400,standard,large,moderate,4,16,14,9.0,1,0,Granted,12.3
17/700364,1700,standard,large,strict,6,18,1,21.7,2,0,Abandoned,54.0
17/625910,3700,standard,small,moderate,3,28,28,11.2,1,0,Granted,17.0
17/506823,1700,accelerated,micro,lenient,3,16,24,4.4,1,0,Granted,7.4
17/503692,1600,standard,large,moderate,4,28,17,26.4,1,0,Granted,32.9
17/717252,2600,standard,small,moderate,5,31,12,15.2,2,0,Abandoned,19.4
17/506095,2800,trackOne,large,lenient,3,28,1,2.7,2,0,Granted,25.6
17/109937,3700,trackOne,large,strict,2,31,19,2.9,3,1,Abandoned,12.3
17/849158,1600,standard,large,moderate,3,21,10,19.6,1,0,Granted,25.8
17/527557,2100,standard,large,lenient,2,31,12,16.7,1,0,Granted,22.4
17/235979,2400,pph,small,moderate,3,15,4,5.6,2,0,Abandoned,9.9
17/718778,2800,standard,small,moderate,2,17,15,10.0,1,0,Granted,15.0
17/470357,1700,standard,large,moderate,4,28,33,18.2,3,1,Granted,30.0
17/354028,2600,standard,small,moderate,3,19,12,23.1,1,0,Granted,29.0
17/161631,2600,standard,large,moderate,5,20,16,20.4,2,0,Abandoned,25.3
17/977555,2100,standard,large,strict,3,27,1,34.8,2,0,Abandoned,39.4
17/414854,2100,trackOne,large,moderate,3,24,9,4.0,3,1,Granted,15.9
17/683438,1700,standard,micro,moderate,3,14,1,20.8,3,1,Abandoned,30.9
17/373245,3600,standard,large,moderate,3,32,11,29.2,1,0,Granted,35.4
17/257917,2100,standard,large,strict,2,26,11,31.5,3,1,Granted,44.4
17/855205,2400,standard,small,strict,3,30,19,20.9,1,0,Granted,23.5
17/188784,2100,standard,small,moderate,3,16,13,20.9,1,0,Granted,26.2
17/264391,2400,standard,large,lenient,4,22,26,17.6,1,0,Granted,22.7
17/851999,3700,standard,small,moderate,3,22,23,16.3,3,1,Granted,28.7
17/325984,3600,standard,large,moderate,3,24,11,30.5,1,0,Granted,36.9
17/160280,1600,standard,small,lenient,3,14,11,14.6,1,0,Granted,20.3
17/167738,2100,standard,large,moderate,3,16,21,22.1,1,0,Granted,27.5
17/666756,2400,standard,small,moderate,3,17,9,19.5,1,0,Granted,24.6
17/253690,2800,standard,large,strict,2,28,25,20.6,3,1,Granted,33.5
17/117149,3700,accelerated,small,moderate,3,32,20,3.5,2,0,Abandoned,9.0
17/269760,1700,standard,large,moderate,3,15,7,23.2,2,0,Abandoned,29.1
17/746276,1700,trackOne,small,moderate,4,27,17,3.5,1,0,Granted,6.0
17/596670,3700,standard,large,strict,3,28,16,20.7,1,0,Granted,27.5
17/472852,2400,standard,micro,moderate,3,14,19,23.7,2,0,Abandoned,27.8
17/371178,2800,standard,large,strict,3,31,19,15.7,1,0,Granted,21.6
17/726533,2100,standard,large,moderate,3,32,1,12.9,3,1,Granted,25.3
17/696637,3700,pph,large,moderate,3,16,13,4.9,2,0,Abandoned,9.7
17/765264,1600,standard,large,lenient,3,22,11,29.0,1,0,Granted,34.0
17/695252,3700,accelerated,large,lenient,3,32,26,5.1,1,0,Granted,8.2
17/242049,3700,trackOne,large,moderate,2,22,18,4.1,3,1,Granted,17.3
17/251282,2600,pph,large,strict,3,24,28,7.1,1,0,Granted,12.1
17/502131,2800,trackOne,micro,strict,5,18,13,3.0,1,0,Granted,7.5
17/500930,3600,standard,micro,moderate,3,33,5,26.2,1,0,Granted,29.0
17/120476,3600,standard,large,strict,4,22,14,31.0,4,2,Granted,47.1
17/580478,2600,trackOne,large,strict,3,27,23,5.0,1,0,Granted,8.2
17/384468,2400,standard,micro,moderate,3,13,15,23.0,2,0,Abandoned,30.3
17/817492,1600,standard,large,lenient,3,19,6,21.5,1,0,Granted,28.1
17/639122,3700,standard,large,moderate,3,30,13,18.1,1,0,Granted,24.6
17/545017,1600,standard,large,moderate,3,28,34,20.1,3,1,Granted,32.2
17/964000,1700,standard,large,lenient,3,23,27,17.5,1,0,Granted,24.1
17/571801,2800,standard,small,lenient,2,14,15,7.9,1,0,Granted,14.6
17/200772,2400,trackOne,large,moderate,3,27,12,3.3,1,0,Granted,8.8
17/675357,2100,standard,large,moderate,2,17,10,19.2,1,0,Granted,24.2
17/231196,2600,standard,large,moderate,3,18,7,15.3,3,1,Granted,28.0
17/237926,2600,standard,large,strict,3,21,14,26.6,3,1,Granted,39.5
17/805750,2100,standard,micro,moderate,3,17,27,29.1,4,2,Granted,45.4
17/342901,2600,standard,small,moderate,3,24,29,15.7,3,1,Abandoned,23.9
17/573423,2600,standard,large,moderate,4,27,12,14.0,1,0,Granted,19.3
17/352184,2800,standard,small,moderate,5,32,5,14.9,1,0,Granted,20.7
17/923510,2800,standard,large,moderate,3,18,10,15.3,1,0,Granted,21.8
17/622240,3700,trackOne,small,strict,4,25,6,4.6,1,0,Granted,11.9
17/393097,2600,trackOne,small,moderate,5,24,1,3.1,4,2,Granted,20.8
17/625071,3600,standard,large,lenient,3,24,11,28.4,2,0,Abandoned,32.8
17/897808,2100,pph,small,moderate,3,14,17,5.2,1,0,Granted,7.3
17/740914,1700,standard,large,strict,3,19,12,18.1,2,0,Abandoned,23.8
17/573281,2100,standard,large,moderate,3,22,22,18.9,3,1,Granted,29.8
17/155521,2400,trackOne,small,moderate,3,27,12,4.8,3,1,Granted,17.5
17/744587,3700,standard,small,moderate,3,33,26,20.1,3,1,Granted,32.5
17/143829,2800,standard,large,strict,3,13,7,10.6,3,1,Granted,22.3
17/568809,2800,standard,large,lenient,2,27,15,22.7,3,1,Abandoned,32.3
17/711653,2400,standard,large,moderate,5,21,10,22.6,1,0,Granted,27.4
17/635176,2800,standard,small,moderate,3,17,22,16.6,1,0,Granted,22.1
17/899013,1700,standard,small,strict,3,15,17,20.5,1,0,Granted,27.4
17/524426,2600,standard,micro,strict,4,17,28,20.8,3,1,Abandoned,32.1
17/167483,2100,standard,small,strict,1,19,18,24.9,1,0,Granted,30.5
17/184397,2400,standard,small,lenient,3,25,24,22.9,3,1,Granted,35.8
17/387485,1700,standard,large,lenient,3,14,16,16.5,1,0,Granted,21.5
17/100803,2100,pph,small,lenient,1,16,11,6.3,3,1,Abandoned,16.6
17/563481,3600,standard,small,moderate,3,28,13,23.2,3,1,Granted,35.1
17/469848,2100,standard,micro,moderate,3,23,16,26.3,1,0,Granted,32.7
17/111403,1700,standard,small,moderate,3,14,10,15.8,3,1,Granted,27.5
17/711134,1700,accelerated,small,lenient,2,22,17,5.8,1,0,Granted,9.5
17/723334,1700,pph,small,moderate,3,30,4,5.3,3,1,Granted,17.6
17/606448,1600,standard,large,lenient,3,33,12,17.6,1,0,Granted,23.2
17/303306,3700,standard,small,moderate,3,29,1,14.5,1,0,Granted,21.0
17/570295,1600,standard,large,lenient,3,31,11,18.8,2,0,Abandoned,45.7
17/381268,3600,standard,large,strict,5,23,12,31.5,3,1,Granted,45.2
17/288894,3700,standard,micro,lenient,4,34,26,24.9,1,0,Granted,31.3
17/235734,2100,standard,large,strict,3,28,29,20.9,3,1,Granted,32.8
17/427181,2600,standard,large,strict,4,19,25,27.1,3,1,Granted,39.2
17/561744,3700,trackOne,small,moderate,3,25,12,5.0,1,0,Granted,11.4
17/899911,2400,pph,large,strict,3,23,15,5.4,2,0,Abandoned,11.2
17/729868,2600,standard,large,moderate,3,18,27,11.9,1,0,Granted,18.4
17/567311,3700,trackOne,large,lenient,3,24,7,3.7,2,0,Abandoned,8.4
17/129472,2100,standard,small,strict,4,28,3,30.0,1,0,Granted,33.8
17/568331,2600,standard,small,lenient,3,30,29,16.1,3,1,Granted,30.3
17/206841,2400,pph,large,strict,3,18,21,4.0,1,0,Granted,9.8
17/320153,1700,trackOne,small,strict,3,15,29,4.5,3,1,Granted,16.8
17/781941,2600,standard,large,moderate,6,22,18,20.3,1,0,Granted,23.2
17/546986,1700,standard,small,moderate,3,28,13,22.9,2,0,Abandoned,55.7
17/848641,2100,standard,large,lenient,4,15,25,23.5,3,1,Granted,36.1
17/282622,2800,trackOne,small,lenient,5,22,13,3.1,1,0,Granted,8.2
17/867441,2600,standard,large,lenient,2,17,17,21.3,1,0,Granted,27.6
17/960824,2800,standard,large,lenient,3,25,3,12.3,1,0,Granted,17.5
17/813428,1600,standard,small,moderate,3,21,11,22.6,3,1,Granted,34.8
17/779888,3700,standard,small,moderate,4,31,10,22.6,3,1,Abandoned,31.1
17/805964,3600,standard,small,strict,3,24,1,31.2,1,0,Granted,38.0
17/637274,3700,standard,large,lenient,3,22,22,15.3,1,0,Granted,20.8
17/719679,1600,standard,micro,moderate,5,27,7,12.4,1,0,Granted,17.8
17/127210,2800,standard,large,moderate,3,22,23,21.2,3,1,Granted,35.1
17/712772,1600,trackOne,large,moderate,4,25,19,3.2,2,0,Abandoned,29.6
17/338389,2600,trackOne,small,moderate,5,29,14,5.2,3,1,Abandoned,14.6
17/744793,1700,trackOne,large,lenient,3,13,10,2.5,2,0,Abandoned,8.1
17/371627,1600,pph,small,moderate,3,20,10,5.6,1,0,Granted,9.8
17/917926,1700,pph,small,lenient,3,33,6,5.9,1,0,Granted,9.1
17/263271,2600,standard,small,moderate,6,36,23,13.1,3,1,Granted,25.6
17/694187,1600,trackOne,large,moderate,3,21,1,2.6,3,1,Granted,14.7
17/582096,2100,standard,small,strict,3,29,8,21.9,1,0,Granted,28.2
17/828728,1700,standard,large,moderate,3,23,23,18.9,2,0,Abandoned,35.9
17/637056,1700,standard,micro,lenient,3,27,7,25.9,3,1,Granted,38.6
17/513979,1600,accelerated,large,lenient,2,18,15,4.0,1,0,Granted,7.5
17/534853,2100,trackOne,large,moderate,3,31,23,4.4,1,0,Granted,7.7
17/241982,2400,trackOne,large,lenient,3,26,21,3.2,1,0,Granted,8.2
17/988635,3700,trackOne,small,lenient,3,33,4,3.5,1,0,Granted,9.7
17/265939,2100,standard,small,lenient,4,31,19,25.6,4,2,Granted,42.6
17/731832,2800,standard,large,moderate,3,23,16,14.5,3,1,Granted,26.7
17/566520,2100,standard,large,strict,3,17,20,32.2,4,2,Granted,48.6
17/255540,2100,standard,large,moderate,3,18,10,21.6,2,0,Abandoned,26.4
17/930502,3700,standard,large,strict,3,19,2,25.8,2,0,Abandoned,52.2
17/919188,3700,standard,small,moderate,1,17,1,16.1,1,0,Granted,23.2
17/745252,2800,standard,large,strict,4,15,3,21.0,3,1,Granted,32.8
17/936863,1700,standard,small,moderate,2,24,1,13.6,1,0,Granted,20.0
17/822328,1600,standard,small,lenient,2,30,20,21.1,2,0,Abandoned,27.4
17/102023,2100,standard,small,moderate,3,13,15,22.4,3,1,Granted,34.9
17/387072,3600,standard,large,lenient,2,26,25,18.2,1,0,Granted,23.7
17/178164,2100,standard,large,moderate,3,22,23,19.2,1,0,Granted,25.0
17/451658,1600,trackOne,large,strict,3,17,5,3.8,2,0,Abandoned,9.5
17/684352,2400,standard,large,strict,4,29,5,22.6,1,0,Granted,29.0
17/299797,2400,standard,small,lenient,3,29,26,17.4,1,0,Granted,22.8
17/557835,2800,standard,large,strict,3,25,20,28.1,3,1,Granted,40.5
17/250565,2400,standard,large,moderate,3,25,11,21.1,2,0,Abandoned,47.9
17/655938,3700,standard,small,moderate,1,16,3,21.6,3,1,Granted,34.7
17/620834,2100,standard,large,lenient,3,33,9,27.9,1,0,Granted,30.4
17/448406,2600,standard,large,moderate,5,31,1,23.3,1,0,Granted,29.3
17/926880,2400,pph,large,lenient,3,26,30,4.5,1,0,Granted,11.8
17/781153,1600,standard,large,moderate,3,30,29,23.0,1,0,Granted,30.1
17/156690,2600,standard,large,moderate,4,23,17,14.3,3,1,Granted,25.9
17/966267,2100,standard,large,strict,2,29,14,28.2,3,1,Granted,40.7
17/824409,1600,standard,large,moderate,4,14,26,19.9,1,0,Granted,25.7
17/935198,1600,standard,small,moderate,3,15,9,19.2,1,0,Granted,23.8
17/779848,1700,standard,large,moderate,2,13,29,16.0,1,0,Granted,21.5
17/952665,2800,trackOne,large,moderate,3,29,9,3.1,2,0,Abandoned,8.4
17/451643,2800,trackOne,small,strict,5,21,17,3.9,1,0,Granted,7.1
17/758349,2400,standard,large,moderate,3,26,8,18.5,1,0,Granted,24.8
17/590177,3700,standard,small,moderate,3,28,10,12.3,1,0,Granted,18.2
17/878312,2600,standard,large,moderate,3,21,33,12.6,1,0,Granted,17.6
17/893569,1700,trackOne,large,moderate,3,13,31,4.7,2,0,Abandoned,28.9
17/332159,2400,standard,large,lenient,3,14,23,22.2,1,0,Granted,27.9
17/843901,1700,standard,large,lenient,3,17,11,16.4,1,0,Granted,21.2
17/425197,3600,standard,large,moderate,2,13,10,34.0,1,0,Granted,38.2
17/840557,2400,pph,large,lenient,3,31,11,5.7,3,1,Granted,17.4
17/805791,2600,standard,small,strict,4,30,14,21.5,3,1,Granted,34.2
17/862382,1700,trackOne,large,strict,3,24,20,3.1,2,0,Abandoned,8.4
17/141300,2600,standard,small,strict,3,30,8,15.6,2,0,Abandoned,20.9
17/197042,2400,accelerated,large,strict,6,36,3,4.6,2,0,Abandoned,10.7
17/337227,3600,pph,small,moderate,3,17,17,6.5,2,0,Abandoned,12.9
17/548827,3700,trackOne,small,moderate,3,27,2,4.5,3,1,Granted,16.1
17/554625,2100,standard,large,moderate,4,15,7,21.9,1,0,Granted,28.0
17/275661,1700,standard,small,moderate,3,19,16,20.9,2,0,Abandoned,45.1
17/489074,3600,pph,small,strict,2,26,3,7.7,3,1,Granted,19.6
17/870633,2800,trackOne,small,moderate,1,19,22,3.6,1,0,Granted,9.1
17/941740,2100,standard,small,lenient,5,23,21,16.2,1,0,Granted,21.0
17/546689,3700,accelerated,large,moderate,5,27,16,4.6,1,0,Granted,10.1
17/513242,1700,standard,micro,strict,4,22,17,22.6,1,0,Granted,28.9
17/260225,2800,standard,large,lenient,4,33,21,16.2,1,0,Granted,19.6
17/483320,1600,standard,large,lenient,2,24,11,26.7,1,0,Granted,32.8
17/567613,1700,accelerated,small,strict,3,20,23,4.4,3,1,Granted,17.0
17/537634,2100,standard,large,strict,3,15,15,37.8,4,2,Granted,54.2
17/653037,2100,standard,small,lenient,2,24,4,19.0,3,1,Granted,30.8
17/350125,2100,standard,large,lenient,2,19,21,15.2,1,0,Granted,21.5
17/413634,1700,standard,large,moderate,3,28,10,21.0,3,1,Abandoned,31.5
17/367963,3600,accelerated,large,moderate,1,24,30,4.3,3,1,Granted,15.8
17/769446,3700,trackOne,large,moderate,2,22,23,4.6,1,0,Granted,9.2
17/873135,1700,standard,large,lenient,3,23,11,23.3,1,0,Granted,28.9
17/648049,2100,standard,large,moderate,2,18,1,19.7,3,1,Granted,32.3
17/686707,2400,standard,small,strict,3,28,17,34.5,2,0,Abandoned,58.7
17/938177,3600,standard,micro,moderate,2,22,7,27.4,1,0,Granted,32.4
17/862597,3700,standard,small,lenient,4,22,11,22.3,2,0,Granted,47.5
17/378925,2100,trackOne,large,moderate,3,15,6,3.4,1,0,Granted,8.7
17/176755,1600,standard,large,lenient,6,35,8,24.0,1,0,Granted,29.9
17/247181,2600,trackOne,micro,lenient,3,19,20,5.0,1,0,Granted,10.9
17/734888,2600,accelerated,small,moderate,3,33,15,4.8,1,0,Granted,10.5
17/600823,2100,standard,small,lenient,3,31,15,24.3,3,1,Abandoned,34.2
17/248945,2600,standard,small,strict,3,33,1,28.4,3,1,Granted,41.1
17/727466,2100,standard,large,lenient,3,21,20,15.6,3,1,Granted,28.3
17/510507,2400,trackOne,small,lenient,3,30,6,4.4,1,0,Granted,7.3
17/792043,2800,pph,large,lenient,3,30,1,6.7,3,1,Granted,17.8
17/564495,3600,standard,small,moderate,2,13,15,29.3,3,1,Granted,41.7
17/329685,3600,standard,small,strict,3,24,17,29.5,1,0,Granted,33.6
17/890556,1700,standard,micro,strict,5,25,11,21.1,1,0,Granted,26.7
17/411143,2400,standard,small,strict,3,29,9,21.5,1,0,Granted,27.3
17/338029,1600,standard,large,moderate,3,20,5,29.9,2,0,Granted,55.0
17/973109,2800,standard,large,strict,5,31,18,19.8,2,0,Abandoned,25.0
17/761818,2100,pph,small,moderate,2,14,3,4.0,2,0,Abandoned,9.1
17/724705,2100,standard,micro,lenient,3,21,25,18.6,1,0,Granted,23.6
17/634101,3600,standard,micro,moderate,4,14,18,25.6,1,0,Granted,30.4
17/370901,2100,standard,large,moderate,3,27,24,27.8,3,1,Granted,39.8
17/655595,2400,standard,large,moderate,3,19,10,22.8,3,1,Granted,35.1
17/169044,1600,standard,large,strict,3,17,7,25.2,4,2,Abandoned,39.4
17/151522,3700,standard,large,lenient,3,29,19,17.5,1,0,Granted,21.7
17/286134,2600,standard,small,lenient,2,26,8,16.2,1,0,Granted,21.9
17/429413,3600,standard,small,strict,3,16,17,26.4,3,1,Granted,38.1
17/340983,3600,standard,large,moderate,3,31,11,29.6,1,0,Granted,35.4
17/739795,2400,standard,large,lenient,3,13,14,19.6,1,0,Granted,26.1
17/291993,2100,standard,micro,moderate,3,29,11,20.8,2,0,Abandoned,46.9
17/933397,2400,standard,large,moderate,3,23,19,22.6,2,0,Abandoned,28.4
17/361212,2800,trackOne,small,lenient,2,17,32,4.6,2,0,Abandoned,30.9
17/803420,1700,standard,large,strict,6,27,4,23.2,1,0,Granted,29.6
17/936188,2600,trackOne,small,moderate,3,31,14,4.0,1,0,Granted,9.4
17/702186,3600,standard,large,lenient,3,23,14,23.9,1,0,Granted,29.8
17/789251,1600,pph,large,moderate,3,13,18,6.8,2,0,Abandoned,13.2
17/157920,1600,standard,micro,lenient,3,20,21,22.9,1,0,Granted,28.7
17/940953,2400,standard,large,moderate,2,22,21,19.0,1,0,Granted,25.3
17/189485,2100,standard,large,moderate,3,20,27,28.9,1,0,Granted,32.0
17/635267,2400,standard,small,moderate,3,17,22,29.9,1,0,Granted,35.8
17/656213,3700,standard,micro,moderate,5,30,18,25.1,4,2,Abandoned,39.3
17/593319,3700,standard,small,lenient,2,27,13,7.6,1,0,Granted,15.5
17/669337,2100,trackOne,large,moderate,3,29,18,2.7,2,0,Abandoned,25.3
17/497019,2600,standard,large,moderate,4,33,12,19.9,1,0,Granted,26.4
17/809049,2400,standard,large,strict,3,21,20,25.2,3,1,Granted,38.3
17/926566,3700,standard,large,strict,3,19,6,13.6,1,0,Granted,19.5
17/434262,2600,standard,large,moderate,4,19,23,25.8,1,0,Granted,31.9
17/251700,3600,pph,large,moderate,4,14,25,6.5,3,1,Granted,17.7
17/465402,2800,pph,small,moderate,3,27,22,4.3,1,0,Granted,7.4
17/797996,2800,standard,large,moderate,3,24,13,13.1,3,1,Granted,24.6
17/809582,3700,standard,large,moderate,3,22,17,19.4,2,0,Abandoned,25.5
17/599228,2600,standard,small,lenient,3,24,18,17.0,3,1,Abandoned,25.8
17/108905,1700,standard,large,strict,5,26,18,31.5,3,1,Granted,43.2
17/168998,1700,standard,large,moderate,3,21,11,21.9,1,0,Granted,28.0
17/209308,1700,standard,small,strict,2,30,18,25.2,3,1,Granted,38.0
17/251803,1700,standard,small,moderate,3,27,12,9.9,3,1,Granted,22.2
17/459916,1600,standard,small,strict,2,19,1,35.7,1,0,Granted,41.4
17/760945,2800,trackOne,large,strict,2,21,14,3.4,1,0,Granted,10.2
17/424080,1600,standard,small,strict,3,19,1,28.9,3,1,Abandoned,38.0
17/731436,2800,trackOne,small,moderate,3,22,17,3.8,2,0,Abandoned,37.1
17/227923,1600,standard,large,lenient,3,23,30,18.1,3,1,Granted,29.5
17/129525,2600,standard,large,lenient,3,13,16,21.4,3,1,Abandoned,31.8
17/804220,1700,trackOne,large,strict,4,17,13,4.8,2,0,Abandoned,10.5
17/153629,2600,trackOne,small,moderate,3,31,18,3.3,1,0,Granted,8.3
17/786535,2100,standard,small,lenient,3,19,17,13.9,3,1,Granted,26.2
17/871542,2400,standard,small,moderate,2,29,1,16.7,1,0,Granted,23.8
17/716226,2100,standard,large,moderate,4,31,7,15.9,2,0,Abandoned,21.6
17/311923,3700,standard,large,moderate,1,25,16,22.0,1,0,Granted,26.3
17/745222,2600,standard,large,moderate,3,19,7,16.4,3,1,Granted,28.7
17/752819,2100,standard,large,lenient,4,20,8,28.9,1,0,Granted,31.8
17/952201,2100,trackOne,large,moderate,3,23,1,3.6,3,1,Granted,15.8
17/502328,2800,standard,large,moderate,2,24,16,21.7,1,0,Granted,27.7
17/611800,2400,standard,large,lenient,3,27,17,9.3,1,0,Granted,16.4
17/311926,2800,standard,large,moderate,3,19,5,12.1,1,0,Granted,17.3
17/673808,2100,standard,large,moderate,1,28,20,21.7,1,0,Granted,27.9
17/907619,1700,standard,large,moderate,3,22,15,13.4,1,0,Granted,17.3
17/429913,1700,standard,large,strict,3,18,16,29.1,3,1,Granted,40.5
17/113558,2600,standard,large,strict,3,29,26,31.7,1,0,Granted,36.0
17/359520,2400,standard,micro,moderate,2,19,12,19.7,1,0,Granted,26.4
17/399486,1700,standard,large,moderate,3,28,3,17.4,1,0,Granted,24.3
17/238029,2400,trackOne,large,moderate,3,18,16,3.0,1,0,Granted,8.2
17/979895,2400,standard,large,moderate,2,15,17,29.7,1,0,Granted,36.2
17/969599,3700,standard,large,strict,3,20,21,17.8,1,0,Granted,22.6
17/372553,3700,standard,large,strict,3,25,10,19.8,3,1,Granted,31.3
17/356959,1700,accelerated,large,strict,3,23,14,3.5,2,0,Abandoned,34.4
17/764285,1700,standard,small,moderate,2,30,23,14.9,2,0,Abandoned,40.1
17/758445,2100,standard,large,moderate,4,15,10,21.4,1,0,Granted,27.2
17/172910,3700,standard,large,moderate,6,21,11,10.2,4,2,Granted,26.9
17/354628,3700,standard,large,strict,3,23,28,17.3,2,0,Granted,46.5
17/866003,2100,standard,micro,lenient,3,31,18,19.0,1,0,Granted,25.4
17/839330,1700,standard,large,moderate,3,29,24,22.8,3,1,Granted,33.7
17/384283,2400,standard,micro,moderate,3,13,4,21.1,2,0,Granted,48.5
17/911889,3700,standard,small,lenient,2,29,1,12.8,1,0,Granted,18.9
17/108811,2600,standard,small,strict,3,22,16,21.9,4,2,Granted,36.6
17/646205,2400,standard,large,lenient,3,14,8,16.9,3,1,Granted,28.9
17/811471,2400,standard,small,lenient,3,26,6,22.3,1,0,Granted,27.7
17/177750,1600,standard,large,strict,3,29,21,32.3,2,0,Abandoned,37.6
17/430201,2800,pph,large,lenient,2,13,2,4.3,3,1,Granted,16.8
17/415432,3600,standard,large,strict,3,17,23,28.8,2,0,Abandoned,34.5
17/329334,2400,standard,small,moderate,3,21,23,25.0,1,0,Granted,28.1
17/974838,1600,pph,small,moderate,3,16,3,4.1,2,0,Abandoned,9.0
17/714070,2800,standard,small,strict,3,33,11,16.1,1,0,Granted,21.5
17/541003,3600,trackOne,large,moderate,3,22,15,3.7,3,1,Granted,15.7
17/403930,1700,trackOne,large,moderate,4,20,4,4.1,1,0,Granted,9.4
17/576641,3700,standard,large,strict,3,27,20,20.7,2,0,Abandoned,25.7
17/385246,1700,pph,small,moderate,3,21,10,4.7,1,0,Granted,9.9
17/879343,3700,standard,large,lenient,3,31,25,21.2,1,0,Granted,26.7
17/774253,1700,standard,large,strict,4,25,41,23.1,3,1,Abandoned,33.9
17/592791,2600,standard,small,moderate,3,29,14,16.5,1,0,Granted,21.8
17/402226,3700,standard,large,strict,3,31,19,25.0,3,1,Abandoned,33.1
17/941389,2800,standard,large,strict,1,30,18,16.2,1,0,Granted,22.0
17/245052,1600,standard,small,lenient,2,12,1,27.3,1,0,Granted,32.9
17/481810,1700,standard,small,lenient,3,25,11,21.4,1,0,Granted,27.7
17/795597,2400,standard,micro,moderate,3,32,18,21.5,3,1,Abandoned,30.9
17/172893,1600,standard,large,moderate,3,17,13,19.1,1,0,Granted,24.8
17/357751,1700,standard,small,lenient,6,31,3,13.6,1,0,Granted,16.1
17/799041,1600,standard,small,moderate,3,16,9,21.7,1,0,Granted,26.5
17/394796,3700,pph,large,moderate,4,19,10,6.3,3,1,Abandoned,15.8
17/152862,2400,standard,small,lenient,5,28,13,17.5,1,0,Granted,24.1
17/620844,1700,trackOne,small,strict,3,15,22,4.6,1,0,Granted,11.0
17/605779,1600,standard,large,moderate,3,30,11,21.5,2,0,Abandoned,48.4
17/503821,2400,standard,large,moderate,3,33,3,28.4,3,1,Granted,40.6
17/687227,2100,standard,micro,lenient,3,30,7,16.2,1,0,Granted,22.5
17/859489,2400,standard,small,lenient,3,24,27,16.1,1,0,Granted,20.8
17/731147,2400,standard,small,moderate,2,27,17,21.5,2,0,Abandoned,26.4
17/731820,1700,pph,large,moderate,4,22,5,4.8,1,0,Granted,10.7
17/325423,2600,standard,large,strict,3,28,13,17.6,1,0,Granted,23.7
17/264241,2600,standard,large,lenient,2,20,26,15.0,1,0,Granted,20.5
17/450339,3700,standard,large,lenient,3,31,13,23.2,1,0,Granted,29.4
17/332955,3700,trackOne,large,moderate,3,24,15,3.0,3,1,Granted,15.2
17/304147,2600,standard,large,strict,5,24,15,19.2,1,0,Granted,25.0
17/693930,2600,accelerated,micro,lenient,3,24,7,5.1,1,0,Granted,7.3
17/756690,3700,standard,small,lenient,3,23,25,10.9,1,0,Granted,14.0
17/184980,1700,standard,large,moderate,3,14,6,20.0,1,0,Granted,26.1
17/562688,2400,standard,small,moderate,2,23,21,27.8,3,1,Granted,38.9
17/864403,2100,standard,large,moderate,3,29,9,27.3,2,0,Abandoned,58.1
17/847769,2600,standard,small,strict,3,32,3,17.1,1,0,Granted,22.5
17/216491,2400,standard,large,strict,2,28,1,16.1,1,0,Granted,21.5
17/981635,3700,standard,large,lenient,3,22,6,17.7,2,0,Abandoned,22.3
17/571162,1700,standard,small,moderate,3,14,10,14.3,1,0,Granted,17.1
17/193939,2400,standard,small,strict,4,25,20,17.4,1,0,Granted,23.6
17/164845,1700,standard,large,lenient,2,24,18,14.5,1,0,Granted,19.2
17/419851,2600,standard,large,strict,2,27,23,21.2,3,1,Granted,33.3
17/573983,2400,standard,large,moderate,5,29,16,20.7,3,1,Abandoned,28.5
17/468411,2400,standard,micro,strict,1,26,1,20.5,3,1,Abandoned,29.6
17/221948,1600,standard,large,moderate,3,17,6,20.8,1,0,Granted,24.3
17/746150,1600,standard,small,moderate,3,18,21,23.1,3,1,Granted,35.3
17/502863,3600,standard,large,strict,3,23,24,30.8,2,0,Abandoned,37.3
17/511280,2800,standard,large,moderate,2,18,13,15.2,2,0,Abandoned,38.2
17/615908,2400,trackOne,large,moderate,4,34,31,2.5,1,0,Granted,8.5
17/118784,1600,standard,small,strict,3,13,14,32.2,3,1,Granted,44.9
17/364426,3600,standard,micro,moderate,3,25,12,17.2,1,0,Granted,23.4
17/480751,2100,trackOne,large,moderate,4,22,12,3.0,3,1,Granted,15.3
17/686099,2600,pph,large,moderate,3,31,12,5.5,1,0,Granted,7.9
17/991639,3600,standard,small,moderate,3,23,21,18.1,2,0,Abandoned,23.2
17/795641,2100,standard,large,moderate,3,20,1,20.6,3,1,Granted,33.3
17/988032,1700,standard,large,strict,3,26,32,24.9,2,0,Abandoned,30.6
17/475187,2600,standard,small,moderate,2,18,13,11.6,1,0,Granted,17.0
17/705630,2800,standard,small,moderate,3,29,1,13.7,1,0,Granted,19.6
17/402001,2800,standard,small,strict,4,25,21,19.3,1,0,Granted,26.3
17/834583,2800,standard,small,moderate,3,31,13,8.1,2,0,Abandoned,12.8
17/871409,3600,standard,small,lenient,6,21,12,23.9,1,0,Granted,31.3
17/373089,2800,standard,large,lenient,2,14,8,12.6,3,1,Granted,25.6
17/219546,3700,standard,small,lenient,3,18,18,20.8,1,0,Granted,27.6
17/314438,1600,standard,small,moderate,3,33,31,27.7,3,1,Granted,40.1
17/381050,3600,trackOne,large,strict,2,16,24,3.8,1,0,Granted,6.4
17/429094,2100,standard,small,moderate,3,20,19,22.9,3,1,Granted,34.4
17/945858,3600,standard,large,strict,3,22,15,29.8,2,0,Abandoned,34.8
17/634717,2600,standard,large,moderate,4,28,26,24.0,3,1,Abandoned,35.3
17/229177,1600,standard,micro,moderate,3,21,14,26.9,3,1,Granted,38.2
17/589316,3700,accelerated,large,strict,1,13,18,4.2,2,0,Abandoned,9.2
17/301304,2400,standard,large,strict,3,32,19,30.1,3,1,Granted,41.6
17/949450,2800,trackOne,large,strict,3,18,9,4.0,2,0,Abandoned,29.3
17/771165,3700,standard,small,moderate,3,26,24,11.3,2,0,Abandoned,32.3
17/530588,2100,standard,large,moderate,3,22,9,20.0,2,0,Abandoned,24.0
17/310566,2600,standard,large,moderate,3,19,4,20.7,1,0,Granted,27.8
17/601499,3700,standard,small,moderate,2,26,17,17.5,3,1,Granted,30.4
17/862021,3600,standard,large,strict,3,26,20,35.5,3,1,Abandoned,45.1
17/290343,3600,standard,large,moderate,5,32,19,31.5,1,0,Granted,37.7
17/801909,1700,trackOne,large,moderate,2,32,7,4.0,3,1,Granted,17.2
17/207501,1600,standard,large,moderate,2,15,16,13.2,1,0,Granted,18.2
17/687077,2100,standard,small,lenient,3,20,6,13.7,1,0,Granted,21.1
17/208525,2600,standard,small,moderate,2,23,1,23.9,1,0,Granted,30.1
17/119597,2400,trackOne,small,strict,3,13,9,3.6,1,0,Granted,9.3
17/441692,1700,trackOne,micro,lenient,1,11,7,2.7,1,0,Granted,9.4
17/806944,3600,standard,micro,moderate,3,25,25,25.1,3,1,Granted,37.7
17/790229,3700,standard,large,moderate,6,20,19,20.3,3,1,Granted,33.0
17/733261,2400,standard,small,moderate,4,34,12,25.3,3,1,Abandoned,34.1
17/965055,2100,trackOne,small,moderate,3,19,16,3.6,1,0,Granted,9.7
17/827151,3700,standard,small,strict,3,31,9,18.0,3,1,Granted,30.4
17/597358,1700,standard,small,lenient,2,31,15,13.3,2,0,Abandoned,39.8
17/789764,2800,standard,micro,moderate,4,31,22,24.8,1,0,Granted,30.3
17/204205,2600,standard,small,lenient,3,33,17,22.8,3,1,Granted,35.6
17/794744,2100,standard,large,moderate,3,19,23,24.3,1,0,Granted,29.6
17/494901,1600,standard,large,moderate,3,19,22,18.6,3,1,Granted,30.2
17/551390,1700,standard,large,moderate,3,33,22,10.3,3,1,Granted,22.4
17/972732,2100,standard,large,strict,5,32,10,24.3,1,0,Granted,29.8
17/822062,2100,trackOne,large,lenient,2,31,8,2.5,1,0,Granted,8.2
17/963364,2600,standard,small,moderate,4,28,8,20.2,1,0,Granted,25.7
17/256250,2400,standard,small,strict,2,25,12,22.8,1,0,Granted,28.0
17/670804,2100,trackOne,large,strict,3,15,35,3.0,2,0,Abandoned,33.7
17/196260,2800,standard,large,moderate,3,17,1,14.0,2,0,Abandoned,18.9
17/985871,1700,accelerated,small,moderate,2,29,11,5.5,3,1,Granted,17.8
17/490854,2800,trackOne,large,strict,2,28,5,4.0,2,0,Granted,28.8
17/704795,2400,pph,small,strict,2,14,16,4.9,3,1,Granted,17.2
17/779090,3600,standard,large,strict,5,30,10,32.5,1,0,Granted,37.3
17/124202,3700,standard,large,lenient,2,19,6,18.7,1,0,Granted,24.9
17/789009,3700,standard,large,moderate,5,28,5,17.8,1,0,Granted,20.7
17/866825,1700,standard,large,strict,4,16,5,21.9,2,0,Abandoned,26.4
17/899300,3700,standard,small,moderate,3,31,10,12.2,1,0,Granted,18.1
17/137990,2800,standard,small,lenient,3,33,12,6.0,1,0,Granted,8.6
17/224279,3700,trackOne,micro,moderate,3,17,22,3.3,1,0,Granted,9.0
17/974021,2600,standard,large,moderate,2,15,20,18.1,3,1,Abandoned,28.3
17/485943,2400,standard,micro,moderate,5,15,30,18.8,1,0,Granted,21.6
17/670332,2600,standard,large,moderate,3,30,5,9.7,1,0,Granted,15.7
17/699747,1700,pph,large,strict,4,26,26,6.4,3,1,Granted,18.8
17/607240,2400,standard,small,lenient,1,11,17,26.9,3,1,Granted,38.5
17/944451,2800,standard,small,moderate,3,16,14,9.9,4,2,Abandoned,22.8
17/647618,2100,trackOne,large,moderate,3,33,10,3.6,1,0,Granted,10.4
17/605363,2400,standard,large,strict,2,18,24,21.1,1,0,Granted,27.3
17/650683,3600,standard,large,lenient,3,31,13,23.8,1,0,Granted,28.8
17/932670,2100,standard,small,lenient,3,27,21,20.4,3,1,Granted,31.1
17/677668,3600,standard,large,moderate,3,31,20,17.1,1,0,Granted,23.3
17/864219,2400,standard,large,moderate,3,23,34,17.2,1,0,Granted,22.1
17/736326,1700,standard,large,strict,3,31,13,15.8,1,0,Granted,21.7
17/779831,2100,standard,large,moderate,5,22,11,23.4,1,0,Granted,30.2
17/601463,1600,standard,small,strict,1,21,14,30.8,2,0,Abandoned,62.3
17/639872,2800,pph,large,lenient,3,17,16,5.0,3,1,Granted,17.6
17/841668,3700,standard,micro,strict,3,27,1,19.3,3,1,Granted,32.6
17/978168,2800,standard,small,strict,3,33,31,25.3,3,1,Granted,38.7
17/794186,3700,standard,large,lenient,3,14,11,15.5,1,0,Granted,18.2
17/913238,3700,standard,large,strict,5,24,4,25.1,1,0,Granted,30.0
17/505972,3600,trackOne,small,moderate,3,14,16,3.4,1,0,Granted,8.6
17/596401,3600,pph,large,moderate,3,24,13,5.0,2,0,Abandoned,11.2
17/241766,2400,standard,large,moderate,3,15,12,18.2,2,0,Abandoned,23.0
17/630459,3700,standard,large,lenient,6,27,22,15.2,1,0,Granted,18.2
17/133660,2400,standard,small,moderate,1,22,6,19.5,1,0,Granted,26.0
17/789380,2600,standard,small,moderate,3,17,18,22.5,3,1,Granted,36.3
17/914818,2400,standard,small,lenient,4,34,8,24.0,1,0,Granted,30.7
17/516204,1700,pph,small,moderate,3,32,9,5.5,3,1,Granted,19.0
17/107148,1700,standard,large,lenient,6,18,23,17.9,3,1,Granted,30.9
17/530551,1700,trackOne,large,moderate,3,21,4,2.5,1,0,Granted,7.4
17/366100,2800,standard,micro,moderate,4,14,11,13.1,1,0,Granted,18.5
17/210798,1700,standard,large,lenient,3,26,7,19.6,1,0,Granted,26.1
17/849221,3600,trackOne,small,strict,3,18,7,2.5,4,2,Granted,20.3
17/709159,1700,standard,large,lenient,4,16,23,17.0,1,0,Granted,22.5
17/596395,2100,standard,large,moderate,3,15,6,22.9,2,0,Abandoned,29.0
17/842406,3600,trackOne,large,moderate,3,31,11,2.9,1,0,Granted,8.4
17/266959,3700,standard,large,moderate,5,22,1,10.1,1,0,Granted,17.0
17/339770,2800,standard,small,moderate,1,20,20,21.1,1,0,Granted,27.0
17/367678,3700,standard,large,lenient,3,13,10,11.0,1,0,Granted,16.6
17/679051,3700,standard,micro,moderate,3,30,25,14.9,1,0,Granted,21.6
17/609195,2800,standard,micro,strict,3,30,1,18.9,3,1,Granted,31.5
17/821069,2100,standard,large,lenient,3,22,14,20.2,3,1,Abandoned,31.1
17/105626,1700,trackOne,micro,lenient,5,24,17,2.5,1,0,Granted,9.7
17/631142,1700,standard,small,strict,2,15,19,29.3,3,1,Granted,41.9
17/806670,3600,standard,small,lenient,1,25,7,20.8,1,0,Granted,25.8
17/997807,1600,accelerated,large,lenient,2,29,11,4.5,3,1,Abandoned,13.3
17/386628,3700,standard,small,lenient,5,23,15,18.6,2,0,Abandoned,23.4
17/181732,2600,pph,large,strict,4,22,29,5.2,2,0,Abandoned,10.0
17/268123,2400,standard,micro,strict,4,17,5,21.2,3,1,Granted,33.9
17/352126,3600,pph,large,moderate,5,32,15,4.8,1,0,Granted,9.3
17/415479,2600,trackOne,small,strict,2,19,17,4.2,2,0,Abandoned,31.4
17/873131,2600,trackOne,small,lenient,1,21,10,3.8,1,0,Granted,5.8
17/973066,2600,standard,large,moderate,3,24,11,16.9,3,1,Granted,28.3
17/371106,2800,standard,large,moderate,5,29,21,22.3,1,0,Granted,27.6
17/970717,1600,standard,large,moderate,3,26,13,18.3,2,0,Abandoned,23.7
17/108810,2400,trackOne,large,strict,3,23,14,5.2,3,1,Granted,18.9
17/256171,1600,standard,large,moderate,3,31,8,25.9,1,0,Granted,32.6
17/673282,3700,standard,large,moderate,4,14,20,20.4,1,0,Granted,27.0
17/352947,3700,standard,large,lenient,3,25,6,21.9,3,1,Abandoned,30.3
17/593494,2600,trackOne,large,lenient,3,29,1,3.3,3,1,Abandoned,11.6
17/801211,3700,standard,large,moderate,4,27,5,17.8,2,0,Abandoned,23.7
17/397618,3600,standard,small,strict,3,31,18,36.7,3,1,Granted,48.6
17/897508,2600,standard,small,moderate,3,29,5,16.3,2,0,Abandoned,20.8
17/743350,2800,pph,small,lenient,3,15,27,5.7,1,0,Granted,11.5
17/611435,2800,trackOne,large,moderate,3,13,3,2.8,1,0,Granted,6.4
17/109912,1700,standard,large,strict,3,19,12,21.6,1,0,Granted,27.0
17/638421,1700,standard,large,moderate,3,19,21,20.1,2,0,Granted,50.3
17/896515,1700,standard,small,moderate,2,18,28,22.9,1,0,Granted,29.0
17/478267,2800,standard,large,moderate,3,30,17,15.6,1,0,Granted,17.8
17/266094,1600,pph,micro,moderate,2,22,17,4.0,1,0,Granted,10.7
17/870021,1600,standard,micro,lenient,2,28,17,19.1,1,0,Granted,24.1
17/210480,2800,standard,large,strict,3,33,1,25.3,3,1,Granted,37.2
17/321761,1600,standard,small,moderate,3,23,23,28.0,3,1,Granted,39.0
17/195836,3700,standard,large,moderate,3,23,32,16.2,1,0,Granted,21.1
17/547022,1700,standard,small,moderate,5,28,21,19.1,3,1,Granted,32.2
17/141406,1600,standard,large,strict,3,28,14,26.4,3,1,Granted,38.4
17/647002,1600,standard,small,moderate,3,33,7,22.8,4,2,Granted,39.2
17/996945,2600,standard,large,lenient,6,18,3,20.9,1,0,Granted,26.7
17/920629,2600,standard,large,moderate,3,28,21,23.7,4,2,Granted,40.0
17/998200,3700,standard,large,moderate,3,14,5,14.6,1,0,Granted,20.4
17/659092,2600,standard,small,moderate,3,16,11,19.0,1,0,Granted,25.3
17/488925,2800,standard,large,strict,3,19,5,19.2,1,0,Granted,25.4
17/299436,2600,standard,large,lenient,3,13,18,15.9,4,2,Abandoned,28.9
17/361556,1600,standard,large,strict,3,31,3,24.4,3,1,Granted,36.4
17/710866,2800,standard,small,lenient,4,32,5,7.7,2,0,Abandoned,13.0
17/913327,1600,trackOne,large,lenient,2,21,18,2.9,3,1,Granted,14.5
17/858008,3700,standard,large,strict,3,23,16,17.0,3,1,Granted,28.6
17/397956,3700,trackOne,large,moderate,2,16,7,3.8,1,0,Granted,6.1
17/804918,1600,standard,small,moderate,3,27,11,23.3,1,0,Granted,25.9
17/685335,1600,trackOne,large,moderate,3,27,20,3.5,1,0,Granted,8.8
17/715948,2600,standard,large,strict,3,14,16,27.8,1,0,Granted,34.9
17/116094,3700,pph,small,lenient,3,28,15,4.3,1,0,Granted,6.1
17/423872,1600,standard,large,moderate,3,21,5,19.4,3,1,Abandoned,29.1
17/156023,3700,standard,micro,strict,3,29,18,19.6,3,1,Granted,30.5
17/407738,1700,standard,large,moderate,3,14,11,23.8,1,0,Granted,30.3
17/323284,3700,trackOne,small,moderate,3,24,20,4.5,3,1,Granted,16.9
17/806633,2400,standard,large,moderate,3,31,17,14.8,1,0,Granted,20.3
17/883960,1600,standard,small,strict,3,23,7,21.7,1,0,Granted,28.0
17/601460,1700,standard,large,moderate,4,19,14,16.7,3,1,Abandoned,25.4
17/827605,2400,standard,large,lenient,4,27,12,18.7,2,0,Granted,50.1
17/969449,3700,standard,large,moderate,3,22,9,14.3,1,0,Granted,20.5
17/317845,3600,pph,small,strict,4,20,14,5.0,3,1,Abandoned,13.5
17/285283,2600,standard,small,moderate,1,19,11,17.7,1,0,Granted,24.1
17/389784,2100,standard,micro,lenient,3,20,8,13.8,1,0,Granted,20.7
17/217584,1600,standard,small,lenient,3,13,28,20.9,3,1,Abandoned,31.0
17/978881,3600,standard,large,moderate,3,27,1,18.6,2,0,Abandoned,42.1
17/538767,2100,standard,large,strict,3,30,16,22.4,3,1,Abandoned,30.2
17/784136,1700,standard,small,moderate,3,27,7,19.9,3,1,Abandoned,30.1
17/481580,3600,standard,large,moderate,3,32,6,31.7,1,0,Granted,38.5
17/247744,3700,standard,small,lenient,3,20,5,11.7,1,0,Granted,17.8
17/843966,3600,standard,large,lenient,3,26,26,21.2,1,0,Granted,27.5
17/692654,2800,standard,large,lenient,3,15,15,12.9,2,0,Abandoned,17.1
17/589696,2800,standard,large,moderate,4,17,5,15.1,3,1,Abandoned,26.3
17/575008,1700,standard,large,moderate,2,28,13,18.5,3,1,Abandoned,25.9
17/497667,2400,standard,large,moderate,2,16,9,18.7,1,0,Granted,24.3
17/334030,2400,standard,micro,moderate,3,19,11,22.8,2,0,Abandoned,28.1
17/530771,1700,standard,large,strict,6,35,14,16.4,2,0,Abandoned,21.7
17/158943,2400,trackOne,small,moderate,3,20,12,3.4,2,0,Abandoned,27.8
17/972211,1700,standard,large,lenient,1,26,19,19.0,1,0,Granted,24.4
17/960691,1600,standard,large,lenient,3,21,18,26.2,1,0,Granted,33.0
17/800285,2800,standard,large,strict,3,26,10,23.3,4,2,Abandoned,35.8
17/453215,1600,standard,large,moderate,2,12,4,21.9,1,0,Granted,27.5
17/684997,2800,standard,small,strict,3,30,4,18.1,3,1,Granted,29.9
17/783413,1700,standard,large,moderate,4,30,26,17.3,3,1,Granted,27.9
17/773881,3600,standard,large,moderate,6,30,16,21.7,1,0,Granted,28.3
17/474234,1700,standard,small,lenient,3,25,18,14.7,3,1,Granted,26.0
17/825325,1600,accelerated,micro,lenient,3,26,15,6.1,1,0,Granted,11.4
17/387960,1700,standard,small,lenient,4,15,13,21.7,3,1,Granted,33.9
17/229121,1600,trackOne,large,strict,4,32,37,2.5,1,0,Granted,5.1
17/972636,2100,standard,micro,strict,4,34,19,23.4,3,1,Abandoned,33.6
17/148328,2100,standard,small,lenient,3,23,21,20.1,1,0,Granted,22.7
17/629623,2800,standard,small,moderate,3,21,8,15.5,3,1,Granted,27.0
17/488812,2400,standard,small,strict,3,31,26,21.2,1,0,Granted,26.6
17/996992,3700,standard,large,moderate,1,18,23,11.8,2,0,Abandoned,17.5
17/967939,1700,standard,small,lenient,3,24,7,19.5,1,0,Granted,22.2
17/831995,2600,pph,large,lenient,3,31,10,4.7,1,0,Granted,8.0
17/806074,1700,standard,large,moderate,1,29,25,26.9,1,0,Granted,32.7
17/662461,3700,standard,large,lenient,4,30,18,14.5,1,0,Granted,19.8
17/181943,2800,standard,large,strict,3,25,30,26.9,3,1,Granted,39.1
17/858659,2800,standard,small,strict,2,21,4,16.8,2,0,Abandoned,43.6
17/959421,2600,standard,large,moderate,4,17,22,21.1,1,0,Granted,24.9
17/243987,1700,standard,small,strict,2,32,15,26.8,1,0,Granted,32.0
17/138800,1700,standard,small,lenient,3,28,17,11.6,3,1,Granted,24.5
17/542182,2800,standard,small,moderate,3,32,16,17.7,3,1,Granted,29.9
17/486964,2100,standard,small,lenient,2,18,15,9.9,1,0,Granted,16.7
17/529320,3600,standard,micro,lenient,2,21,8,26.9,1,0,Granted,32.6
17/175840,2800,standard,large,strict,3,14,17,22.4,3,1,Abandoned,30.8
17/278239,2400,standard,large,lenient,4,28,25,20.1,1,0,Granted,27.2
17/554150,3700,trackOne,large,lenient,3,26,3,3.9,1,0,Granted,6.8
17/705513,2800,standard,large,strict,4,33,15,16.5,3,1,Granted,29.0
17/408877,2600,standard,small,strict,3,28,20,24.4,1,0,Granted,30.8
17/620600,3700,standard,small,moderate,2,24,1,22.4,3,1,Abandoned,31.6
17/955401,1700,standard,large,strict,3,15,1,23.5,2,0,Abandoned,28.8
17/242048,3600,standard,large,lenient,3,27,12,23.0,1,0,Granted,26.4
17/345547,2800,standard,large,strict,3,17,18,17.2,4,2,Abandoned,30.3
17/262526,2600,standard,small,lenient,3,13,9,11.5,1,0,Granted,17.0
17/166661,2600,standard,large,strict,5,31,21,22.6,2,0,Abandoned,27.4
17/460853,2600,standard,large,lenient,1,26,18,25.8,1,0,Granted,28.6
17/817415,2800,standard,small,strict,4,31,17,18.8,1,0,Granted,24.4
17/170681,2100,trackOne,large,lenient,3,30,17,4.7,1,0,Granted,7.5
17/622396,2400,standard,small,lenient,3,25,22,27.6,1,0,Granted,32.5
17/935156,3700,pph,small,moderate,3,16,2,6.8,3,1,Abandoned,15.4
17/217257,2400,trackOne,small,moderate,2,20,23,3.6,1,0,Granted,9.6
17/258262,1600,pph,large,moderate,6,36,12,4.5,1,0,Granted,11.4
17/457243,3600,standard,micro,moderate,3,23,18,25.0,2,0,Abandoned,30.1
17/288927,3700,standard,large,lenient,3,23,10,16.5,1,0,Granted,22.2
17/101371,1700,standard,micro,moderate,4,16,1,24.7,1,0,Granted,30.6
17/116167,2600,standard,small,strict,1,21,8,22.3,3,1,Granted,34.9
17/622271,2600,standard,large,moderate,2,23,18,21.3,1,0,Granted,27.4
17/963644,1700,standard,small,moderate,3,22,9,21.7,3,1,Abandoned,31.3
17/484084,3600,standard,large,moderate,3,20,16,21.2,1,0,Granted,26.1
17/569220,2400,accelerated,large,strict,3,22,15,4.6,1,0,Granted,10.4
17/797068,2100,standard,large,lenient,3,31,7,15.0,1,0,Granted,18.7
17/497652,3700,trackOne,small,strict,5,20,13,3.7,3,1,Abandoned,13.6
17/198092,2600,standard,small,moderate,3,25,21,10.3,1,0,Granted,16.4
17/107419,3700,accelerated,small,moderate,3,21,9,4.7,2,0,Granted,33.3
17/164390,3600,standard,small,lenient,3,25,17,20.6,2,0,Abandoned,27.0
17/665093,2100,standard,large,strict,3,31,8,20.7,1,0,Granted,25.3
17/670032,1700,standard,large,moderate,1,26,16,16.3,1,0,Granted,22.4
17/945698,2800,standard,micro,moderate,5,25,22,6.2,3,1,Granted,18.3
17/411168,1700,standard,large,strict,3,18,2,28.0,1,0,Granted,31.1
17/210264,2100,standard,large,strict,4,21,5,23.4,2,0,Granted,52.3
17/464240,2800,standard,small,lenient,2,22,19,20.6,1,0,Granted,26.3
17/185950,3700,standard,small,moderate,3,22,18,14.4,1,0,Granted,19.2
17/691686,3700,standard,large,lenient,3,28,16,6.0,3,1,Granted,18.5
17/620070,1700,standard,large,moderate,5,33,10,15.7,3,1,Abandoned,25.8
17/118766,3600,pph,micro,strict,3,18,9,4.0,2,0,Abandoned,35.0
17/171995,2100,pph,small,moderate,3,29,22,4.6,3,1,Abandoned,15.0
17/107215,2600,standard,micro,lenient,6,19,26,18.6,1,0,Granted,21.6
17/886937,1600,standard,large,lenient,3,15,11,15.5,1,0,Granted,18.8
17/399502,3700,standard,large,moderate,1,31,19,18.2,1,0,Granted,23.3
17/159223,1600,standard,small,lenient,3,14,16,26.9,1,0,Granted,32.4
17/976449,2600,standard,large,moderate,2,23,12,21.0,1,0,Granted,24.8
17/221170,2400,standard,large,strict,3,22,24,25.1,3,1,Granted,38.3
17/580130,2600,standard,small,moderate,5,33,8,22.8,4,2,Granted,38.2
17/115895,3600,standard,small,lenient,4,29,1,29.5,1,0,Granted,34.5
17/174978,2600,standard,large,strict,3,25,21,23.2,2,0,Abandoned,28.8
17/325252,2400,standard,small,moderate,4,32,18,18.3,1,0,Granted,22.9
17/332806,1700,trackOne,large,moderate,2,29,14,3.9,3,1,Granted,15.5
17/408765,3700,standard,large,moderate,3,16,6,13.7,1,0,Granted,18.5
17/290521,3600,standard,small,strict,5,24,6,23.2,2,0,Granted,48.3
17/848177,1700,standard,micro,lenient,3,22,18,22.4,1,0,Granted,27.6
17/417247,1700,pph,large,moderate,2,21,1,6.2,3,1,Granted,19.1
17/993391,3600,standard,small,moderate,2,32,3,21.0,3,1,Abandoned,30.1
17/314665,2800,standard,large,moderate,3,15,10,14.6,1,0,Granted,20.6
17/850694,1700,standard,large,moderate,6,36,12,15.0,2,0,Abandoned,19.8
17/410181,3700,standard,small,moderate,3,28,12,17.2,1,0,Granted,23.9
17/319247,2400,standard,large,strict,3,18,22,18.8,2,0,Granted,45.6
17/610969,1600,standard,large,moderate,2,15,9,17.0,3,1,Granted,29.4
17/956859,2600,standard,large,lenient,3,28,4,17.1,1,0,Granted,24.3
17/417190,2800,trackOne,large,moderate,3,20,10,3.3,1,0,Granted,9.4
17/340146,3600,standard,large,moderate,3,14,18,23.1,3,1,Granted,34.4
17/747149,2100,standard,small,strict,1,16,23,31.5,1,0,Granted,38.1
17/761244,2600,standard,large,strict,3,28,21,17.9,2,0,Abandoned,22.3
17/530153,2800,standard,large,strict,3,13,23,28.0,2,0,Abandoned,33.6
17/114801,2600,standard,small,lenient,3,27,5,20.5,3,1,Granted,32.4
17/189440,2600,standard,small,moderate,4,25,18,19.8,3,1,Granted,33.1
17/165409,2400,standard,large,moderate,3,30,15,21.1,2,0,Abandoned,27.2
17/225618,2100,pph,large,moderate,3,14,11,5.7,1,0,Granted,11.9
17/588000,1600,standard,small,lenient,6,26,1,15.7,2,0,Abandoned,39.7
17/440402,1600,trackOne,large,strict,3,23,1,3.6,1,0,Granted,8.7
17/514019,1700,standard,small,moderate,3,17,3,17.8,3,1,Abandoned,27.7
17/443110,2800,standard,small,moderate,3,26,23,20.3,3,1,Granted,33.2
17/124785,2100,standard,large,moderate,2,22,13,15.8,2,0,Abandoned,22.3
17/493207,2800,standard,large,moderate,3,17,33,21.4,1,0,Granted,27.3
17/220451,3700,trackOne,large,strict,5,28,7,2.6,2,0,Granted,29.9
17/733733,1600,standard,small,lenient,3,25,18,17.2,3,1,Granted,29.4
17/643333,2800,standard,large,lenient,2,16,18,16.2,1,0,Granted,21.6
17/588653,3600,standard,small,lenient,2,12,33,23.2,1,0,Granted,29.9
17/959433,2400,pph,large,strict,2,19,1,5.3,1,0,Granted,8.5
17/841109,2400,standard,large,moderate,3,30,17,21.4,2,0,Granted,53.6
17/636797,2600,standard,small,lenient,3,20,17,23.8,1,0,Granted,30.0
17/293040,2600,standard,small,moderate,3,19,17,22.5,3,1,Granted,36.2
17/189002,2100,standard,micro,strict,4,30,28,32.3,2,0,Abandoned,36.6
17/777731,2400,standard,large,strict,2,25,9,32.8,3,1,Granted,44.2
17/904446,1700,standard,small,moderate,3,24,6,19.8,2,0,Abandoned,24.1
17/811190,1600,standard,small,strict,1,13,19,26.3,3,1,Abandoned,36.0
17/367590,2100,standard,small,moderate,4,21,18,20.6,1,0,Granted,25.6
17/309580,2400,standard,large,moderate,3,22,15,17.7,1,0,Granted,23.8
17/604145,2600,trackOne,small,moderate,4,26,9,4.0,1,0,Granted,10.2
17/747886,3700,trackOne,small,strict,3,19,14,2.5,3,1,Granted,13.7
17/363404,1700,standard,large,moderate,3,24,8,32.1,1,0,Granted,38.3
17/649534,1600,standard,large,moderate,3,25,15,28.4,1,0,Granted,30.9
17/368066,3700,accelerated,small,moderate,3,29,18,5.0,3,1,Granted,16.1
17/396103,2600,standard,large,strict,3,24,8,23.2,2,0,Abandoned,27.9
17/208159,3600,pph,large,strict,3,21,13,6.6,3,1,Granted,18.7
17/494284,2800,standard,small,strict,3,31,17,18.1,2,0,Abandoned,23.7
17/430733,1600,trackOne,large,lenient,3,13,3,2.8,3,1,Granted,15.3
17/392952,2800,standard,small,strict,3,33,18,17.6,3,1,Granted,30.1
17/889364,3600,standard,large,lenient,3,28,1,18.9,1,0,Granted,22.4
17/489253,2600,standard,large,moderate,2,32,17,22.6,3,1,Granted,35.7
17/685832,2400,standard,small,moderate,3,21,26,16.0,2,0,Granted,42.7
17/249708,2400,standard,large,moderate,3,13,13,18.8,3,1,Granted,29.8
17/889275,1600,trackOne,large,moderate,3,15,18,4.4,1,0,Granted,10.4
17/618648,2100,standard,large,moderate,2,13,20,25.2,1,0,Granted,31.5
17/245861,2400,pph,large,lenient,3,24,11,5.5,2,0,Abandoned,10.1
17/702273,3700,standard,large,moderate,3,18,18,14.8,3,1,Granted,26.7
17/318462,2600,standard,large,moderate,2,27,5,12.6,1,0,Granted,17.9
17/603574,3700,standard,large,moderate,1,31,5,20.3,3,1,Granted,32.7
17/322281,3700,standard,large,strict,4,25,8,11.8,3,1,Granted,24.5
17/465027,2400,standard,large,lenient,3,19,24,18.2,1,0,Granted,24.3
17/634755,2100,standard,small,strict,4,20,20,27.2,3,1,Granted,38.4
17/999712,2800,trackOne,large,lenient,3,31,2,3.9,1,0,Granted,10.2
17/437536,3600,standard,small,moderate,5,17,18,20.9,1,0,Granted,26.1
17/615684,1700,pph,small,moderate,6,24,14,6.9,2,0,Abandoned,11.5
17/597228,1700,pph,micro,strict,1,19,21,6.3,1,0,Granted,11.7
17/786055,2100,trackOne,large,moderate,3,26,18,4.5,1,0,Granted,9.7
17/298993,3600,standard,large,strict,3,24,10,37.8,1,0,Granted,42.9
17/797509,3700,standard,small,moderate,1,30,17,16.2,3,1,Granted,26.9
17/807023,1700,standard,small,strict,3,29,23,19.7,2,0,Abandoned,25.4
17/767350,2400,accelerated,large,strict,3,14,27,5.5,1,0,Granted,12.1
17/224112,3700,standard,large,lenient,2,31,29,14.1,1,0,Granted,18.8
17/253320,2400,standard,small,moderate,3,26,18,21.9,1,0,Granted,27.6
17/898807,1600,standard,small,moderate,2,23,20,25.0,4,2,Granted,42.1
17/634292,2100,pph,small,lenient,5,16,27,6.1,3,1,Granted,19.4
17/179050,3600,standard,micro,moderate,2,28,15,23.8,2,0,Abandoned,52.3
17/182877,2400,standard,large,moderate,1,25,16,23.0,1,0,Granted,28.2
17/755224,2100,standard,large,strict,3,14,1,31.0,1,0,Granted,37.4
17/900622,2400,accelerated,small,moderate,3,30,12,5.2,1,0,Granted,12.4
17/463340,1700,standard,micro,moderate,5,18,6,18.7,1,0,Granted,24.9
17/919035,1600,standard,micro,moderate,3,14,12,22.9,3,1,Granted,35.4
17/774941,2100,standard,large,strict,3,26,21,25.6,1,0,Granted,30.7
17/985905,2800,standard,large,moderate,3,21,19,18.3,3,1,Granted,30.2
17/245163,2800,trackOne,micro,moderate,3,13,14,3.9,4,2,Granted,20.2
17/157809,1700,standard,small,strict,3,17,20,19.3,1,0,Granted,25.9
17/497637,1600,standard,large,moderate,3,33,11,28.5,2,0,Abandoned,34.5
17/470174,2100,standard,small,lenient,3,22,12,12.9,3,1,Abandoned,21.6
17/424559,3600,standard,large,moderate,3,21,17,26.5,3,1,Granted,40.1
17/131944,3700,standard,small,strict,3,33,40,16.2,3,1,Granted,28.3
17/173093,2100,standard,small,strict,2,24,11,26.1,1,0,Granted,31.7
17/598034,1600,standard,large,lenient,3,19,14,24.7,1,0,Granted,30.1
17/931822,2400,standard,large,strict,2,30,4,18.6,3,1,Abandoned,27.9
17/608849,3700,standard,large,moderate,3,26,20,17.0,4,2,Granted,32.9
17/842523,2800,trackOne,small,lenient,3,27,20,3.5,2,0,Abandoned,9.7
17/501831,3700,standard,large,lenient,3,29,21,23.8,4,2,Abandoned,36.5
17/519381,1700,standard,small,moderate,4,22,15,20.4,3,1,Abandoned,28.5
17/658519,3700,standard,large,moderate,3,29,14,15.1,1,0,Granted,21.0
17/127232,3700,trackOne,large,moderate,3,26,17,4.1,1,0,Granted,7.6
17/179874,2100,standard,small,strict,3,33,15,28.5,1,0,Granted,34.6
17/297099,1700,trackOne,large,lenient,3,31,21,3.8,3,1,Abandoned,13.8
17/971729,2400,trackOne,small,moderate,3,29,35,3.8,1,0,Granted,5.9
17/844281,3600,standard,small,moderate,3,29,1,30.5,2,0,Abandoned,35.6
17/799739,2100,standard,large,moderate,3,32,25,22.3,1,0,Granted,26.8
17/381672,3700,trackOne,small,moderate,3,26,8,3.2,3,1,Granted,15.3
17/907750,1600,standard,large,lenient,3,33,9,14.6,1,0,Granted,20.4
17/278254,2800,trackOne,small,moderate,5,31,28,2.9,3,1,Abandoned,12.8
17/331265,1700,standard,micro,moderate,3,23,10,24.7,1,0,Granted,30.6
17/190356,2800,standard,large,strict,3,32,8,18.4,1,0,Granted,23.7
17/801965,2800,standard,large,strict,3,17,14,22.8,2,0,Abandoned,28.0
17/769512,2400,standard,small,moderate,3,13,17,16.9,3,1,Abandoned,25.3
17/133463,2100,standard,large,moderate,3,16,1,23.2,1,0,Granted,30.0
17/230245,1600,pph,large,moderate,3,33,15,8.5,1,0,Granted,11.5
17/215149,3600,pph,small,strict,2,32,18,4.4,3,1,Granted,16.1
17/586024,2100,standard,large,lenient,3,16,25,26.4,2,0,Abandoned,33.1
17/251524,3600,standard,large,strict,3,23,7,29.7,1,0,Granted,35.4
17/133766,1700,standard,large,moderate,3,24,15,15.7,3,1,Granted,29.0
17/971010,2600,standard,small,lenient,3,30,1,13.3,2,0,Abandoned,46.0
17/241373,2400,standard,small,moderate,3,20,7,20.9,1,0,Granted,27.8
17/627404,3700,standard,large,strict,3,27,25,18.9,2,0,Abandoned,24.4
17/857280,2400,standard,large,moderate,2,23,20,13.7,3,1,Granted,25.7
17/501037,2600,standard,micro,moderate,3,20,8,23.4,3,1,Granted,35.0
17/645511,1600,pph,large,moderate,2,20,9,7.6,1,0,Granted,14.2
17/658980,2800,trackOne,large,strict,3,19,11,4.4,1,0,Granted,8.7
17/167440,2800,pph,large,moderate,4,18,16,4.9,1,0,Granted,8.0
17/171217,3600,standard,large,strict,5,34,12,29.9,1,0,Granted,37.3
17/452878,2600,standard,micro,lenient,1,17,9,18.3,1,0,Granted,24.6
17/733266,1600,pph,small,strict,5,19,19,6.3,3,1,Granted,20.0
17/179657,2600,standard,large,moderate,3,13,21,26.9,2,0,Abandoned,32.2
17/470988,3600,standard,small,lenient,3,27,21,20.9,1,0,Granted,25.6
17/763237,2600,standard,large,moderate,3,23,19,19.8,4,2,Granted,35.5
17/938756,2100,pph,micro,strict,2,19,1,7.1,1,0,Granted,10.8
17/774823,3600,standard,micro,moderate,3,32,41,27.0,3,1,Granted,39.2
17/636515,2400,trackOne,small,moderate,3,26,9,2.5,1,0,Granted,8.8
17/167813,1600,standard,large,strict,2,18,4,29.9,1,0,Granted,35.7
17/582461,2800,standard,large,moderate,3,16,19,15.5,1,0,Granted,21.6
17/363880,2100,trackOne,small,lenient,3,16,17,4.6,1,0,Granted,7.5
17/666759,3700,standard,large,strict,3,13,12,22.1,3,1,Abandoned,32.0
17/511659,3600,accelerated,small,strict,3,22,21,4.4,3,1,Granted,16.0
17/665698,2100,standard,micro,moderate,3,14,15,23.4,1,0,Granted,29.2
17/818330,2600,standard,small,strict,3,28,4,19.3,1,0,Granted,25.4
17/122168,2400,trackOne,small,moderate,2,18,24,4.2,3,1,Abandoned,14.0
17/386572,2100,standard,micro,moderate,3,26,21,29.8,3,1,Abandoned,39.2
17/302216,1700,standard,large,lenient,3,14,10,16.7,1,0,Granted,19.5
17/595525,3600,standard,small,moderate,4,26,17,30.6,1,0,Granted,35.9
17/697222,2100,standard,micro,moderate,2,32,14,27.7,4,2,Abandoned,41.2
17/941485,1600,standard,large,moderate,3,25,12,26.2,3,1,Granted,38.5
17/639955,1600,trackOne,large,moderate,3,15,28,3.2,1,0,Granted,10.1
17/109227,2400,standard,large,moderate,5,19,1,23.8,1,0,Granted,30.3
17/159815,3700,trackOne,micro,moderate,6,27,32,3.3,1,0,Granted,7.7
17/748550,3700,standard,large,moderate,3,33,19,21.6,1,0,Granted,27.6
17/690783,2800,standard,micro,moderate,3,26,24,17.4,1,0,Granted,23.5
17/188316,3700,standard,micro,lenient,1,27,20,13.2,1,0,Granted,18.5
17/911923,2100,standard,large,lenient,3,19,10,17.6,1,0,Granted,23.7
17/733498,2800,standard,micro,moderate,3,30,30,18.9,3,1,Granted,31.2
17/263244,3700,standard,large,strict,2,19,12,27.6,3,1,Granted,41.2
17/183582,2600,standard,large,moderate,3,26,14,15.6,1,0,Granted,21.9
17/504669,2800,standard,large,strict,3,32,1,26.0,1,0,Granted,32.0
17/121355,2400,pph,small,moderate,3,16,28,5.4,3,1,Granted,19.4
17/788474,3600,standard,large,lenient,3,33,12,23.6,1,0,Granted,30.2
17/395618,3600,standard,large,strict,3,29,8,27.2,2,0,Abandoned,32.3
17/519584,3700,standard,small,lenient,4,19,11,20.5,3,1,Granted,32.2
17/252230,2800,standard,small,strict,2,15,21,19.2,3,1,Granted,31.7
17/697028,2100,standard,small,lenient,3,16,16,21.6,1,0,Granted,26.4
17/815599,2100,trackOne,large,lenient,2,19,7,2.6,1,0,Granted,9.0
17/214029,1600,accelerated,large,lenient,3,13,23,3.5,1,0,Granted,8.2
17/251585,3700,standard,small,moderate,4,14,12,20.6,2,0,Abandoned,45.6
17/570163,2800,standard,micro,strict,3,18,19,18.4,3,1,Granted,32.1
17/715251,2800,standard,small,lenient,3,23,20,9.9,1,0,Granted,15.3
17/742409,1700,standard,small,moderate,3,24,15,21.0,4,2,Granted,37.5
17/286062,2400,standard,large,moderate,4,27,14,18.2,1,0,Granted,25.1
17/388895,1700,standard,small,moderate,6,27,21,24.6,3,1,Abandoned,34.7
17/411719,2400,standard,large,strict,3,14,14,29.5,1,0,Granted,35.2
17/164460,2600,standard,large,strict,6,20,14,21.9,3,1,Granted,33.9
17/378630,1700,standard,large,moderate,4,18,12,14.4,1,0,Granted,20.9
17/417609,1600,trackOne,micro,lenient,3,15,16,4.1,1,0,Granted,9.9
17/307168,2100,standard,large,moderate,3,16,6,25.1,3,1,Granted,38.1
17/735380,2600,pph,large,strict,3,22,22,5.6,2,0,Abandoned,11.1
17/174272,2800,standard,small,strict,3,18,13,17.4,2,0,Abandoned,21.5
17/837721,2600,standard,small,lenient,3,20,13,14.8,1,0,Granted,17.7
17/328614,3700,standard,large,moderate,3,16,7,16.3,1,0,Granted,23.3
17/452871,2800,standard,small,moderate,3,23,12,21.5,1,0,Granted,27.0
17/796377,2100,standard,small,strict,3,26,16,27.1,3,1,Abandoned,35.3
17/486285,1600,pph,large,strict,3,30,10,7.5,2,0,Granted,32.9
17/622113,1600,standard,micro,lenient,3,16,19,22.3,1,0,Granted,27.9
17/973169,1600,standard,micro,lenient,3,29,18,20.8,3,1,Abandoned,30.3
17/285170,2400,standard,large,moderate,3,19,26,21.5,2,0,Abandoned,50.5
17/546501,1700,standard,large,moderate,4,15,13,18.7,3,1,Granted,32.3
17/645096,1600,pph,large,lenient,3,21,21,5.8,1,0,Granted,11.9
17/842407,2600,standard,large,lenient,3,32,1,13.1,1,0,Granted,19.1
17/963699,2100,standard,large,moderate,3,26,1,27.9,4,2,Abandoned,41.4
17/294450,2400,standard,small,lenient,3,15,14,16.6,1,0,Granted,22.5
17/990932,3700,standard,small,moderate,5,25,2,21.5,3,1,Granted,34.0
17/335336,3600,standard,large,lenient,1,12,22,24.7,1,0,Granted,28.6
17/483275,2800,standard,micro,lenient,3,18,10,10.3,1,0,Granted,15.9
17/132358,1600,standard,large,moderate,5,21,22,20.9,1,0,Granted,25.3
17/957652,2400,standard,large,moderate,3,30,6,21.8,4,2,Granted,39.0
17/954706,2800,standard,large,moderate,3,33,20,18.7,3,1,Granted,30.3
17/721646,3600,standard,small,lenient,3,26,21,22.3,3,1,Abandoned,32.7
17/673408,3600,standard,large,lenient,3,30,12,24.1,1,0,Granted,29.9
17/809012,1700,standard,small,moderate,3,22,16,16.6,3,1,Granted,27.9
17/789872,1700,standard,large,moderate,4,29,9,20.1,3,1,Granted,31.7
17/873852,2400,standard,small,moderate,5,30,6,28.1,1,0,Granted,34.4
17/349998,2400,standard,large,moderate,3,27,3,17.5,2,0,Abandoned,23.4
17/948467,2800,standard,micro,strict,3,25,22,17.3,3,1,Abandoned,26.7
17/859501,1600,accelerated,small,moderate,3,23,26,6.0,1,0,Granted,8.2
17/919923,3600,trackOne,large,moderate,3,23,15,2.5,1,0,Granted,7.5
17/474674,2800,standard,small,strict,3,25,24,22.1,3,1,Granted,34.7
17/389978,2100,standard,micro,moderate,6,17,13,19.5,1,0,Granted,21.8
17/605178,2600,accelerated,large,moderate,2,12,17,4.1,3,1,Granted,16.6
17/214363,2100,standard,large,strict,3,13,13,20.1,1,0,Granted,27.2
17/537028,3600,standard,small,moderate,3,22,22,29.6,1,0,Granted,36.6
17/760238,2100,standard,large,lenient,3,22,23,22.1,1,0,Granted,28.4
17/668356,2100,standard,small,strict,3,20,1,25.3,1,0,Granted,29.9
17/177379,2600,standard,large,moderate,3,28,12,18.5,1,0,Granted,24.9
17/360767,3600,standard,micro,lenient,3,33,5,20.9,1,0,Granted,25.9
17/846576,1600,standard,large,moderate,6,21,9,24.5,2,0,Abandoned,30.5
17/198804,3600,standard,large,moderate,2,15,13,24.0,1,0,Granted,30.0
17/415949,2800,standard,small,strict,3,26,3,19.4,1,0,Granted,24.1
17/577599,3700,trackOne,small,strict,2,30,23,2.7,3,1,Granted,15.4
17/572763,2100,standard,small,lenient,1,23,2,24.8,3,1,Granted,37.8
17/454385,2800,standard,large,strict,4,31,22,21.8,3,1,Granted,33.9
17/448424,1600,standard,small,lenient,3,29,14,30.0,3,1,Granted,43.3
17/200980,2100,trackOne,small,strict,3,23,20,3.6,1,0,Granted,6.8
17/841965,3700,standard,large,moderate,3,17,14,19.5,4,2,Abandoned,32.8
17/221668,1600,standard,small,moderate,5,33,9,21.6,1,0,Granted,28.1
17/387268,2100,standard,large,moderate,2,28,16,20.9,2,0,Abandoned,26.1
17/941395,1700,trackOne,large,moderate,3,26,29,2.6,4,2,Abandoned,14.9
17/655379,1600,trackOne,large,moderate,3,17,13,3.5,1,0,Granted,6.8
17/572201,1600,standard,small,moderate,3,16,11,25.7,1,0,Granted,32.0
17/806606,1700,trackOne,large,moderate,3,24,23,2.5,1,0,Granted,8.6
17/668765,1700,standard,large,moderate,1,12,10,14.5,3,1,Granted,26.6
17/661811,2400,standard,large,moderate,1,30,27,27.9,1,0,Granted,33.0
17/819042,1600,trackOne,large,lenient,3,16,17,4.2,2,0,Granted,41.5
17/187055,2600,standard,micro,moderate,3,22,16,24.8,2,0,Abandoned,31.2
17/565032,2400,pph,large,strict,3,27,10,4.0,1,0,Granted,7.0
17/315132,2100,standard,large,strict,1,25,7,29.2,1,0,Granted,34.9
17/843135,3600,trackOne,large,moderate,3,16,10,2.6,1,0,Granted,6.2
17/778837,2800,standard,small,strict,3,16,16,26.4,2,0,Abandoned,31.3
17/688356,2800,standard,large,moderate,3,16,15,10.2,3,1,Granted,22.0
17/346132,1600,standard,micro,lenient,3,32,15,22.5,2,0,Granted,45.8
17/477470,3600,standard,micro,strict,3,17,37,23.9,4,2,Granted,40.0
17/818202,1700,standard,large,lenient,2,18,16,17.5,4,2,Granted,34.8
17/151420,1600,standard,small,moderate,3,33,10,26.7,3,1,Granted,39.7
17/173783,3700,standard,large,strict,3,16,16,14.4,1,0,Granted,19.9
17/429063,2400,standard,small,moderate,3,26,1,12.5,2,0,Granted,41.8
17/292488,2100,standard,small,moderate,2,29,12,23.2,3,1,Granted,35.9
17/646060,3700,pph,small,moderate,3,16,21,6.2,3,1,Granted,17.5
17/410112,2600,pph,small,lenient,3,23,6,6.2,1,0,Granted,9.3
17/226022,1700,accelerated,micro,moderate,3,22,3,5.6,1,0,Granted,10.7
17/896355,1600,trackOne,small,moderate,3,23,17,3.3,2,0,Abandoned,7.8
17/107694,3600,standard,small,moderate,3,22,16,23.9,1,0,Granted,29.7
17/601578,2400,standard,small,moderate,3,22,9,19.5,2,0,Abandoned,46.4
17/484874,1700,standard,small,moderate,3,16,4,18.1,2,0,Abandoned,24.1
17/769050,2100,standard,large,moderate,2,29,12,24.5,3,1,Granted,37.4
17/921778,2800,standard,large,lenient,3,14,24,17.7,3,1,Abandoned,28.1
17/619408,2100,standard,small,moderate,5,16,19,14.9,4,2,Granted,31.6
17/686755,1700,standard,large,lenient,4,20,11,11.0,1,0,Granted,16.1
17/363647,2800,trackOne,large,moderate,3,29,5,3.1,1,0,Granted,9.4
17/816947,2100,standard,small,moderate,3,19,10,23.2,3,1,Granted,34.8
17/835603,2100,standard,large,lenient,3,32,20,21.5,1,0,Granted,26.2
17/672418,2100,standard,large,moderate,3,14,22,18.3,1,0,Granted,24.4
17/704236,1600,standard,large,moderate,3,20,19,26.8,1,0,Granted,32.8
17/722077,3600,standard,micro,moderate,3,16,21,22.6,3,1,Granted,36.8
17/277384,2100,standard,large,moderate,5,33,12,29.3,1,0,Granted,32.1
17/775687,1700,standard,small,lenient,3,18,4,18.6,3,1,Abandoned,28.8
17/770300,2600,standard,large,moderate,3,31,1,10.9,1,0,Granted,15.9
17/405151,1600,standard,small,strict,3,32,9,23.7,1,0,Granted,30.3
17/328528,2400,standard,large,lenient,5,34,6,9.4,1,0,Granted,11.1
17/606601,1700,standard,large,lenient,3,26,2,16.8,1,0,Granted,22.9
17/610253,3600,standard,large,strict,2,18,20,34.3,1,0,Granted,41.3
17/943527,1700,standard,large,moderate,3,22,3,14.8,1,0,Granted,20.6
17/720624,2800,pph,large,lenient,3,18,10,5.2,1,0,Granted,12.1
17/835231,1700,trackOne,large,moderate,3,27,18,2.8,3,1,Granted,15.2
17/992082,1600,standard,micro,strict,3,25,18,19.7,2,0,Abandoned,25.8
17/487964,2100,standard,small,moderate,2,24,19,22.8,1,0,Granted,27.9
17/426522,3700,trackOne,small,moderate,3,13,25,4.7,2,0,Granted,33.9
17/886067,3600,standard,large,moderate,4,14,3,22.4,1,0,Granted,27.7
17/219354,2600,standard,large,moderate,3,32,14,20.5,3,1,Granted,33.7
17/811976,2600,trackOne,large,lenient,3,30,16,3.7,1,0,Granted,9.6
17/603790,1700,standard,large,moderate,1,14,12,16.7,2,0,Abandoned,23.4
17/622064,2800,standard,large,moderate,3,30,6,22.3,1,0,Granted,25.5
17/977187,2400,standard,large,lenient,4,32,16,25.8,1,0,Granted,32.1
17/679216,2800,standard,large,strict,4,33,2,26.8,1,0,Granted,32.7
17/558580,1700,trackOne,large,lenient,3,26,22,3.8,1,0,Granted,10.5
17/114871,3600,standard,large,moderate,5,26,5,21.8,1,0,Granted,28.4
17/755890,1600,standard,small,moderate,2,24,1,24.1,1,0,Granted,25.6
17/327238,2400,standard,small,moderate,3,20,15,12.6,1,0,Granted,18.5
17/698212,2400,standard,large,moderate,3,17,7,16.5,2,0,Abandoned,21.1
17/722810,1600,standard,small,moderate,3,13,27,20.4,1,0,Granted,25.7
17/163463,2100,standard,small,strict,3,23,12,21.7,1,0,Granted,26.8
17/503967,1700,standard,large,strict,2,14,15,18.7,1,0,Granted,24.7
17/689051,2100,standard,small,lenient,3,28,11,21.9,3,1,Granted,32.9
17/818274,1700,trackOne,large,moderate,3,17,12,2.8,1,0,Granted,5.7
17/725431,1700,standard,large,strict,3,22,21,18.1,3,1,Abandoned,27.6
17/682960,2100,standard,large,moderate,2,32,11,21.6,3,1,Granted,34.4
17/983671,2800,trackOne,small,strict,4,28,25,2.8,2,0,Abandoned,7.7
17/435511,1700,standard,large,lenient,3,13,7,13.7,1,0,Granted,19.9
17/720366,2400,standard,large,strict,3,32,12,22.8,2,0,Abandoned,28.1
17/718861,2100,standard,small,moderate,3,30,12,12.6,1,0,Granted,17.0
17/763861,3600,standard,large,moderate,2,25,3,27.3,1,0,Granted,33.0
17/302358,2400,trackOne,large,moderate,2,24,7,4.4,1,0,Granted,9.7
17/847649,1600,standard,large,strict,3,22,10,28.4,1,0,Granted,34.0
17/280608,2800,standard,large,strict,3,27,18,19.1,3,1,Granted,31.5
17/807418,2600,accelerated,small,moderate,2,12,27,4.8,3,1,Granted,17.7
17/308326,3700,standard,small,strict,3,31,16,23.7,1,0,Granted,29.5
17/971728,1700,standard,small,moderate,3,22,16,6.0,1,0,Granted,11.8
17/574476,2800,trackOne,micro,strict,3,21,2,3.7,2,0,Abandoned,34.6
17/816027,2100,standard,small,lenient,3,14,17,15.8,1,0,Granted,18.5
17/167337,2800,standard,large,moderate,2,19,17,17.6,3,1,Granted,30.6
17/409058,1600,standard,small,lenient,3,26,3,17.4,2,0,Abandoned,23.6
17/868076,1600,standard,small,moderate,3,25,20,25.6,2,0,Abandoned,51.7
17/337477,1700,standard,large,strict,5,24,12,20.5,3,1,Granted,34.1
17/784364,3600,standard,large,moderate,3,24,22,22.8,1,0,Granted,28.2
17/836267,2100,standard,micro,lenient,4,16,11,16.3,2,0,Abandoned,22.0
17/159306,2400,standard,large,moderate,3,28,14,18.2,2,0,Abandoned,24.5
17/223500,1700,standard,large,moderate,3,26,12,20.9,1,0,Granted,27.2
17/696641,2800,trackOne,small,moderate,3,33,14,5.1,3,1,Granted,18.6
17/970910,3700,standard,large,moderate,3,32,7,16.3,3,1,Granted,27.8
17/161730,2100,standard,large,moderate,3,32,17,26.3,4,2,Granted,42.9
17/277802,2400,standard,large,strict,3,29,19,25.3,1,0,Granted,31.5
17/170559,2800,standard,large,lenient,3,29,14,12.0,1,0,Granted,18.2
17/920976,2400,standard,large,lenient,3,26,23,21.1,2,0,Granted,54.3
17/919784,2100,standard,small,lenient,3,16,21,21.3,1,0,Granted,24.9
17/579020,3600,accelerated,large,moderate,3,14,25,3.5,1,0,Granted,6.5
17/655208,2100,accelerated,micro,moderate,3,21,14,5.8,2,0,Abandoned,39.3
17/333549,2800,trackOne,large,moderate,3,30,29,3.4,1,0,Granted,9.9
17/629798,2100,standard,large,lenient,2,30,14,20.9,3,1,Granted,34.3
17/704678,1700,accelerated,small,lenient,3,16,5,4.2,1,0,Granted,9.7
17/366443,2100,standard,large,moderate,3,16,13,20.1,3,1,Granted,32.6
17/965710,2800,standard,small,moderate,2,25,3,14.3,2,0,Granted,42.4
17/384832,2400,standard,small,strict,3,14,1,26.0,3,1,Granted,38.5
17/542387,2600,standard,large,moderate,1,20,11,18.5,4,2,Granted,35.3
17/711090,1600,standard,large,strict,4,19,7,30.0,2,0,Granted,56.4
17/588198,3700,pph,large,moderate,2,17,12,6.1,2,0,Abandoned,11.7
17/430827,3700,standard,large,strict,5,35,5,21.6,1,0,Granted,26.4
17/905669,3600,standard,large,moderate,4,28,7,26.4,3,1,Abandoned,36.4
17/939746,2400,standard,small,lenient,4,31,13,19.0,3,1,Granted,32.1
17/612859,2600,trackOne,large,moderate,3,26,28,3.9,1,0,Granted,9.2
17/454789,2100,standard,micro,moderate,3,24,23,18.7,2,0,Abandoned,23.7
17/844352,2600,standard,large,lenient,3,26,5,15.3,2,0,Abandoned,20.2
17/685588,2800,standard,large,strict,3,26,10,26.0,3,1,Granted,38.0
17/566960,3700,standard,large,strict,5,29,23,27.8,1,0,Granted,34.2
17/570431,3700,standard,large,lenient,6,32,10,14.8,1,0,Granted,20.8
17/421429,2800,trackOne,small,moderate,3,18,16,4.7,1,0,Granted,10.1
17/212701,1600,accelerated,large,strict,3,15,8,6.2,1,0,Granted,9.1
17/149812,2400,standard,large,moderate,5,15,1,22.9,2,0,Abandoned,27.4
17/393004,1700,standard,small,lenient,2,31,16,24.0,1,0,Granted,29.7
17/113765,2800,standard,large,strict,4,20,11,18.6,1,0,Granted,24.5
17/184426,2400,standard,small,moderate,3,33,12,18.4,2,0,Abandoned,24.1
17/249048,1600,standard,small,lenient,3,33,20,16.7,1,0,Granted,23.6
17/291583,3600,standard,large,moderate,3,20,12,22.5,1,0,Granted,27.4
17/447086,3700,standard,large,moderate,3,31,6,25.5,3,1,Granted,38.6
17/482091,1600,standard,micro,moderate,4,19,34,16.6,1,0,Granted,22.8
17/318069,2100,standard,large,lenient,2,27,19,17.5,1,0,Granted,23.4
17/450814,2600,standard,large,lenient,4,33,13,12.8,3,1,Granted,24.2
17/379807,3600,standard,large,strict,4,29,6,38.6,1,0,Granted,44.0
17/769956,1600,standard,large,moderate,3,25,11,20.7,1,0,Granted,26.8
17/936130,1700,trackOne,large,moderate,3,28,17,2.5,1,0,Granted,5.0
17/332092,2100,trackOne,large,moderate,3,29,6,4.5,2,0,Abandoned,8.8
17/573726,2100,accelerated,large,strict,4,15,15,5.9,1,0,Granted,10.7
17/360950,3700,standard,micro,moderate,3,18,2,20.6,1,0,Granted,25.4
17/277206,1600,pph,micro,strict,3,22,26,6.6,2,0,Abandoned,12.6
17/628097,1600,standard,large,strict,3,15,33,24.3,2,0,Abandoned,55.0
17/989231,2600,standard,large,lenient,3,13,19,20.1,1,0,Granted,23.2
17/651756,2400,standard,small,moderate,6,25,10,28.7,2,0,Abandoned,33.0
17/636238,2800,standard,large,strict,3,29,11,22.0,2,0,Abandoned,27.4
17/245083,2400,standard,large,moderate,3,20,5,17.1,1,0,Granted,22.9
17/833926,3600,pph,small,moderate,3,24,11,6.1,1,0,Granted,11.3
17/555920,2400,pph,large,lenient,3,17,2,4.2,1,0,Granted,9.7
17/293008,1600,standard,large,moderate,3,20,19,18.5,1,0,Granted,21.1
17/334319,3700,standard,large,moderate,3,13,12,16.8,1,0,Granted,19.4
17/324825,2800,standard,large,lenient,3,18,17,6.0,1,0,Granted,11.2
17/833360,3700,standard,large,moderate,3,13,20,14.9,3,1,Granted,26.9
17/726808,2800,standard,large,strict,3,17,21,30.7,3,1,Granted,43.5
17/846243,2100,standard,small,strict,4,22,10,24.2,1,0,Granted,30.0
17/544594,2800,standard,large,strict,4,15,5,20.5,2,0,Granted,43.5
17/993837,1700,standard,small,strict,3,20,20,22.2,3,1,Granted,33.7
17/548593,3700,standard,large,strict,2,18,7,17.9,1,0,Granted,21.5
17/402518,2400,pph,micro,strict,3,26,1,5.0,1,0,Granted,8.1
17/499757,2400,standard,large,moderate,3,25,22,17.1,2,0,Abandoned,22.5
17/416346,1600,standard,small,moderate,4,16,5,23.7,1,0,Granted,29.5
17/152340,2100,trackOne,large,lenient,3,16,11,5.0,1,0,Granted,10.1
17/846413,3700,standard,small,strict,3,22,15,19.3,2,0,Abandoned,24.2
17/302065,1600,standard,micro,strict,4,28,6,20.3,3,1,Granted,32.5
17/757956,3600,standard,large,moderate,4,21,1,29.4,1,0,Granted,35.3
17/660479,2600,standard,large,strict,4,33,19,22.6,3,1,Granted,34.7
17/267801,2400,standard,large,lenient,3,25,20,20.3,1,0,Granted,26.3
17/632907,1600,trackOne,large,strict,3,24,6,3.3,1,0,Granted,8.7
17/903184,2400,standard,small,moderate,3,27,15,19.0,1,0,Granted,25.5
17/156703,3700,standard,micro,lenient,2,24,15,13.5,1,0,Granted,18.4
17/556199,2400,standard,large,moderate,2,17,5,17.4,2,0,Abandoned,47.0
17/851677,2800,standard,small,moderate,2,17,26,15.2,3,1,Abandoned,24.8
17/483881,3700,trackOne,micro,lenient,3,28,13,4.8,2,0,Abandoned,10.7
17/447819,2400,standard,micro,lenient,3,25,24,20.0,1,0,Granted,22.8
17/954419,2800,standard,large,moderate,4,15,11,14.3,1,0,Granted,20.9
17/713978,2100,standard,large,moderate,3,29,11,24.8,1,0,Granted,30.8
17/767880,2800,standard,small,lenient,3,23,22,17.2,1,0,Granted,23.5
17/509452,2100,pph,small,lenient,3,24,14,6.8,1,0,Granted,12.6
17/849048,2400,trackOne,large,lenient,3,28,13,3.4,1,0,Granted,6.7
17/455142,2600,standard,small,moderate,4,33,20,18.9,3,1,Abandoned,27.8
17/105057,2100,standard,small,moderate,2,12,15,21.0,1,0,Granted,25.7
17/660212,2100,standard,large,strict,3,13,3,28.8,2,0,Abandoned,34.6
17/882084,3700,accelerated,large,moderate,3,20,20,5.0,1,0,Granted,8.2
17/773240,3700,standard,large,lenient,3,27,4,26.4,3,1,Granted,38.4
17/371548,2800,pph,large,moderate,3,16,7,7.0,1,0,Granted,12.9
17/207251,2600,standard,large,moderate,2,24,28,27.1,2,0,Granted,55.0
17/553292,2800,standard,large,moderate,3,33,22,19.2,1,0,Granted,24.2
17/536528,2600,standard,large,moderate,3,19,5,20.5,3,1,Granted,32.7
17/258949,3700,standard,small,strict,4,23,14,13.3,2,0,Abandoned,18.8
17/401526,2100,trackOne,small,lenient,3,33,11,4.3,3,1,Granted,16.2
17/825068,2800,pph,small,lenient,3,24,13,7.2,1,0,Granted,13.5
17/515766,1700,standard,large,lenient,3,22,7,18.6,1,0,Granted,24.2
17/761246,3600,standard,large,moderate,3,31,29,28.7,2,0,Abandoned,33.9
17/721178,1700,standard,large,lenient,3,16,20,15.9,1,0,Granted,21.6
17/395114,2600,standard,large,lenient,4,32,30,15.9,1,0,Granted,22.0
17/565833,2100,standard,small,moderate,3,18,4,15.4,1,0,Granted,21.1
17/546493,2800,standard,large,moderate,3,24,31,20.5,3,1,Granted,32.7
17/605830,2400,standard,micro,moderate,3,30,26,31.1,2,0,Granted,62.7
17/362939,2100,standard,large,moderate,3,31,19,28.8,1,0,Granted,31.5
17/175828,2100,standard,large,strict,4,28,4,30.3,4,2,Abandoned,43.6
17/857582,1600,standard,micro,lenient,3,33,17,16.7,2,0,Abandoned,22.5
17/871340,2100,standard,large,moderate,3,30,8,17.1,1,0,Granted,23.1
17/427939,2100,standard,large,lenient,3,18,5,17.7,1,0,Granted,23.5
17/608260,2600,standard,small,moderate,5,28,16,17.4,3,1,Abandoned,25.6
17/736285,2100,standard,large,moderate,6,28,22,16.0,2,0,Abandoned,20.4
17/684633,2800,standard,small,lenient,3,17,28,16.1,3,1,Granted,27.8
17/817050,3700,pph,large,strict,3,28,11,6.2,1,0,Granted,12.1
17/528672,3700,standard,small,moderate,3,31,24,18.1,1,0,Granted,24.6
17/947525,2100,standard,large,moderate,3,13,28,17.8,1,0,Granted,24.5
17/762984,2400,standard,large,strict,3,31,23,27.3,2,0,Abandoned,32.3
17/315639,2100,trackOne,large,moderate,3,15,9,5.0,2,0,Abandoned,9.8
17/359181,3600,trackOne,large,strict,3,28,1,3.6,3,1,Granted,15.9
17/123718,2100,standard,small,moderate,3,14,15,29.3,3,1,Abandoned,38.4
17/174202,1600,standard,micro,lenient,4,25,7,21.9,3,1,Granted,33.9
17/517145,1700,standard,large,moderate,3,19,14,19.7,1,0,Granted,25.5
17/313595,2600,standard,small,moderate,3,23,16,17.4,1,0,Granted,23.5
17/420618,2400,standard,large,moderate,2,12,17,19.8,1,0,Granted,23.0
17/930138,3700,standard,small,moderate,2,25,14,17.7,1,0,Granted,23.8
17/850349,2100,trackOne,large,lenient,4,24,23,3.3,1,0,Granted,9.8
17/261337,1600,standard,large,lenient,3,24,18,20.1,2,0,Abandoned,24.3
17/462609,2600,standard,large,lenient,6,31,28,15.6,3,1,Granted,28.5
17/174557,1700,standard,small,moderate,2,30,7,23.5,3,1,Abandoned,32.3
17/385469,1700,pph,large,lenient,3,27,21,6.0,3,1,Granted,17.9
17/699194,2100,standard,large,moderate,5,21,21,20.1,2,0,Abandoned,26.0
17/291234,3700,standard,large,lenient,3,14,21,13.9,1,0,Granted,19.4
17/118019,2800,standard,micro,moderate,3,16,7,11.8,1,0,Granted,16.9
17/150939,1700,standard,large,moderate,3,22,20,17.2,1,0,Granted,23.2
17/472707,2800,pph,small,moderate,3,32,17,6.6,3,1,Abandoned,16.5
17/866405,1700,standard,large,moderate,3,22,11,20.7,3,1,Granted,31.1
17/199133,3700,standard,small,moderate,4,22,20,15.4,4,2,Abandoned,29.6
17/459937,1700,standard,large,strict,1,23,19,26.8,2,0,Abandoned,33.1
17/870831,2600,standard,large,moderate,3,23,25,24.6,1,0,Granted,30.7
17/946281,2800,standard,large,lenient,3,15,14,16.6,1,0,Granted,22.2
17/985039,2100,standard,small,moderate,2,15,4,15.0,3,1,Granted,28.1
17/130659,2100,standard,small,strict,3,14,27,21.8,1,0,Granted,28.5
17/710287,2400,trackOne,large,moderate,3,24,10,3.8,1,0,Granted,7.3
17/768276,2600,pph,micro,moderate,3,18,16,5.2,3,1,Granted,17.9
17/712936,2600,standard,small,moderate,2,16,17,16.0,1,0,Granted,21.7
17/616778,2100,standard,large,moderate,3,31,5,24.7,2,0,Abandoned,29.8
17/811647,3700,standard,large,moderate,3,20,13,14.4,1,0,Granted,20.2
17/992633,3600,standard,small,moderate,6,29,9,24.1,3,1,Granted,37.2
17/351784,3700,standard,large,moderate,2,13,20,12.8,1,0,Granted,18.6
17/960134,2600,standard,micro,strict,3,23,16,25.4,3,1,Abandoned,35.0
17/395663,3700,standard,large,moderate,2,27,21,12.9,1,0,Granted,19.0
17/570112,3700,pph,large,moderate,5,32,18,5.2,1,0,Granted,9.9
17/906034,1600,standard,micro,strict,4,24,1,23.4,2,0,Abandoned,27.9
17/567819,2100,trackOne,large,moderate,3,31,21,4.3,3,1,Granted,16.5
17/730973,2100,standard,micro,moderate,3,32,15,23.7,1,0,Granted,30.1
17/859400,2800,standard,large,strict,3,30,21,18.9,3,1,Granted,31.2
17/117774,2100,trackOne,micro,moderate,3,23,16,5.1,3,1,Granted,17.2
17/575044,2600,standard,large,moderate,3,27,18,19.3,1,0,Granted,26.7
17/232168,2800,standard,large,moderate,3,24,8,20.9,1,0,Granted,27.4
17/138670,1600,standard,large,moderate,4,25,12,26.8,3,1,Granted,39.5
17/699313,1700,standard,small,lenient,3,23,15,17.1,3,1,Granted,28.9
17/960702,3700,standard,large,strict,3,33,11,22.1,3,1,Granted,34.1
17/144998,3700,standard,micro,moderate,3,33,3,25.3,1,0,Granted,28.6
17/247988,2800,standard,large,lenient,3,33,10,13.5,1,0,Granted,20.1
17/390602,3700,standard,large,moderate,2,30,6,9.3,2,0,Abandoned,34.3
17/673303,1700,standard,large,strict,3,18,9,27.8,1,0,Granted,33.5
17/962311,2600,standard,micro,lenient,3,27,12,19.5,1,0,Granted,26.4
17/983111,2100,standard,small,strict,2,26,23,29.0,3,1,Granted,41.3
17/999549,2400,standard,large,moderate,2,15,13,25.3,1,0,Granted,31.2
17/932964,2800,standard,large,strict,4,25,19,23.9,3,1,Granted,37.4
17/178230,3700,standard,large,moderate,3,33,34,17.9,3,1,Granted,29.7
17/613397,1600,standard,micro,strict,3,20,10,19.3,3,1,Granted,32.4
17/369534,3600,standard,large,moderate,1,27,9,21.9,1,0,Granted,26.8
17/695582,2600,standard,small,moderate,3,32,13,9.8,1,0,Granted,15.4
17/169171,2400,standard,small,lenient,3,15,16,9.1,1,0,Granted,14.6
17/132324,2600,standard,small,moderate,2,26,7,14.3,1,0,Granted,20.3
17/626007,2800,standard,large,moderate,4,15,1,26.5,1,0,Granted,32.6
17/985230,2600,standard,large,strict,3,16,17,22.9,3,1,Granted,35.5
17/737446,3700,standard,large,lenient,2,12,10,12.4,1,0,Granted,15.0
17/444650,2800,standard,large,moderate,3,13,12,18.8,1,0,Granted,22.5
17/251398,3700,standard,large,moderate,2,18,21,22.0,3,1,Granted,36.0
17/132823,2400,standard,large,lenient,3,23,9,20.2,3,1,Granted,31.8
17/124909,2800,standard,micro,moderate,2,14,16,16.4,3,1,Granted,29.7
17/660921,2600,standard,large,strict,3,20,17,21.6,2,0,Abandoned,26.3
17/764731,3700,standard,large,lenient,3,29,17,17.0,1,0,Granted,22.4
17/812663,1700,trackOne,small,moderate,3,13,8,3.7,1,0,Granted,8.1
17/750102,2600,standard,large,moderate,4,22,6,24.5,1,0,Granted,30.4
17/448298,2800,pph,small,moderate,3,17,33,5.3,2,0,Abandoned,11.5
17/446253,2600,trackOne,large,moderate,3,26,25,3.5,1,0,Granted,8.6
17/763637,2600,standard,small,lenient,3,14,8,11.4,1,0,Granted,17.0
17/178162,2100,standard,small,moderate,3,32,8,22.4,1,0,Granted,27.4
17/915884,3700,standard,small,lenient,2,17,19,18.1,2,0,Abandoned,42.6
17/151513,3700,standard,large,lenient,3,18,1,13.0,1,0,Granted,19.9
17/467452,3700,standard,small,lenient,2,26,17,17.4,3,1,Granted,29.6
17/607372,2100,standard,small,moderate,3,23,8,19.0,1,0,Granted,24.4
17/926076,2400,standard,large,strict,3,22,19,17.8,1,0,Granted,23.8
17/469675,3700,accelerated,small,moderate,3,14,17,4.3,1,0,Granted,9.8
17/551365,2800,standard,large,strict,2,19,18,17.3,3,1,Granted,30.4
17/496057,2400,standard,large,strict,2,28,12,17.2,1,0,Granted,22.6
17/982840,1700,standard,small,moderate,3,16,18,19.3,2,0,Abandoned,24.3
17/998655,2600,standard,large,strict,2,21,20,25.6,4,2,Granted,42.7
17/273444,2600,standard,small,moderate,4,21,19,19.7,2,0,Granted,51.3
17/922611,2600,standard,large,strict,3,27,6,33.4,1,0,Granted,39.7
17/673741,3600,standard,small,moderate,3,28,3,13.0,3,1,Granted,25.7
17/157442,2800,trackOne,large,moderate,3,29,27,2.7,3,1,Granted,14.8
17/344228,3600,standard,large,moderate,3,17,7,29.4,1,0,Granted,35.7
17/662944,1700,standard,large,moderate,3,19,22,13.4,1,0,Granted,20.2
17/123933,3600,trackOne,small,strict,3,21,13,5.5,3,1,Granted,16.7
17/807052,3700,standard,small,lenient,3,24,8,20.6,1,0,Granted,26.5
17/594477,1600,standard,small,lenient,5,34,11,21.8,1,0,Granted,25.5
17/101361,1600,pph,large,strict,4,28,19,5.8,1,0,Granted,9.2
17/991249,3700,standard,large,strict,3,21,21,21.0,3,1,Granted,34.1
17/523182,1600,standard,small,lenient,3,13,22,25.4,3,1,Granted,37.3
17/113645,1700,standard,small,strict,1,24,18,19.4,3,1,Abandoned,28.5
17/238395,3600,standard,large,lenient,4,33,7,23.3,1,0,Granted,29.3
17/789614,1600,standard,small,strict,4,18,8,24.6,1,0,Granted,29.2
17/756811,2100,standard,small,moderate,3,20,8,15.6,2,0,Abandoned,21.7
17/541563,2100,standard,small,moderate,4,29,19,26.8,1,0,Granted,32.1
17/292255,2100,standard,small,moderate,1,13,14,26.1,1,0,Granted,30.0
17/505382,1700,standard,small,moderate,3,27,14,18.2,1,0,Granted,23.6
17/122087,2600,standard,micro,moderate,5,25,21,26.4,3,1,Granted,37.9
17/345953,2100,accelerated,micro,moderate,4,18,12,4.9,3,1,Granted,16.9
17/522524,2400,pph,large,lenient,2,24,2,4.0,1,0,Granted,7.3
17/148211,2800,standard,large,moderate,3,15,3,12.5,1,0,Granted,18.0
17/769090,2600,standard,micro,strict,3,15,22,23.8,2,0,Abandoned,28.8
17/619606,2400,standard,small,moderate,3,21,6,17.0,2,0,Abandoned,20.3
17/535674,2100,standard,micro,moderate,2,28,17,23.4,3,1,Granted,34.8
17/586286,2600,standard,large,moderate,3,20,22,18.4,1,0,Granted,23.8
17/976854,2400,pph,small,strict,3,30,14,5.9,4,2,Granted,22.7
17/510389,2400,trackOne,small,lenient,4,18,8,4.0,2,0,Abandoned,10.5
17/391349,2800,standard,small,moderate,4,14,21,14.4,3,1,Granted,27.0
17/448601,3600,standard,small,moderate,3,22,35,30.6,1,0,Granted,33.3
17/534671,3600,standard,large,moderate,4,20,6,35.9,1,0,Granted,40.5
17/807133,1700,standard,large,strict,3,23,6,23.1,4,2,Granted,39.0
17/986458,2600,standard,small,moderate,1,13,10,12.9,2,0,Abandoned,18.3
17/443647,1700,standard,small,lenient,2,21,2,17.7,1,0,Granted,23.6
17/531087,2600,standard,large,moderate,4,34,6,17.3,3,1,Granted,29.3
17/976523,1700,standard,micro,strict,3,13,28,26.3,2,0,Abandoned,32.0
17/261427,2600,pph,small,moderate,3,22,19,5.9,3,1,Granted,18.4
17/216027,1700,standard,large,moderate,1,30,12,19.1,3,1,Granted,31.5
17/989708,2600,pph,large,strict,1,20,15,8.3,1,0,Granted,13.4
17/910398,2100,standard,large,moderate,3,20,17,25.9,3,1,Granted,38.2
17/735706,2400,standard,large,lenient,4,18,13,12.8,3,1,Granted,24.6
17/972543,3600,standard,small,lenient,3,26,9,27.1,4,2,Granted,42.5
17/600773,1700,standard,large,lenient,3,32,13,19.7,1,0,Granted,25.9
17/921627,2400,standard,large,moderate,4,26,32,21.6,1,0,Granted,24.6
17/386365,2400,standard,large,moderate,3,15,19,19.5,1,0,Granted,25.5
17/625302,1600,standard,large,lenient,3,33,19,23.2,1,0,Granted,28.8
17/838826,2400,standard,large,moderate,3,29,12,19.6,1,0,Granted,26.2
17/768648,2800,standard,micro,moderate,2,16,18,17.2,3,1,Granted,29.8
17/159453,1700,pph,small,lenient,1,12,17,7.5,3,1,Abandoned,16.7
17/250128,2400,standard,small,moderate,3,31,6,24.5,1,0,Granted,29.9
17/235570,3600,standard,small,strict,3,30,14,31.8,2,0,Abandoned,38.1
17/934513,2400,standard,small,moderate,2,28,20,14.7,1,0,Granted,19.8
17/877347,2800,standard,large,moderate,3,32,19,10.3,1,0,Granted,16.7
17/479967,2100,accelerated,small,strict,3,23,10,5.0,4,2,Abandoned,17.6
17/143831,2100,pph,large,moderate,3,24,16,5.6,3,1,Granted,18.1
17/595135,2400,standard,large,strict,3,14,13,19.8,3,1,Granted,32.0
17/371990,3600,pph,large,moderate,3,28,12,6.4,2,0,Granted,33.8
17/510550,2800,standard,large,moderate,4,16,10,17.2,2,0,Abandoned,23.5
17/218557,1700,trackOne,small,lenient,3,17,15,3.5,1,0,Granted,9.5
17/871351,1700,standard,small,strict,2,13,15,20.1,3,1,Granted,31.5
17/211457,2400,standard,large,strict,4,20,15,25.2,2,0,Abandoned,55.4
17/838428,1600,trackOne,micro,lenient,4,34,21,3.6,1,0,Granted,10.9
17/552319,3600,pph,small,moderate,3,30,10,5.3,1,0,Granted,11.2
17/622145,3700,standard,small,moderate,2,14,13,16.0,1,0,Granted,22.7
17/155783,1700,standard,small,moderate,5,30,15,27.0,1,0,Granted,32.2
17/229818,3600,standard,large,lenient,3,13,7,24.6,1,0,Granted,30.5
17/844732,2800,standard,large,lenient,3,13,26,11.0,1,0,Granted,17.7
17/826589,2400,standard,small,moderate,2,12,22,29.2,1,0,Granted,35.1
17/757060,2600,pph,large,strict,3,16,14,4.0,2,0,Abandoned,9.0
17/506308,2800,standard,large,lenient,5,19,31,18.7,1,0,Granted,23.8
17/223301,1700,standard,small,moderate,4,23,1,24.1,1,0,Granted,29.1
17/678244,2400,standard,large,moderate,3,22,27,17.1,3,1,Abandoned,26.5
17/779828,2100,standard,large,strict,2,16,19,30.1,4,2,Granted,46.6
17/818206,3700,standard,large,moderate,3,32,31,19.8,1,0,Granted,25.4
17/753843,3700,standard,small,strict,3,16,8,12.6,3,1,Abandoned,22.1
17/802015,2100,standard,large,moderate,4,32,6,21.3,1,0,Granted,28.7
17/916690,2100,standard,large,moderate,3,31,14,23.9,3,1,Abandoned,34.2
17/882401,3600,standard,large,moderate,3,20,16,27.0,3,1,Abandoned,36.8
17/150755,2400,standard,large,moderate,3,27,30,26.0,2,0,Granted,42.8
17/718168,3700,standard,small,lenient,3,27,1,16.9,1,0,Granted,24.1
17/350529,1700,standard,large,moderate,4,30,19,23.0,1,0,Granted,29.0
17/529118,2100,standard,large,moderate,5,32,12,17.9,1,0,Granted,23.0
17/732780,1700,standard,large,strict,4,27,14,17.3,1,0,Granted,22.2
17/314318,2100,standard,micro,moderate,3,13,10,22.8,1,0,Granted,29.0
17/636852,2400,trackOne,large,moderate,3,25,17,4.2,1,0,Granted,9.9
17/692689,1700,standard,large,moderate,3,27,18,16.9,1,0,Granted,22.7
17/482308,2600,trackOne,small,strict,3,30,16,4.5,1,0,Granted,10.1
17/694194,2100,standard,large,moderate,3,17,18,29.3,1,0,Granted,35.1
17/951087,3600,standard,large,lenient,3,28,23,18.2,1,0,Granted,24.5
17/111576,3700,standard,micro,moderate,3,14,9,18.7,3,1,Granted,31.1
17/121669,2800,standard,large,strict,4,29,8,14.3,1,0,Granted,20.5
17/192450,1700,standard,large,moderate,3,14,7,15.0,1,0,Granted,21.3
17/550792,1700,standard,large,lenient,4,16,15,16.8,3,1,Granted,30.1
17/981356,1700,trackOne,small,lenient,2,25,8,4.3,1,0,Granted,8.3
17/755242,3700,standard,large,strict,3,26,1,20.6,1,0,Granted,26.7
17/948473,2100,standard,small,strict,3,26,14,24.8,3,1,Granted,38.1
17/127686,1600,standard,large,lenient,4,19,24,24.2,1,0,Granted,30.5
17/808495,3700,standard,large,moderate,3,18,8,12.3,1,0,Granted,18.1
17/454886,2800,standard,large,strict,3,27,22,17.9,1,0,Granted,23.1
17/529439,2400,standard,micro,strict,3,21,5,32.3,3,1,Abandoned,41.8
17/641327,3600,standard,micro,strict,3,27,23,26.9,3,1,Granted,39.5
17/176572,2100,standard,large,moderate,3,17,26,17.4,1,0,Granted,22.6
17/268776,2800,standard,small,moderate,2,28,1,13.8,2,0,Abandoned,20.5
17/199386,2400,standard,micro,moderate,3,13,11,16.3,1,0,Granted,21.7
17/578169,2400,standard,micro,moderate,3,17,23,21.3,1,0,Granted,27.0
17/593446,3700,standard,small,moderate,3,29,16,9.9,2,0,Abandoned,16.9
17/236526,1700,trackOne,large,lenient,2,22,33,3.7,1,0,Granted,8.8
17/116658,1600,standard,large,moderate,5,26,8,19.4,2,0,Abandoned,51.7
17/674319,3700,standard,small,lenient,3,31,1,14.8,1,0,Granted,20.3
17/695255,2400,trackOne,large,moderate,3,28,6,4.0,3,1,Granted,15.6
17/511477,3700,pph,large,moderate,4,29,14,6.6,1,0,Granted,9.8
17/618848,2600,standard,large,lenient,3,24,11,12.7,4,2,Abandoned,26.6
17/249580,2400,standard,large,strict,3,17,9,17.7,3,1,Granted,31.1
17/196399,2800,standard,large,strict,1,16,1,21.3,1,0,Granted,26.9
17/335312,2800,standard,large,strict,2,14,13,15.4,1,0,Granted,22.2
17/124182,1600,trackOne,large,moderate,5,29,14,3.0,1,0,Granted,6.8
17/205327,1600,standard,large,moderate,3,33,17,20.5,1,0,Granted,27.7
17/881728,2400,trackOne,large,strict,2,17,18,2.8,1,0,Granted,6.1
17/940084,2600,standard,small,lenient,3,17,22,15.9,3,1,Granted,29.0
17/915540,3600,standard,large,strict,3,20,29,32.6,1,0,Granted,37.0
17/794110,1700,standard,small,strict,3,30,27,24.6,1,0,Granted,29.5
17/576076,1600,standard,small,strict,3,29,15,22.8,1,0,Granted,28.7
17/409232,1700,standard,micro,moderate,2,29,17,14.3,1,0,Granted,19.6
17/411726,2400,trackOne,large,moderate,5,15,1,3.6,1,0,Granted,5.9
17/560659,2600,standard,large,lenient,3,31,11,16.4,1,0,Granted,22.1
17/536488,3600,standard,small,moderate,1,21,1,34.8,1,0,Granted,40.7
17/724482,3600,standard,large,moderate,3,17,1,26.4,3,1,Granted,39.2
17/521160,2100,standard,large,moderate,2,18,21,15.3,1,0,Granted,21.0
17/156286,2100,standard,large,lenient,3,33,3,23.7,1,0,Granted,29.8
17/627683,2400,standard,large,moderate,3,28,23,12.2,3,1,Granted,24.6
17/107056,2600,standard,large,moderate,6,20,16,13.6,1,0,Granted,21.0
17/215019,3600,standard,large,moderate,3,27,15,26.9,3,1,Granted,38.7
17/272002,2100,standard,large,lenient,5,32,1,13.5,1,0,Granted,19.4
17/690594,2600,standard,large,strict,5,29,1,19.6,3,1,Granted,32.9
17/381836,1600,standard,large,moderate,2,28,14,22.0,4,2,Granted,39.2
17/172741,1600,standard,large,moderate,3,16,1,23.2,2,0,Abandoned,28.2
17/289170,2800,standard,small,strict,3,17,12,28.2,1,0,Granted,33.7
17/115025,2800,standard,large,lenient,2,22,6,13.0,1,0,Granted,17.7
17/264517,3600,standard,large,moderate,2,19,5,20.0,3,1,Granted,32.8
17/395842,2400,standard,large,strict,4,28,16,24.2,1,0,Granted,30.2
17/862900,2600,standard,small,moderate,5,25,19,11.4,1,0,Granted,17.4
17/613163,2800,standard,micro,moderate,2,12,6,24.7,1,0,Granted,30.0
17/350948,3700,pph,small,moderate,3,26,16,5.3,3,1,Granted,15.6
17/686979,2400,standard,large,strict,3,27,17,28.9,1,0,Granted,34.1
17/971165,3600,standard,small,moderate,3,16,4,29.7,1,0,Granted,34.9
17/911729,2800,standard,micro,moderate,3,28,23,19.2,3,1,Abandoned,28.9
17/501014,3700,standard,small,moderate,2,32,10,18.2,3,1,Granted,30.3
17/850941,2400,standard,large,lenient,2,16,20,22.6,3,1,Granted,35.3
17/294600,2800,accelerated,small,moderate,4,34,11,4.9,2,0,Abandoned,33.2
17/957568,2400,trackOne,small,lenient,3,28,7,4.5,1,0,Granted,7.4
17/645119,1700,trackOne,large,lenient,3,15,2,3.2,2,0,Abandoned,9.0
17/940819,2600,standard,large,strict,3,21,15,25.4,4,2,Granted,42.3
17/472484,3700,standard,small,lenient,3,17,19,10.3,4,2,Abandoned,24.7
17/688842,1700,standard,small,strict,3,32,24,22.3,1,0,Granted,27.4
17/986716,1700,standard,micro,strict,3,30,14,23.2,2,0,Abandoned,29.4
17/416872,3700,pph,micro,lenient,3,22,17,5.2,1,0,Granted,12.2
17/298345,3600,standard,large,lenient,3,15,28,19.9,1,0,Granted,24.4
17/943835,1600,standard,large,strict,1,31,5,21.9,3,1,Granted,33.6
17/990650,1700,standard,large,moderate,3,14,17,19.4,1,0,Granted,25.3
17/628001,1600,standard,large,moderate,3,14,19,16.2,3,1,Granted,27.8
17/565312,2800,standard,large,strict,3,30,5,23.0,2,0,Abandoned,28.5
17/657776,1700,accelerated,small,moderate,3,28,16,5.2,1,0,Granted,8.0
17/283154,2100,standard,large,moderate,2,24,14,18.3,3,1,Abandoned,29.4
17/900334,2100,standard,large,lenient,3,26,25,22.1,1,0,Granted,28.7
17/259595,2600,standard,small,moderate,3,29,15,21.4,1,0,Granted,26.8
17/265840,2100,standard,large,strict,3,13,13,18.0,1,0,Granted,23.4
17/614564,2100,standard,small,moderate,4,19,4,16.4,1,0,Granted,22.1
17/633586,3700,standard,large,moderate,3,18,9,19.7,1,0,Granted,25.5
17/184525,2100,pph,large,moderate,3,19,6,5.5,1,0,Granted,8.3
17/621867,3700,standard,large,lenient,3,29,19,7.6,1,0,Granted,13.3
17/359963,3700,standard,large,moderate,4,33,14,18.7,1,0,Granted,25.4
17/536454,2400,standard,micro,moderate,6,36,23,26.6,1,0,Granted,32.5
17/370899,2400,trackOne,large,lenient,3,25,27,3.9,3,1,Granted,15.2
17/480852,1700,standard,micro,lenient,3,21,4,24.0,3,1,Abandoned,32.3
17/807234,2400,pph,large,moderate,4,28,11,4.8,2,0,Abandoned,25.1
17/312946,3700,standard,large,moderate,3,13,19,16.8,2,0,Abandoned,21.5
17/818616,1700,standard,large,moderate,3,13,3,19.9,2,0,Abandoned,25.1
17/961058,1600,standard,small,moderate,3,31,25,25.9,1,0,Granted,31.6
17/183417,1700,standard,large,moderate,4,29,9,12.2,3,1,Granted,24.4
17/981668,2800,standard,small,moderate,3,33,15,9.9,3,1,Granted,23.1
17/572906,2400,standard,small,lenient,3,33,19,15.7,1,0,Granted,18.9
17/880126,3700,standard,small,moderate,3,17,6,23.5,1,0,Granted,29.2
17/994230,1700,accelerated,small,strict,3,29,16,4.8,2,0,Abandoned,10.1
17/807153,2400,standard,large,moderate,2,19,12,18.9,2,0,Abandoned,39.3
17/702266,2100,accelerated,small,moderate,3,13,21,4.6,1,0,Granted,8.1
17/684209,1700,standard,small,lenient,3,32,15,20.0,1,0,Granted,24.7
17/628157,2600,standard,large,lenient,2,26,18,9.7,1,0,Granted,15.4
17/677854,2100,standard,large,lenient,4,29,8,18.6,3,1,Granted,30.1
17/833887,1700,standard,large,lenient,1,25,10,12.5,1,0,Granted,18.4
17/500290,3700,standard,large,strict,3,33,15,16.7,1,0,Granted,22.5
17/464928,3600,standard,small,moderate,5,18,18,29.7,1,0,Granted,34.8
17/224991,2600,standard,micro,strict,3,23,8,32.4,3,1,Granted,44.8
17/252840,1700,standard,large,lenient,3,16,3,13.9,1,0,Granted,20.6
17/857013,1700,standard,large,lenient,3,15,16,20.2,3,1,Granted,31.4
17/286025,2600,standard,large,strict,3,28,30,18.6,2,0,Abandoned,47.1
17/577975,3700,pph,small,strict,3,28,11,5.1,1,0,Granted,8.0
17/666742,3600,trackOne,large,lenient,5,21,19,4.4,1,0,Granted,7.0
17/852045,2100,trackOne,large,moderate,3,18,14,4.6,3,1,Granted,16.1
17/563676,1600,standard,large,lenient,5,23,18,21.4,1,0,Granted,27.6
17/590079,2400,trackOne,large,moderate,2,31,13,3.4,3,1,Granted,17.1
17/662188,3700,trackOne,large,lenient,4,18,9,2.5,1,0,Granted,8.3
17/167494,2400,standard,large,moderate,3,27,15,12.2,4,2,Granted,27.9
17/386628,2600,pph,large,strict,3,30,5,7.5,2,0,Abandoned,12.4
17/180461,2800,standard,large,moderate,1,14,19,13.9,1,0,Granted,19.0
17/853344,3700,standard,micro,moderate,2,14,9,20.8,3,1,Granted,34.2
17/701759,1700,standard,small,strict,1,28,16,19.3,3,1,Abandoned,27.2
17/499513,2400,standard,large,lenient,3,22,11,15.6,2,0,Granted,44.3
17/987892,1700,standard,large,lenient,2,30,9,22.2,1,0,Granted,28.3
17/884197,1700,pph,large,moderate,4,24,11,6.0,1,0,Granted,8.9
17/869611,2800,standard,large,lenient,3,24,1,15.0,1,0,Granted,21.8
17/735906,2600,standard,large,moderate,1,19,12,17.6,1,0,Granted,22.9
17/887457,1600,trackOne,small,moderate,3,18,15,3.4,1,0,Granted,5.8
17/932400,2600,pph,micro,moderate,2,27,15,4.0,1,0,Granted,9.2
17/844851,2100,pph,large,lenient,4,34,14,5.9,1,0,Granted,12.0
17/885456,3600,standard,small,lenient,4,33,9,27.2,1,0,Granted,33.1
17/966844,2800,pph,large,moderate,3,21,13,5.4,1,0,Granted,10.2
17/369016,2600,trackOne,small,lenient,6,29,15,3.6,1,0,Granted,9.5
17/856010,2400,standard,large,moderate,6,27,16,24.1,3,1,Granted,35.2
17/758141,2100,standard,small,strict,3,23,19,18.5,2,0,Abandoned,24.0
17/604466,2100,standard,large,lenient,4,34,11,18.9,1,0,Granted,25.4
17/969060,1600,trackOne,large,moderate,3,13,22,3.7,1,0,Granted,9.4
17/637927,2800,standard,large,lenient,5,22,18,6.0,4,2,Abandoned,19.6
17/256453,2800,standard,small,moderate,2,24,11,8.6,1,0,Granted,14.2
17/359291,1700,standard,small,lenient,3,21,12,14.5,2,0,Abandoned,20.8
17/240777,2400,standard,large,lenient,5,27,22,19.8,1,0,Granted,25.5
17/301401,2800,standard,large,lenient,3,18,13,12.5,1,0,Granted,18.4
17/330308,3700,standard,large,strict,3,26,9,20.9,2,0,Granted,44.9
17/414997,2100,standard,large,moderate,4,27,7,23.1,3,1,Granted,35.1
17/263568,2100,standard,small,moderate,3,21,30,22.2,3,1,Granted,34.0
17/115245,2400,pph,small,moderate,3,24,3,6.0,3,1,Granted,17.5
17/289078,1700,trackOne,large,moderate,3,33,14,3.6,2,0,Abandoned,8.8
17/527334,1600,standard,small,moderate,3,13,21,27.1,3,1,Abandoned,37.0
17/806495,3700,standard,large,moderate,3,17,18,22.0,3,1,Granted,34.5
17/562406,2400,standard,large,moderate,3,25,11,19.6,1,0,Granted,24.8
17/608920,2400,standard,large,moderate,3,27,24,21.0,1,0,Granted,26.7
17/892835,3600,trackOne,large,moderate,3,31,30,2.5,1,0,Granted,8.8
17/993080,3600,standard,small,lenient,3,23,17,20.0,1,0,Granted,22.9
17/579952,2800,pph,large,strict,3,16,6,5.2,3,1,Abandoned,14.9
17/216241,2400,pph,large,moderate,2,12,17,5.5,2,0,Abandoned,12.3
17/552768,2800,standard,small,moderate,3,18,1,21.6,1,0,Granted,27.6
17/509439,1700,standard,large,lenient,3,25,12,17.2,1,0,Granted,21.0
17/255498,2800,standard,large,strict,3,20,12,19.8,1,0,Granted,25.9
17/205572,2400,standard,large,moderate,1,15,3,14.5,2,0,Abandoned,34.2
17/842421,2400,standard,large,moderate,3,23,1,24.6,1,0,Granted,29.5
17/868591,2800,standard,large,strict,2,17,17,21.0,1,0,Granted,25.9
17/430738,2600,standard,small,moderate,6,22,1,17.8,1,0,Granted,23.9
17/573127,1600,standard,small,moderate,3,31,12,19.3,2,0,Abandoned,45.2
17/928728,1600,standard,small,strict,4,30,18,22.8,1,0,Granted,28.2
17/172012,3600,standard,large,strict,6,31,10,21.6,3,1,Granted,33.4
17/123343,2600,standard,large,lenient,3,21,12,21.6,1,0,Granted,27.0
17/315195,2400,standard,large,strict,2,29,1,30.0,3,1,Granted,41.3
17/325349,1600,standard,large,moderate,3,15,8,24.7,3,1,Granted,38.3
17/941148,2600,trackOne,small,lenient,3,33,12,3.5,1,0,Granted,9.3
17/141351,1700,standard,small,strict,1,14,6,27.3,1,0,Granted,32.3
17/945400,3600,standard,large,strict,3,29,7,28.4,3,1,Granted,40.2
17/845834,3700,standard,large,lenient,3,30,19,18.0,3,1,Granted,29.7
17/261057,2800,standard,large,moderate,3,23,3,14.6,1,0,Granted,19.1
17/988523,2100,standard,large,lenient,2,12,26,16.0,1,0,Granted,22.9
17/767294,3600,standard,small,moderate,2,23,35,21.9,3,1,Granted,34.5
17/537618,2600,standard,small,moderate,5,18,12,14.7,1,0,Granted,20.2
17/401692,2100,standard,large,lenient,4,25,19,26.6,3,1,Granted,39.1
17/485408,2600,standard,small,moderate,3,30,26,24.0,2,0,Abandoned,47.5
17/899446,2600,trackOne,large,moderate,5,34,30,2.5,1,0,Granted,4.9
17/207618,2100,standard,large,strict,2,14,13,26.1,1,0,Granted,31.6
17/176035,3600,standard,large,moderate,1,15,22,25.8,2,0,Abandoned,30.6
17/172786,1600,trackOne,micro,strict,3,13,3,2.5,1,0,Granted,5.1
17/580533,3700,standard,large,strict,3,13,19,22.7,3,1,Abandoned,31.5
17/463521,1600,trackOne,micro,moderate,3,19,11,3.1,1,0,Granted,9.2
17/959117,2800,standard,small,moderate,2,16,6,16.9,4,2,Granted,32.9
17/942064,1700,standard,micro,moderate,4,24,13,21.4,1,0,Granted,23.6
17/337544,2600,standard,small,lenient,3,18,14,17.0,1,0,Granted,19.9
17/364529,2600,pph,micro,lenient,4,34,29,6.8,2,0,Abandoned,13.8
17/384087,2600,standard,small,lenient,2,31,4,15.9,1,0,Granted,21.7
17/112387,3700,standard,large,strict,5,25,18,24.3,1,0,Granted,29.5
17/449792,3700,trackOne,small,lenient,3,30,10,4.1,1,0,Granted,8.2
17/278943,3600,trackOne,large,moderate,3,18,10,3.1,3,1,Granted,16.8
17/287806,2800,standard,large,moderate,2,16,29,19.6,1,0,Granted,24.1
17/295434,2800,pph,small,moderate,6,34,14,4.9,1,0,Granted,10.8
17/550466,2400,standard,large,lenient,4,33,12,22.8,3,1,Granted,34.1
17/152943,2400,pph,large,lenient,4,33,21,5.6,3,1,Granted,17.4
17/811535,3600,standard,small,moderate,5,28,3,27.3,3,1,Granted,40.5
17/701199,1600,standard,large,moderate,5,32,11,17.3,3,1,Granted,29.0
17/309928,1700,standard,micro,lenient,3,13,9,20.0,1,0,Granted,26.6
17/270225,2800,trackOne,large,strict,3,27,10,4.7,1,0,Granted,7.2
17/434920,2100,standard,large,moderate,3,25,17,29.1,1,0,Granted,34.8
17/258684,1600,standard,small,moderate,3,33,16,16.6,1,0,Granted,22.3
17/314278,2100,standard,large,lenient,3,13,12,15.8,1,0,Granted,21.0
17/136998,1600,standard,large,strict,3,14,4,34.3,3,1,Granted,45.9
17/594589,2400,standard,large,strict,4,28,16,20.1,2,0,Abandoned,26.1
17/996311,1700,standard,small,moderate,2,22,7,27.3,4,2,Granted,44.6
17/825119,1700,trackOne,large,moderate,6,22,26,3.3,1,0,Granted,9.7
17/105549,1600,standard,large,moderate,6,34,7,16.0,3,1,Granted,27.4
17/657478,3700,pph,large,moderate,3,20,15,6.1,1,0,Granted,10.9
17/997249,2400,standard,large,moderate,3,17,9,20.3,3,1,Granted,32.3
17/452660,1600,standard,small,strict,3,13,21,25.4,2,0,Abandoned,31.8
17/662082,2400,standard,small,moderate,3,17,15,19.6,1,0,Granted,24.8
17/127448,2800,standard,large,lenient,3,24,33,15.2,1,0,Granted,21.1
17/739708,2100,standard,large,moderate,2,14,33,23.2,1,0,Granted,26.6
17/853855,3600,standard,small,moderate,4,22,11,26.7,2,0,Abandoned,32.3
17/347808,1700,standard,large,moderate,5,20,12,27.1,1,0,Granted,34.2
17/332286,2800,standard,large,moderate,3,18,19,9.1,2,0,Abandoned,40.5
17/246914,2800,standard,large,lenient,3,24,14,26.6,1,0,Granted,32.1
17/510534,3700,standard,large,moderate,3,16,21,21.5,4,2,Abandoned,35.5
17/964040,2800,trackOne,large,moderate,4,22,22,3.3,3,1,Granted,15.1
17/257759,2600,pph,small,strict,4,14,23,4.3,3,1,Granted,16.3
17/796550,2100,standard,micro,lenient,2,29,2,21.7,2,0,Abandoned,47.1
17/312732,2600,trackOne,large,strict,1,17,17,3.5,4,2,Abandoned,17.0
17/498385,2600,standard,micro,moderate,2,18,17,14.6,1,0,Granted,19.0
17/719907,2800,standard,large,lenient,3,21,8,6.2,3,1,Granted,17.8
17/856596,2400,standard,small,lenient,3,24,21,15.2,1,0,Granted,18.8
17/665536,3700,standard,large,moderate,3,28,23,17.3,1,0,Granted,19.7
17/513949,3700,standard,small,strict,4,31,28,10.2,3,1,Granted,22.4
17/869262,2100,trackOne,micro,strict,3,26,23,3.2,1,0,Granted,9.1
17/382254,2100,standard,small,moderate,5,30,22,22.8,3,1,Granted,35.0
17/567239,3600,accelerated,large,moderate,1,21,18,4.5,1,0,Granted,10.9
17/862131,2800,standard,small,moderate,3,29,21,10.5,4,2,Abandoned,22.6
17/922680,2800,trackOne,micro,moderate,1,29,13,3.8,1,0,Granted,9.5
17/776059,3700,standard,large,moderate,3,13,12,13.8,1,0,Granted,19.4
17/634781,3600,standard,large,lenient,2,25,1,19.1,1,0,Granted,21.9
17/574645,2800,standard,large,strict,3,25,6,18.4,2,0,Abandoned,41.2
17/908041,3700,standard,large,moderate,4,24,6,13.2,1,0,Granted,17.3
17/465192,2400,standard,large,moderate,2,31,8,19.3,2,0,Abandoned,25.5
17/240406,3600,standard,small,moderate,3,31,9,28.5,1,0,Granted,34.5
17/168962,2600,standard,large,strict,3,23,8,18.1,2,0,Abandoned,23.2
17/463889,3700,standard,micro,moderate,1,31,16,15.0,3,1,Granted,28.3
17/804683,2400,standard,large,strict,3,30,21,21.4,2,0,Abandoned,26.6
17/419057,2600,standard,small,lenient,2,32,11,12.9,3,1,Granted,25.4
17/724611,3700,standard,small,moderate,2,27,27,22.6,3,1,Granted,35.3
17/279482,3700,standard,micro,lenient,3,30,4,15.4,1,0,Granted,19.7
17/985763,1600,pph,large,strict,3,32,13,4.3,1,0,Granted,7.2
17/635703,3700,standard,large,moderate,1,18,18,22.9,1,0,Granted,28.7
17/640951,1700,standard,large,strict,3,24,18,20.5,3,1,Granted,32.4
17/560115,2800,standard,large,lenient,3,25,3,12.5,1,0,Granted,18.2
17/111943,2400,trackOne,small,strict,3,19,23,2.7,2,0,Abandoned,8.1
17/543423,2600,standard,large,moderate,6,33,18,12.2,1,0,Granted,17.1
17/490913,2600,standard,small,moderate,3,14,16,17.9,3,1,Granted,30.3
17/103914,2800,standard,large,strict,4,29,22,19.7,2,0,Abandoned,46.2
17/658576,2400,standard,large,moderate,1,26,7,26.1,1,0,Granted,31.7
17/247116,1700,standard,large,moderate,3,16,13,14.8,1,0,Granted,20.5
17/879398,1600,standard,small,moderate,1,27,13,28.9,2,0,Abandoned,53.1
17/623560,2400,standard,small,strict,2,12,20,20.5,2,0,Abandoned,53.8
17/278812,1600,standard,small,moderate,3,25,9,13.1,1,0,Granted,19.0
17/745436,1700,standard,large,moderate,2,18,14,19.8,1,0,Granted,24.4
17/565872,3600,standard,small,strict,3,18,1,21.8,1,0,Granted,28.0
17/928340,3700,trackOne,small,moderate,3,13,14,4.0,1,0,Granted,5.9
17/918089,1700,standard,large,moderate,3,21,14,14.4,1,0,Granted,19.9
17/647543,2400,standard,small,strict,3,18,4,20.8,2,0,Abandoned,26.1
17/783226,1600,trackOne,micro,strict,3,26,9,3.2,1,0,Granted,6.0
17/824677,1600,standard,small,moderate,3,30,14,26.9,1,0,Granted,29.1
17/198470,1600,standard,large,lenient,3,14,15,17.9,2,0,Abandoned,22.7
17/192038,2600,standard,large,moderate,4,14,29,18.3,1,0,Granted,25.6
17/486753,2600,standard,small,moderate,3,33,19,14.4,3,1,Granted,27.3
17/810813,2600,standard,small,moderate,3,28,15,26.7,1,0,Granted,32.9
17/103679,2600,standard,small,lenient,3,13,16,24.8,1,0,Granted,30.7
17/739152,3600,standard,micro,strict,2,31,15,29.2,1,0,Granted,34.5
17/339742,2400,standard,small,strict,4,27,25,28.0,3,1,Abandoned,38.0
17/488246,2100,trackOne,large,lenient,3,23,16,3.9,1,0,Granted,9.3
17/419952,2400,standard,large,moderate,3,30,15,15.2,3,1,Granted,27.5
17/270763,3700,standard,small,strict,3,32,13,18.4,3,1,Granted,31.9
17/164458,2800,standard,small,lenient,6,24,18,11.1,1,0,Granted,17.3
17/240286,3600,standard,large,lenient,4,25,16,14.2,1,0,Granted,19.9
17/908694,2800,standard,micro,lenient,3,29,6,23.7,1,0,Granted,27.1
17/530697,3700,trackOne,large,lenient,2,30,12,3.1,1,0,Granted,9.7
17/987871,3700,standard,large,moderate,4,26,12,13.2,1,0,Granted,15.9
17/280645,1600,standard,small,moderate,1,16,6,27.8,3,1,Abandoned,36.2
17/861980,3700,standard,large,strict,3,31,13,26.2,1,0,Granted,32.0
17/286511,2800,standard,micro,moderate,3,24,17,16.0,4,2,Abandoned,27.7
17/174308,3600,standard,small,moderate,5,26,14,21.3,1,0,Granted,26.3
17/388462,2600,standard,small,moderate,3,30,13,19.7,1,0,Granted,26.6
17/353595,2400,standard,small,strict,1,19,10,26.8,1,0,Granted,29.7
17/753848,1700,standard,large,lenient,1,31,9,18.3,1,0,Granted,25.0
17/530988,2400,trackOne,large,moderate,3,13,4,2.8,1,0,Granted,5.7
17/552707,2400,pph,large,lenient,3,30,16,6.8,1,0,Granted,13.5
17/798608,2100,accelerated,small,lenient,3,32,19,3.5,1,0,Granted,10.3
17/263656,2100,standard,large,moderate,3,33,21,24.0,1,0,Granted,30.5
17/539423,3600,trackOne,small,moderate,3,14,22,3.4,1,0,Granted,5.8
17/376708,3700,standard,small,moderate,3,32,14,25.2,1,0,Granted,31.5
17/123120,3700,standard,large,strict,4,28,24,19.7,1,0,Granted,25.4
17/343768,1600,accelerated,small,moderate,4,25,20,3.5,1,0,Granted,8.8
17/601061,1700,standard,small,moderate,6,27,5,19.8,3,1,Granted,32.7
17/892989,2400,standard,large,moderate,3,18,8,23.0,1,0,Granted,27.0
17/387830,2400,standard,large,moderate,1,23,7,21.1,1,0,Granted,26.6
17/836766,2100,standard,large,moderate,3,19,13,24.3,1,0,Granted,27.5
17/741793,1700,standard,large,strict,3,21,3,23.6,2,0,Abandoned,27.0
17/436444,2600,standard,large,lenient,2,13,3,17.9,3,1,Granted,30.5
17/535347,3700,trackOne,large,moderate,3,25,22,3.5,1,0,Granted,9.0
17/385264,1600,standard,small,moderate,3,19,20,31.0,1,0,Granted,36.2
17/591164,2400,standard,large,lenient,3,22,19,17.7,3,1,Granted,30.2
17/553641,2400,standard,large,strict,3,28,12,28.1,3,1,Granted,40.3
17/648482,2100,standard,large,strict,3,26,10,23.7,1,0,Granted,28.5
17/192131,2600,standard,large,moderate,1,24,15,9.8,1,0,Granted,16.2
17/964049,2100,standard,small,strict,2,17,7,28.4,1,0,Granted,32.0
17/836074,3600,standard,small,strict,1,11,34,26.8,3,1,Granted,38.7
17/643464,1700,standard,small,moderate,5,31,10,18.7,1,0,Granted,24.9
17/994142,2600,standard,large,moderate,2,14,23,14.8,2,0,Abandoned,18.9
17/509492,2600,standard,large,lenient,3,28,15,21.5,3,1,Abandoned,30.2
17/999652,1700,standard,large,moderate,2,14,18,17.4,1,0,Granted,22.7
17/863382,1600,standard,micro,strict,3,21,20,29.5,3,1,Granted,41.7
17/290955,1600,standard,small,lenient,6,30,26,20.6,2,0,Abandoned,26.8
17/954442,3700,standard,large,moderate,3,13,27,19.1,3,1,Granted,30.8
17/163522,1600,standard,small,moderate,3,16,15,26.0,1,0,Granted,31.6
17/176858,1700,accelerated,large,strict,3,30,12,5.6,1,0,Granted,12.1
17/441740,1700,standard,large,strict,5,19,22,25.3,4,2,Abandoned,38.5
17/997982,1700,trackOne,large,lenient,4,32,7,2.9,1,0,Granted,8.6
17/294713,2800,standard,micro,lenient,4,33,22,21.4,4,2,Abandoned,35.2
17/361300,3600,standard,small,lenient,4,23,15,23.8,3,1,Abandoned,33.4
17/228119,2600,standard,large,moderate,3,32,15,10.3,1,0,Granted,15.9
17/403878,1600,accelerated,large,strict,3,19,10,5.6,2,0,Abandoned,12.6
17/870975,1600,standard,large,lenient,2,24,22,25.4,1,0,Granted,30.5
17/878213,2100,standard,small,lenient,5,23,13,16.7,3,1,Granted,29.6
17/220639,2100,standard,large,moderate,4,19,17,23.4,1,0,Granted,29.6
17/617376,1700,standard,large,lenient,3,14,5,12.6,4,2,Abandoned,25.4
17/161979,1600,standard,large,lenient,2,17,1,18.9,1,0,Granted,24.9
17/124298,2100,standard,large,moderate,3,28,14,17.3,1,0,Granted,21.8
17/947060,1700,accelerated,large,strict,3,23,21,6.5,1,0,Granted,12.8
17/200393,3700,accelerated,large,moderate,3,33,18,4.8,2,0,Abandoned,10.8
17/634831,1600,standard,small,moderate,1,23,9,18.2,3,1,Granted,30.4
17/222418,2800,trackOne,micro,moderate,4,25,18,4.6,1,0,Granted,11.3
17/937415,2600,standard,large,lenient,2,28,2,10.8,1,0,Granted,13.2
17/491891,2100,standard,large,lenient,3,31,14,10.8,2,0,Granted,42.9
17/806500,3600,standard,large,lenient,2,25,17,28.8,1,0,Granted,34.1
17/943037,2600,standard,large,moderate,3,13,17,18.3,1,0,Granted,23.7
17/839067,1700,standard,large,moderate,3,25,13,18.2,1,0,Granted,23.2
17/652903,1600,standard,small,strict,3,13,13,26.4,1,0,Granted,32.3
17/680168,3700,trackOne,micro,moderate,3,17,12,3.7,1,0,Granted,6.3
17/369598,1600,standard,large,moderate,3,18,16,19.4,3,1,Granted,31.7
17/377186,3600,standard,large,moderate,3,26,31,22.5,3,1,Granted,35.0
17/419052,3600,standard,large,strict,4,33,7,25.8,1,0,Granted,32.1
17/930323,3600,standard,large,moderate,4,14,1,25.5,3,1,Granted,38.0
17/159660,2100,pph,large,moderate,3,32,20,6.2,3,1,Granted,18.8
17/192888,2800,standard,large,lenient,3,29,12,18.1,2,0,Abandoned,43.4
17/572961,1600,standard,small,moderate,1,27,8,21.6,3,1,Granted,34.3
17/863721,2400,standard,large,lenient,1,17,6,15.1,3,1,Granted,26.6
17/657315,2600,standard,small,moderate,2,31,17,22.8,1,0,Granted,28.4
17/639719,1700,trackOne,large,moderate,2,25,10,3.7,2,0,Abandoned,10.2
17/333372,2100,pph,small,strict,4,33,27,5.3,2,0,Abandoned,26.1
17/394745,1600,pph,micro,moderate,5,35,23,7.6,1,0,Granted,14.1
17/615528,1600,pph,large,lenient,4,15,14,7.5,1,0,Granted,12.9
17/398165,1600,standard,small,moderate,4,14,20,25.9,3,1,Granted,37.5
17/359234,1600,trackOne,small,moderate,3,16,16,3.8,3,1,Granted,15.6
17/433952,2400,standard,large,moderate,3,24,21,19.0,2,0,Abandoned,24.6
17/827294,2400,standard,large,moderate,3,30,13,21.5,4,2,Abandoned,34.4
17/818850,2600,standard,large,moderate,3,33,13,24.2,1,0,Granted,30.6
17/311880,2800,standard,small,moderate,3,24,21,16.4,2,0,Abandoned,22.6
17/854960,3600,trackOne,large,lenient,3,22,24,4.1,3,1,Abandoned,13.4
17/497176,2100,standard,large,strict,3,33,15,27.3,1,0,Granted,33.1
17/860801,2400,standard,large,strict,2,19,19,19.1,1,0,Granted,24.2
17/306645,1600,standard,large,lenient,3,21,4,31.6,2,0,Abandoned,60.8
17/949613,3700,trackOne,large,moderate,6,36,13,3.3,1,0,Granted,9.1
17/668982,1600,standard,large,strict,4,18,8,26.8,3,1,Abandoned,36.2
17/412554,3600,standard,micro,moderate,2,16,8,23.9,3,1,Granted,35.4
17/567652,2600,pph,large,moderate,3,21,22,7.9,2,0,Abandoned,40.5
17/214932,2600,standard,micro,moderate,4,20,25,20.1,2,0,Abandoned,25.9
17/178261,2800,standard,large,moderate,4,31,19,13.1,1,0,Granted,19.3
17/705813,3700,standard,large,lenient,3,26,8,21.3,3,1,Abandoned,32.5
17/218107,1700,accelerated,large,moderate,3,23,19,5.2,1,0,Granted,11.4
17/655684,2800,standard,small,strict,3,21,16,15.7,2,0,Granted,46.0
17/802964,1700,standard,small,moderate,2,18,19,26.0,4,2,Abandoned,39.2
17/729955,3700,standard,large,moderate,4,27,13,16.5,3,1,Granted,29.5
17/867486,2800,standard,small,moderate,2,27,18,15.8,1,0,Granted,21.3
17/252623,2800,standard,large,lenient,2,15,26,8.0,1,0,Granted,15.0
17/282781,2100,standard,large,moderate,2,20,15,24.7,3,1,Granted,38.1
17/746494,2600,standard,large,moderate,3,19,9,15.4,1,0,Granted,20.6
17/904122,2400,standard,small,moderate,3,19,20,27.4,1,0,Granted,33.5
17/323887,1600,pph,large,lenient,3,24,9,6.4,1,0,Granted,10.8
17/587022,1600,pph,large,lenient,3,30,13,4.9,1,0,Granted,11.6
17/457661,2600,pph,small,strict,1,16,26,4.3,2,0,Abandoned,27.3
17/593010,1700,standard,small,moderate,6,25,13,19.7,1,0,Granted,25.3
17/902623,3700,pph,large,lenient,3,27,13,4.3,1,0,Granted,6.9
17/997534,1700,trackOne,small,lenient,4,30,20,3.8,1,0,Granted,10.1
17/886566,3600,standard,large,moderate,2,24,20,23.7,3,1,Granted,37.0
17/937749,3600,standard,micro,strict,2,13,10,28.7,2,0,Granted,48.3
17/409321,1600,standard,large,moderate,2,30,11,31.0,1,0,Granted,36.6
17/380224,3700,standard,large,moderate,1,23,21,20.1,3,1,Granted,33.3
17/446486,2600,standard,small,moderate,6,29,16,23.6,1,0,Granted,30.0
17/124030,2400,standard,small,strict,4,16,22,24.8,2,0,Abandoned,30.4
17/402338,1600,trackOne,small,moderate,3,14,11,5.4,2,0,Abandoned,11.3
17/586247,3700,standard,large,lenient,3,23,8,20.3,1,0,Granted,26.1
17/503569,2100,standard,micro,moderate,6,34,21,19.1,3,1,Abandoned,27.9
17/732650,2600,standard,small,moderate,3,13,24,21.3,3,1,Abandoned,31.0
17/659944,2800,standard,large,moderate,3,14,14,15.5,1,0,Granted,20.6
17/421277,2400,standard,large,moderate,4,32,7,28.1,2,0,Abandoned,33.5
17/316168,2400,standard,large,strict,3,19,9,26.9,3,1,Granted,39.2
17/401788,2800,pph,micro,strict,5,23,12,5.4,2,0,Abandoned,28.4
17/366142,1700,standard,micro,moderate,1,15,12,20.1,3,1,Granted,31.5
17/659757,2400,standard,small,moderate,3,32,13,26.5,2,0,Granted,56.6
17/734922,3600,pph,small,lenient,3,16,16,8.2,3,1,Abandoned,17.7
17/768725,2600,standard,large,moderate,3,18,20,17.2,2,0,Abandoned,49.3
17/191838,2400,pph,large,strict,2,16,22,4.8,3,1,Granted,17.2
17/590052,3700,pph,large,lenient,4,34,7,4.7,1,0,Granted,7.9
17/486107,2100,trackOne,large,lenient,6,16,25,3.8,1,0,Granted,7.2
17/732009,2100,standard,large,moderate,3,23,19,20.5,1,0,Granted,26.4
17/234494,1600,standard,small,moderate,4,34,27,28.8,2,0,Abandoned,33.0
17/592700,3600,standard,micro,moderate,3,31,19,21.6,3,1,Granted,34.7
17/125657,2400,standard,micro,moderate,3,17,9,13.1,2,0,Abandoned,44.3
17/719466,3600,pph,large,moderate,3,29,22,6.6,3,1,Granted,18.4
17/607799,3600,standard,large,moderate,2,16,11,31.2,1,0,Granted,38.5
17/604588,2100,standard,large,moderate,3,28,12,24.0,3,1,Granted,35.4
17/305772,2600,standard,small,strict,3,18,17,22.3,2,0,Abandoned,28.6
17/764234,2600,standard,large,lenient,3,32,3,11.1,3,1,Abandoned,20.3
17/823107,2800,standard,large,moderate,1,14,21,20.0,1,0,Granted,26.2
17/433053,1700,accelerated,large,lenient,3,32,16,5.8,3,1,Abandoned,15.6
17/897063,3600,standard,large,moderate,3,31,19,21.0,1,0,Granted,23.9
17/121124,1600,standard,small,moderate,3,18,14,15.7,1,0,Granted,22.4
17/939986,3700,standard,large,moderate,2,13,13,16.1,2,0,Abandoned,42.8
17/863447,2100,standard,large,moderate,3,16,17,19.3,1,0,Granted,21.9
17/397955,2400,pph,micro,strict,3,22,20,9.2,1,0,Granted,15.5
17/839759,1700,standard,small,moderate,3,28,15,24.3,1,0,Granted,30.0
17/632577,2800,standard,micro,lenient,3,23,17,10.2,1,0,Granted,16.3
17/692787,2400,standard,small,lenient,4,28,18,19.4,3,1,Abandoned,29.4
17/187748,2100,standard,small,lenient,4,34,15,25.5,3,1,Granted,37.7
17/716974,3600,standard,small,moderate,3,19,6,26.3,3,1,Granted,38.5
17/378165,2100,standard,large,lenient,3,17,5,18.8,3,1,Granted,30.8
17/666833,2400,pph,micro,strict,2,17,22,6.4,2,0,Abandoned,10.9
17/102503,2100,trackOne,large,lenient,3,27,9,4.2,1,0,Granted,10.5
17/708448,3600,standard,small,moderate,5,16,17,26.0,4,2,Abandoned,40.0
17/719633,2600,standard,micro,lenient,3,32,15,20.5,4,2,Abandoned,32.9
17/528197,2100,standard,small,moderate,3,25,23,24.0,3,1,Abandoned,33.9
17/272296,3700,trackOne,small,strict,3,28,12,3.3,1,0,Granted,9.6
17/763225,3700,standard,large,moderate,3,17,20,15.1,3,1,Abandoned,23.9
17/526408,2100,standard,small,moderate,3,16,29,14.6,2,0,Granted,46.5
17/232498,3600,standard,large,moderate,1,21,16,20.1,3,1,Granted,31.1
17/499722,1700,standard,large,lenient,4,29,12,17.3,1,0,Granted,19.9
17/668518,2400,standard,large,moderate,3,32,5,17.3,2,0,Abandoned,22.5
17/138088,1600,pph,large,moderate,3,30,14,7.2,1,0,Granted,9.8
17/295404,2100,standard,large,moderate,3,27,9,14.6,3,1,Granted,25.8
17/547247,1600,standard,small,moderate,5,20,9,21.1,1,0,Granted,27.4
17/590960,1600,standard,large,moderate,3,18,10,20.9,1,0,Granted,24.3
17/852988,2800,standard,small,moderate,4,28,29,18.1,2,0,Abandoned,24.3
17/416859,2800,standard,large,moderate,3,29,17,10.1,1,0,Granted,16.1
17/615973,1600,standard,small,strict,3,23,14,19.0,2,0,Abandoned,24.5
17/878633,2100,standard,large,moderate,3,31,14,23.2,2,0,Granted,49.4
17/211241,1700,standard,large,moderate,3,32,25,15.6,2,0,Abandoned,19.6
17/592347,1600,standard,small,strict,3,20,18,22.1,3,1,Granted,35.0
17/941555,2400,standard,micro,strict,3,29,7,20.5,1,0,Granted,26.3
17/307384,1700,pph,micro,strict,2,20,8,5.5,1,0,Granted,8.1
17/272382,2600,standard,large,strict,6,29,3,18.5,1,0,Granted,24.4
17/530516,1700,trackOne,large,strict,5,20,12,2.5,3,1,Granted,15.0
17/843785,3600,standard,large,moderate,3,29,15,29.5,3,1,Granted,41.6
17/922864,3600,standard,small,moderate,3,13,1,21.8,1,0,Granted,28.4
17/356348,2400,standard,large,strict,3,25,4,32.1,2,0,Abandoned,58.6
17/592413,3600,trackOne,small,strict,3,13,21,2.8,1,0,Granted,6.2
17/896841,3700,standard,micro,moderate,3,31,12,18.7,3,1,Granted,31.0
17/678960,2600,trackOne,large,moderate,3,28,8,3.1,4,2,Granted,18.2
17/755623,2100,standard,large,strict,3,30,6,25.9,1,0,Granted,32.3
17/761169,2100,standard,small,moderate,3,16,19,29.8,3,1,Abandoned,39.3
17/425329,3600,trackOne,large,moderate,3,15,12,2.5,1,0,Granted,5.0
17/583827,1700,standard,large,moderate,1,17,1,19.4,1,0,Granted,25.7
17/296189,1600,standard,large,strict,3,24,17,18.9,3,1,Granted,31.1
17/562009,1600,pph,micro,strict,3,13,17,4.7,1,0,Granted,10.8
17/806212,2600,pph,large,lenient,4,28,11,5.8,1,0,Granted,11.3
17/692916,2100,standard,large,moderate,3,33,18,17.4,1,0,Granted,23.2
17/504907,1600,trackOne,small,moderate,3,13,22,3.3,1,0,Granted,10.6
17/750752,2600,trackOne,small,moderate,3,33,14,3.9,1,0,Granted,7.2
17/648856,2100,trackOne,small,strict,3,16,18,5.3,3,1,Abandoned,14.8
17/392239,2100,trackOne,small,moderate,3,19,10,4.2,2,0,Abandoned,9.4
17/813130,3600,standard,small,moderate,3,20,23,27.5,2,0,Abandoned,32.7
17/526403,2400,trackOne,large,moderate,3,16,13,4.1,1,0,Granted,9.9
17/808008,1600,standard,small,moderate,3,28,24,23.7,3,1,Granted,35.8
17/140411,2800,standard,micro,moderate,3,26,28,9.6,1,0,Granted,16.1
17/871251,3700,standard,micro,strict,3,28,14,19.0,1,0,Granted,24.1
17/825259,2800,trackOne,small,moderate,3,19,17,4.4,2,0,Abandoned,10.3
17/252275,1600,standard,small,lenient,3,32,16,16.2,2,0,Granted,36.4
17/618588,2100,standard,large,moderate,3,14,20,25.2,3,1,Abandoned,33.9
17/739107,3600,standard,small,lenient,4,15,6,15.5,1,0,Granted,22.1
17/997988,2800,standard,large,lenient,3,21,13,11.9,3,1,Granted,24.8
17/667206,2600,standard,large,moderate,2,23,25,17.0,3,1,Granted,29.7
17/911940,1700,trackOne,large,moderate,3,33,14,4.1,1,0,Granted,7.2
17/144698,1600,standard,micro,strict,3,18,4,24.3,1,0,Granted,31.3
17/389132,2800,standard,large,lenient,3,26,26,13.0,2,0,Abandoned,46.2
17/200017,1600,standard,large,moderate,3,22,15,16.3,3,1,Granted,29.1
17/662984,3700,standard,small,strict,3,25,3,19.8,3,1,Granted,33.5
17/207237,3700,standard,large,moderate,6,20,11,6.0,1,0,Granted,12.3
17/788842,2400,trackOne,small,lenient,3,29,26,2.5,3,1,Granted,14.1
17/220888,2800,standard,small,lenient,4,14,1,17.4,4,2,Abandoned,30.6
17/522887,1600,standard,large,lenient,3,29,14,26.2,2,0,Granted,44.1
17/675162,2400,standard,small,strict,3,28,10,22.6,1,0,Granted,28.2
17/621507,3700,trackOne,small,moderate,3,19,16,2.9,1,0,Granted,9.1
17/701880,2100,standard,small,lenient,1,22,21,14.8,1,0,Granted,17.4
17/474335,3600,standard,small,lenient,3,13,10,22.5,4,2,Abandoned,35.2
17/705427,1700,standard,large,strict,3,17,4,21.4,3,1,Granted,33.2
17/612722,3600,accelerated,large,lenient,3,16,18,4.0,1,0,Granted,7.1
17/375733,1700,standard,large,moderate,2,13,16,22.5,3,1,Abandoned,32.6
17/144276,1600,standard,large,moderate,3,27,19,13.6,1,0,Granted,16.5
17/427264,2600,standard,micro,moderate,3,20,16,22.5,3,1,Granted,34.6
17/489051,2400,pph,large,strict,4,18,29,5.9,2,0,Abandoned,10.6
17/256916,2100,standard,small,moderate,3,25,8,20.5,2,0,Granted,51.1
17/875140,2800,standard,small,moderate,2,28,16,14.5,1,0,Granted,20.8
17/180038,3600,trackOne,large,strict,2,23,4,3.1,1,0,Granted,6.2
17/436603,1700,standard,small,strict,3,20,2,18.8,1,0,Granted,24.0
17/526782,1700,standard,small,strict,3,13,36,26.5,2,0,Granted,52.8
17/736324,1600,standard,micro,moderate,3,13,12,18.7,1,0,Granted,23.0
17/132698,3700,standard,small,lenient,1,13,6,17.9,1,0,Granted,22.8
17/276954,3600,standard,large,moderate,3,14,6,28.1,3,1,Granted,40.4
17/247304,2600,standard,large,moderate,3,17,11,24.0,2,0,Abandoned,29.6
17/626726,3600,standard,large,strict,3,23,15,22.3,2,0,Abandoned,29.2
17/787589,1700,standard,micro,moderate,4,17,17,20.0,1,0,Granted,25.5
17/938677,1700,standard,large,moderate,4,23,3,19.5,1,0,Granted,25.9
17/514242,2100,pph,large,strict,3,13,29,6.0,2,0,Abandoned,11.1
17/153916,2600,standard,large,moderate,5,28,26,25.9,3,1,Abandoned,35.3
17/735062,3700,pph,micro,moderate,3,30,12,5.0,1,0,Granted,11.1
17/409724,3600,standard,micro,lenient,3,20,16,19.6,1,0,Granted,25.0
17/775851,2100,standard,micro,moderate,3,15,15,17.1,2,0,Abandoned,22.1
17/282065,2100,standard,small,moderate,4,14,17,27.5,3,1,Granted,39.3
17/831691,1700,standard,large,moderate,2,22,20,23.4,1,0,Granted,30.2
17/255550,2800,standard,large,moderate,6,24,9,16.5,3,1,Abandoned,24.7
17/575960,2400,standard,small,lenient,3,24,16,13.9,3,1,Granted,26.6
17/765030,3700,standard,large,strict,5,34,15,22.9,2,0,Abandoned,28.3
17/301393,3700,standard,large,lenient,3,15,6,17.5,2,0,Abandoned,22.5
17/607968,2400,standard,micro,lenient,4,22,22,12.8,1,0,Granted,18.6
17/199744,2800,standard,large,lenient,3,14,13,14.8,1,0,Granted,17.4
17/618574,2800,pph,large,strict,1,12,25,7.2,1,0,Granted,13.7
17/430524,2400,standard,micro,strict,2,14,13,23.8,3,1,Granted,35.5
17/793967,2100,standard,large,moderate,3,27,31,18.2,1,0,Granted,24.3
17/615900,1700,standard,small,moderate,3,15,16,15.9,1,0,Granted,21.6
17/325206,3700,standard,large,moderate,3,31,7,19.4,3,1,Granted,31.8
17/968259,1700,standard,small,moderate,2,19,6,14.6,3,1,Granted,28.4
17/147750,3700,standard,large,moderate,4,18,6,17.3,1,0,Granted,22.9
17/793032,2800,pph,micro,moderate,4,26,9,6.3,1,0,Granted,11.1
17/327916,2600,trackOne,small,moderate,1,22,16,4.4,1,0,Granted,6.7
17/821085,2800,standard,large,moderate,2,30,18,22.9,2,0,Abandoned,52.9
17/576948,1700,standard,large,moderate,3,26,23,24.6,1,0,Granted,30.8
17/303726,1600,trackOne,small,moderate,1,24,13,2.5,1,0,Granted,7.8
17/389574,1700,trackOne,large,moderate,3,25,22,4.4,4,2,Abandoned,18.3
17/437571,1600,trackOne,large,lenient,2,21,18,3.4,3,1,Granted,15.2
17/180574,2800,standard,large,moderate,2,28,7,14.8,1,0,Granted,21.1
17/362060,2100,standard,large,moderate,4,29,15,15.6,3,1,Granted,28.5
17/633844,1700,standard,small,moderate,3,24,22,28.5,3,1,Granted,40.6
17/311963,1700,standard,large,moderate,3,17,12,20.8,3,1,Granted,33.4
17/443100,1700,standard,large,moderate,3,21,14,18.6,3,1,Granted,29.7
17/598393,2100,standard,micro,strict,3,33,14,23.6,3,1,Granted,34.8
17/231193,3600,standard,small,lenient,2,27,19,22.4,1,0,Granted,26.8
17/392393,2100,pph,large,moderate,4,15,11,5.7,1,0,Granted,9.0
17/120670,3700,standard,small,moderate,3,17,18,20.2,2,0,Abandoned,25.5
17/128167,2100,standard,small,moderate,4,22,15,20.6,3,1,Granted,33.6
17/937193,3700,standard,small,moderate,3,33,7,16.6,1,0,Granted,23.4
17/866174,2100,standard,micro,strict,3,23,11,28.8,4,2,Abandoned,42.2
17/244007,2600,standard,micro,strict,4,17,21,24.6,3,1,Abandoned,34.7
17/110187,1600,standard,large,lenient,1,18,11,24.7,2,0,Abandoned,29.5
17/777350,2400,accelerated,large,lenient,3,18,27,3.5,1,0,Granted,9.3
17/104957,1700,standard,small,moderate,3,23,17,22.6,3,1,Abandoned,31.9
17/438113,2400,standard,small,moderate,3,23,16,29.9,1,0,Granted,34.9
17/673945,3600,standard,large,lenient,4,19,1,13.5,1,0,Granted,18.5
17/435711,2800,standard,micro,lenient,3,22,6,18.0,1,0,Granted,24.5
17/418484,2400,standard,small,strict,3,16,12,25.7,2,0,Abandoned,30.4
17/389928,3600,trackOne,small,lenient,6,17,11,3.3,1,0,Granted,9.6
17/815807,1700,standard,large,moderate,3,29,12,16.6,1,0,Granted,24.0
17/293591,1700,standard,large,moderate,3,15,11,21.0,3,1,Granted,32.4
17/276301,2100,pph,large,moderate,5,27,28,4.1,1,0,Granted,7.8
17/922406,3700,standard,small,lenient,3,27,29,13.2,1,0,Granted,17.3
17/999482,2400,standard,large,strict,3,18,18,25.6,4,2,Abandoned,37.6
17/471130,2100,standard,large,moderate,3,21,27,19.7,2,0,Abandoned,25.1
17/703323,1700,trackOne,small,moderate,6,33,11,4.1,1,0,Granted,6.7
17/784938,2600,pph,large,moderate,3,29,23,4.0,1,0,Granted,9.1
17/507824,3700,standard,small,lenient,3,26,17,15.9,3,1,Granted,28.2
17/453445,1700,standard,large,moderate,3,15,20,25.3,3,1,Granted,36.9
17/960355,2400,standard,large,moderate,3,30,18,22.8,4,2,Abandoned,35.1
17/791237,2400,trackOne,micro,moderate,3,20,11,2.6,2,0,Granted,27.2
17/207678,1700,trackOne,micro,strict,3,32,6,4.2,2,0,Abandoned,29.6
17/994820,2800,standard,small,strict,3,17,4,17.6,1,0,Granted,22.6
17/364052,1600,accelerated,small,moderate,3,23,12,5.1,4,2,Abandoned,18.0
17/746717,2400,standard,small,moderate,3,13,11,25.4,1,0,Granted,30.4
17/761624,3700,pph,small,moderate,3,30,22,9.2,1,0,Granted,12.4
17/405546,2100,accelerated,large,lenient,3,14,15,3.5,1,0,Granted,6.9
17/701835,2100,accelerated,small,strict,3,16,8,5.9,3,1,Abandoned,16.3
17/895775,1700,standard,small,lenient,4,27,10,12.6,4,2,Abandoned,26.9
17/592465,1700,standard,large,moderate,3,31,14,16.0,3,1,Granted,28.0
17/355133,2800,standard,large,moderate,3,30,6,12.5,1,0,Granted,18.9
17/787542,3700,standard,large,strict,3,27,14,25.6,1,0,Granted,29.9
17/691215,2100,standard,large,strict,3,22,27,30.7,2,0,Abandoned,35.6
17/494984,1700,standard,small,moderate,5,16,32,24.0,2,0,Abandoned,54.5
17/743113,2100,standard,small,moderate,3,22,10,19.7,3,1,Abandoned,28.3
17/586908,2800,standard,large,lenient,3,21,22,15.1,1,0,Granted,21.6
17/660559,2800,standard,large,moderate,3,21,15,12.2,3,1,Granted,24.3
17/418107,2800,standard,large,lenient,3,22,18,8.8,1,0,Granted,14.1
17/957947,2400,standard,small,lenient,2,23,19,19.5,2,0,Abandoned,49.7
17/937252,1700,standard,large,lenient,3,25,18,18.8,1,0,Granted,24.6
17/117030,2100,standard,small,lenient,3,17,32,20.9,3,1,Granted,34.2
17/844493,1700,trackOne,small,strict,3,15,15,3.8,3,1,Abandoned,12.0
17/211667,2100,standard,large,lenient,5,17,2,15.1,1,0,Granted,21.0
17/146226,3600,trackOne,micro,moderate,3,24,15,4.5,1,0,Granted,10.6
17/457936,3700,standard,small,moderate,3,29,15,14.4,1,0,Granted,19.7
17/353260,3700,standard,large,moderate,1,15,10,8.5,3,1,Abandoned,17.3
17/219377,3600,standard,small,moderate,3,17,20,29.5,2,0,Abandoned,35.2
17/895413,3700,standard,large,moderate,3,23,14,14.2,2,0,Granted,43.8
17/717937,3700,standard,large,moderate,3,16,1,22.0,1,0,Granted,24.4
17/952815,2600,trackOne,small,strict,3,20,10,5.6,1,0,Granted,11.1
17/563949,2800,standard,large,moderate,3,24,19,19.3,1,0,Granted,22.8
17/882411,3700,standard,small,moderate,2,31,11,13.9,2,0,Abandoned,19.4
17/785488,3700,standard,large,moderate,5,24,32,23.5,1,0,Granted,28.9
17/121534,2400,standard,micro,strict,3,30,5,28.6,4,2,Granted,46.2
17/630148,2100,standard,large,lenient,3,31,6,17.6,2,0,Abandoned,23.5
17/525395,2800,standard,large,moderate,3,14,19,19.5,1,0,Granted,25.3
17/541919,2400,standard,large,moderate,3,31,27,19.4,1,0,Granted,24.9
17/822705,1600,trackOne,large,moderate,3,17,13,3.0,3,1,Granted,15.2
17/513542,2800,accelerated,large,strict,3,29,11,3.6,3,1,Abandoned,13.2
17/533987,2100,standard,small,moderate,2,28,12,18.0,4,2,Granted,34.7
17/952712,1600,standard,large,moderate,2,22,21,24.6,4,2,Granted,40.5
17/588287,3700,trackOne,large,lenient,2,31,20,2.9,2,0,Abandoned,7.1
17/658440,2600,trackOne,large,moderate,3,16,15,2.5,3,1,Abandoned,13.1
17/790278,1700,standard,large,moderate,3,27,12,20.8,2,0,Abandoned,25.1
17/728103,3600,standard,large,moderate,2,29,13,30.8,1,0,Granted,37.3
17/420157,2800,standard,large,lenient,6,28,32,16.8,1,0,Granted,23.1
17/654147,3700,standard,large,lenient,2,23,19,8.4,1,0,Granted,14.0
17/414225,2600,trackOne,small,lenient,3,18,33,4.3,1,0,Granted,9.0
17/813756,2600,standard,small,strict,3,22,6,24.4,2,0,Abandoned,29.2
17/346045,2800,pph,small,lenient,3,13,22,7.6,3,1,Granted,20.1
17/945263,2600,standard,large,moderate,1,17,1,20.1,1,0,Granted,25.7
17/298128,1700,standard,small,strict,2,31,12,20.1,1,0,Granted,22.5
17/427440,3600,standard,small,moderate,4,16,19,30.5,1,0,Granted,33.6
17/606950,3600,standard,small,strict,2,24,12,32.1,3,1,Abandoned,40.8
17/563983,1700,standard,large,moderate,3,22,1,14.4,2,0,Abandoned,19.4
17/490547,3700,standard,micro,strict,3,13,15,23.0,2,0,Abandoned,28.7
17/662653,2100,standard,large,moderate,3,16,19,19.5,1,0,Granted,25.4
17/707491,2800,standard,large,lenient,3,33,14,15.6,1,0,Granted,20.8
17/683481,3600,standard,small,lenient,2,13,14,21.9,2,0,Granted,48.8
17/291084,3700,pph,small,moderate,3,14,14,5.2,1,0,Granted,9.6
17/592331,2800,standard,large,moderate,3,25,3,15.5,1,0,Granted,20.6
17/879650,1600,standard,small,moderate,2,25,8,22.9,1,0,Granted,29.5
17/956635,2400,standard,micro,moderate,3,30,25,17.3,3,1,Granted,28.8
17/139539,1600,standard,large,moderate,3,27,1,22.3,3,1,Granted,35.2
17/795685,2400,trackOne,small,moderate,1,21,17,2.8,3,1,Granted,14.3
17/968288,3600,standard,large,strict,3,30,16,28.9,2,0,Abandoned,33.3
17/358848,3600,pph,large,strict,2,22,16,7.8,3,1,Abandoned,16.6
17/517410,1600,standard,micro,lenient,5,19,13,25.6,1,0,Granted,30.5
17/928948,3600,standard,small,strict,3,30,22,29.5,2,0,Abandoned,33.9
17/941794,2800,standard,large,moderate,3,33,17,19.8,2,0,Abandoned,23.9
17/226453,2100,pph,large,moderate,4,29,19,6.8,1,0,Granted,13.3
17/598982,2400,standard,micro,moderate,3,25,25,13.5,1,0,Granted,19.8
17/938529,2100,standard,small,moderate,3,18,18,10.0,1,0,Granted,16.5
17/586688,1700,trackOne,large,moderate,3,33,11,3.2,3,1,Granted,16.2
17/701854,1600,standard,large,lenient,3,13,7,27.5,1,0,Granted,33.4
17/527946,3700,pph,small,strict,3,13,21,4.9,2,0,Abandoned,11.7
17/858812,1600,standard,small,lenient,3,25,9,21.2,1,0,Granted,26.9
17/204697,2100,standard,small,strict,3,30,4,27.7,3,1,Granted,40.3
17/487175,2800,standard,large,lenient,1,23,8,12.6,1,0,Granted,15.7
17/311937,1600,standard,large,lenient,1,22,8,19.6,1,0,Granted,26.8
17/131846,2600,standard,large,lenient,3,26,15,20.0,1,0,Granted,25.7
17/206734,2600,standard,micro,lenient,4,24,25,15.4,3,1,Granted,26.6
17/568666,3700,standard,large,moderate,3,26,13,24.7,3,1,Granted,37.7
17/842010,2800,standard,small,lenient,3,26,27,18.8,1,0,Granted,24.2
17/256909,1700,standard,large,moderate,3,28,22,9.2,3,1,Abandoned,18.7
17/180931,2800,standard,large,moderate,3,23,10,12.7,3,1,Granted,25.7
17/946096,2100,standard,small,moderate,4,21,21,23.6,1,0,Granted,29.1
17/946057,2800,standard,small,strict,1,31,15,20.7,4,2,Abandoned,33.5
17/147373,1700,pph,large,strict,5,21,20,5.8,1,0,Granted,13.0
17/186695,3600,standard,micro,strict,2,21,21,32.5,1,0,Granted,37.0
17/682207,1600,standard,small,moderate,4,14,15,26.7,1,0,Granted,32.9
17/635612,2100,trackOne,large,lenient,2,12,30,4.4,1,0,Granted,10.2
17/459186,2600,standard,large,moderate,6,21,2,20.9,2,0,Granted,52.4
17/332736,2600,standard,large,moderate,4,32,5,16.9,3,1,Granted,29.0
17/484546,3700,standard,large,strict,3,26,19,16.2,3,1,Granted,30.7
17/798777,1600,standard,large,moderate,3,18,13,30.2,1,0,Granted,33.6
17/705381,2400,standard,large,moderate,3,17,5,26.2,1,0,Granted,32.4
17/414813,2600,standard,large,strict,5,34,22,21.0,3,1,Granted,33.4
17/138250,2600,standard,large,moderate,3,15,16,24.8,1,0,Granted,30.2
17/920285,3700,standard,small,strict,3,20,10,18.6,3,1,Abandoned,27.7
17/835283,3600,standard,small,moderate,3,21,16,27.3,3,1,Granted,38.4
17/343055,2400,standard,large,strict,3,18,13,17.8,2,0,Abandoned,22.8
17/390669,2600,standard,small,lenient,6,25,15,20.2,3,1,Abandoned,29.6
17/890105,1700,standard,large,moderate,3,18,11,19.8,2,0,Abandoned,25.4
17/610965,3600,standard,large,moderate,3,22,14,22.2,2,0,Abandoned,55.2
17/686212,2600,pph,large,strict,3,32,6,6.3,1,0,Granted,12.1
17/706073,3700,standard,micro,moderate,2,23,22,14.5,1,0,Granted,20.3
17/811939,3700,standard,large,lenient,3,19,25,16.6,3,1,Granted,29.5
17/262326,3700,standard,large,lenient,3,28,10,17.6,4,2,Granted,33.7
17/590334,3700,pph,large,lenient,3,33,5,8.3,2,0,Abandoned,12.9
17/810975,1600,standard,small,moderate,4,34,15,28.3,3,1,Granted,40.2
17/706703,1600,standard,large,lenient,2,30,7,10.3,3,1,Granted,23.5
17/672189,1700,standard,large,lenient,3,25,3,26.5,3,1,Abandoned,36.2
17/101792,3600,standard,large,strict,3,21,19,38.8,1,0,Granted,43.6
17/822286,3600,pph,micro,moderate,3,23,19,4.1,1,0,Granted,9.9
17/259136,2800,standard,large,moderate,2,12,21,14.5,1,0,Granted,19.8
17/281059,2100,standard,small,moderate,4,29,13,16.8,3,1,Granted,28.0
17/600849,2100,standard,large,strict,5,28,7,26.4,2,0,Granted,58.0
17/776556,2100,standard,large,moderate,2,20,31,12.0,3,1,Abandoned,20.6
17/801580,3600,standard,large,strict,3,20,8,34.5,1,0,Granted,41.6
17/975339,1700,trackOne,small,lenient,3,14,10,3.1,1,0,Granted,8.0
17/387865,3700,standard,small,moderate,3,24,18,18.4,3,1,Granted,31.1
17/555678,2100,standard,large,strict,3,25,12,33.7,1,0,Granted,38.7
17/103001,2800,standard,micro,strict,3,33,9,15.9,2,0,Abandoned,21.4
17/643252,2600,standard,micro,moderate,2,32,15,20.6,3,1,Granted,32.6
17/304278,3700,standard,large,strict,3,15,13,22.3,2,0,Abandoned,26.7
17/927562,2400,standard,large,moderate,4,33,21,22.6,2,0,Abandoned,27.5
17/546572,3600,standard,large,lenient,3,33,1,21.2,1,0,Granted,27.3
17/251362,2800,standard,large,strict,3,30,12,17.3,3,1,Granted,28.4
17/773084,2800,standard,small,moderate,4,27,13,12.6,3,1,Granted,23.9
17/915617,1600,standard,large,strict,4,24,27,28.1,3,1,Granted,41.2
17/462247,2600,accelerated,small,strict,3,23,25,4.2,2,0,Abandoned,9.7
17/968075,2800,standard,small,moderate,3,14,12,6.0,1,0,Granted,11.9
17/201404,2400,standard,large,moderate,3,14,16,22.4,3,1,Granted,34.9
17/261325,1700,standard,small,moderate,4,23,19,16.3,1,0,Granted,21.3
17/501334,2100,accelerated,micro,strict,6,26,11,4.3,1,0,Granted,10.2
17/537453,2800,standard,small,strict,4,14,23,17.6,2,0,Granted,44.9
17/951499,2400,standard,large,strict,2,22,17,22.9,2,0,Abandoned,30.2
17/840593,1600,standard,small,moderate,2,25,4,20.3,3,1,Granted,31.9
17/935411,3600,standard,small,strict,4,25,1,34.9,1,0,Granted,40.4
17/374103,2400,pph,large,moderate,2,28,17,5.9,1,0,Granted,9.1
17/677398,1700,standard,large,strict,1,21,22,27.8,1,0,Granted,34.4
17/150930,1600,trackOne,large,moderate,2,12,9,3.2,1,0,Granted,9.6
17/723989,3700,standard,small,strict,1,18,18,17.2,1,0,Granted,22.6
17/795463,1700,standard,large,moderate,1,27,10,16.2,3,1,Granted,28.3
17/304063,2600,accelerated,small,moderate,4,20,14,6.3,3,1,Granted,17.5
17/251562,2100,trackOne,micro,lenient,1,23,21,3.1,3,1,Granted,14.4
17/475422,2600,standard,small,moderate,1,14,1,24.2,4,2,Abandoned,38.2
17/613919,2400,standard,small,moderate,3,33,27,24.8,3,1,Abandoned,33.8
17/651732,2600,standard,small,moderate,1,19,9,18.1,2,0,Abandoned,41.3
17/563516,2400,standard,micro,lenient,3,33,27,17.2,3,1,Abandoned,25.3
17/647670,3700,standard,micro,lenient,3,17,1,14.8,2,0,Abandoned,19.1
17/780326,2400,standard,large,lenient,1,14,17,24.0,1,0,Granted,30.3
17/502854,2600,trackOne,small,lenient,3,20,18,2.5,3,1,Abandoned,12.8
17/397246,2800,standard,micro,moderate,3,28,3,23.3,2,0,Abandoned,28.1
17/312055,3700,standard,small,moderate,3,21,26,22.7,2,0,Abandoned,52.8
17/452166,2800,standard,small,moderate,3,16,14,23.2,1,0,Granted,29.2
17/443489,2800,standard,large,moderate,1,27,11,16.8,3,1,Granted,30.3
17/798237,1600,standard,small,moderate,2,30,27,18.7,3,1,Abandoned,28.3
17/982987,2100,standard,small,moderate,4,27,15,15.9,3,1,Granted,27.2
17/513883,1700,trackOne,large,lenient,2,21,15,4.1,3,1,Granted,16.5
17/912955,2600,standard,small,lenient,3,22,17,19.0,1,0,Granted,25.3
17/849606,2400,standard,large,lenient,3,14,10,20.0,3,1,Abandoned,30.0
17/802661,3600,standard,small,strict,3,31,16,30.7,1,0,Granted,36.7
17/110315,2100,pph,micro,moderate,1,23,25,6.3,1,0,Granted,11.5
17/581458,3700,accelerated,large,lenient,2,31,18,5.3,1,0,Granted,11.5
17/896000,2600,standard,small,moderate,2,25,5,13.6,3,1,Granted,27.7
17/465058,3700,pph,large,lenient,4,30,16,6.7,3,1,Granted,18.4
17/760815,2800,standard,small,moderate,4,30,15,21.8,2,0,Abandoned,51.1
17/297973,1600,standard,large,moderate,3,17,12,27.3,1,0,Granted,32.8
17/320295,1600,standard,large,strict,4,18,10,18.5,3,1,Granted,31.0
17/287563,1700,standard,small,lenient,4,29,7,19.2,4,2,Granted,33.5
17/969458,1600,accelerated,large,strict,3,22,28,5.2,1,0,Granted,10.7
17/330961,2600,standard,micro,moderate,3,18,6,28.2,1,0,Granted,33.9
17/291737,1600,standard,large,lenient,3,21,23,19.8,1,0,Granted,25.9
17/432923,1600,standard,large,moderate,6,30,21,15.8,1,0,Granted,21.3
17/288343,2400,standard,small,strict,3,29,12,21.2,3,1,Granted,34.8
17/887552,1600,standard,large,moderate,4,27,9,26.6,1,0,Granted,32.4
17/139976,1600,standard,large,moderate,4,23,11,20.0,3,1,Granted,31.6
17/624148,3600,standard,small,lenient,3,18,23,21.6,1,0,Granted,26.9
17/324912,1600,standard,small,moderate,3,24,11,23.1,3,1,Granted,35.1
17/960104,2100,standard,micro,lenient,2,29,7,27.5,1,0,Granted,33.1
17/412887,2600,standard,micro,moderate,3,21,11,14.7,1,0,Granted,19.4
17/100653,2800,standard,small,strict,3,16,11,22.5,3,1,Granted,35.0
17/607781,1700,standard,large,moderate,2,28,20,23.7,3,1,Granted,35.8
17/406897,1600,standard,small,lenient,3,30,8,14.7,1,0,Granted,20.2
17/648552,2100,standard,small,moderate,3,23,12,20.8,1,0,Granted,26.2
17/558176,3700,standard,small,lenient,5,25,15,14.9,1,0,Granted,20.1
17/469070,2400,accelerated,large,moderate,3,26,16,5.6,4,2,Abandoned,18.7
17/230304,3600,standard,large,lenient,4,19,28,21.6,1,0,Granted,27.5
17/542838,2100,standard,small,lenient,3,16,6,16.3,1,0,Granted,22.2
17/905258,1600,standard,small,strict,3,20,15,24.7,1,0,Granted,32.4
17/317650,1600,standard,large,moderate,3,16,23,28.8,2,0,Abandoned,35.3
17/278849,2100,standard,large,lenient,3,15,14,21.3,1,0,Granted,27.2
17/196264,2800,standard,large,strict,3,25,31,23.9,1,0,Granted,29.6
17/772343,2400,standard,small,strict,5,27,21,30.7,3,1,Granted,43.5
17/750496,1600,standard,small,moderate,4,25,8,27.5,1,0,Granted,32.7
17/739038,1600,standard,small,moderate,3,17,24,24.3,2,0,Abandoned,55.0
17/948955,3600,standard,large,moderate,3,30,11,36.1,1,0,Granted,44.0
17/341739,1700,standard,small,moderate,2,19,18,22.4,2,0,Abandoned,28.3
17/595134,2400,standard,large,strict,4,21,8,30.8,1,0,Granted,35.3
17/379979,2100,accelerated,small,lenient,1,25,18,3.6,2,0,Abandoned,9.4
17/860796,2800,standard,large,strict,5,20,1,20.5,1,0,Granted,25.8
17/529926,3600,standard,large,moderate,3,22,21,25.0,1,0,Granted,28.0
17/411117,1600,standard,small,moderate,6,26,21,30.0,1,0,Granted,33.1
17/109831,1700,standard,large,moderate,1,21,8,19.0,1,0,Granted,24.4
17/664929,2600,pph,small,lenient,3,27,15,5.2,3,1,Granted,17.6
17/664476,3700,standard,small,lenient,3,23,7,11.6,4,2,Abandoned,24.0
17/875728,2100,standard,small,moderate,4,14,16,21.7,2,0,Granted,50.7
17/606732,2400,pph,large,strict,3,33,23,8.1,1,0,Granted,10.6
17/778001,1700,standard,large,lenient,3,27,20,6.4,3,1,Granted,17.8
17/672055,1600,standard,large,strict,3,13,7,26.6,3,1,Abandoned,36.7
17/655518,1600,standard,small,moderate,3,17,17,22.3,1,0,Granted,28.9
17/596221,2800,standard,small,lenient,3,21,19,11.1,3,1,Granted,22.6
17/128636,2100,standard,large,lenient,3,22,18,12.9,1,0,Granted,18.7
17/373278,2600,standard,small,moderate,2,27,8,15.1,1,0,Granted,20.4
17/861181,3700,accelerated,large,strict,3,14,15,6.0,3,1,Abandoned,15.1
17/751007,3600,standard,large,strict,3,29,17,34.0,2,0,Abandoned,61.8
17/798586,2400,pph,large,moderate,4,28,5,6.0,1,0,Granted,8.1
17/324553,1700,standard,small,lenient,4,20,22,19.8,2,0,Abandoned,23.7
17/535027,2800,standard,large,lenient,2,26,20,17.7,1,0,Granted,24.1
17/802152,1700,standard,small,moderate,3,31,17,18.3,1,0,Granted,24.5
17/421446,3700,standard,large,strict,3,24,11,22.1,3,1,Granted,33.7
17/945808,1700,trackOne,small,moderate,1,18,18,2.5,3,1,Abandoned,11.0
17/603616,1700,standard,large,moderate,2,28,3,23.0,1,0,Granted,28.8
17/208990,3600,trackOne,micro,moderate,3,20,7,4.9,2,0,Abandoned,31.8
17/185491,2400,standard,large,lenient,3,16,13,19.9,1,0,Granted,25.8
17/180913,3600,standard,large,lenient,3,33,2,18.9,4,2,Granted,35.9
17/525531,1700,accelerated,micro,lenient,4,26,17,3.8,1,0,Granted,5.7
17/254508,2800,trackOne,micro,strict,2,30,11,4.6,1,0,Granted,9.9
17/462393,3700,standard,small,lenient,3,26,9,11.3,3,1,Granted,24.3
17/879045,2600,standard,large,strict,2,17,23,14.4,3,1,Granted,27.4
17/417340,2600,standard,small,moderate,3,18,10,21.2,1,0,Granted,27.2
17/443868,2100,standard,small,strict,3,19,26,24.3,3,1,Granted,36.7
17/441591,1600,trackOne,small,strict,2,19,16,3.6,2,0,Abandoned,10.2
17/205312,3700,standard,large,moderate,1,16,14,20.4,3,1,Granted,34.4
17/998024,2100,trackOne,large,strict,3,24,7,3.5,1,0,Granted,8.4
17/824016,3600,standard,small,moderate,3,19,2,29.8,1,0,Granted,35.6
17/534714,2100,standard,micro,lenient,3,15,16,23.2,1,0,Granted,28.4
17/769996,2600,standard,small,moderate,6,25,18,18.4,1,0,Granted,23.2
17/556487,2400,standard,large,strict,3,25,24,23.8,3,1,Granted,36.1
17/162072,2400,standard,large,moderate,4,14,16,23.3,1,0,Granted,28.9
17/822047,2600,standard,large,lenient,5,16,22,14.4,1,0,Granted,19.9
17/130052,1700,standard,large,strict,4,23,16,27.8,3,1,Granted,39.5
17/231642,1600,standard,small,strict,3,24,15,34.7,1,0,Granted,41.0
17/563458,3700,standard,large,lenient,3,31,20,26.4,1,0,Granted,32.1
17/777948,2100,standard,large,strict,3,31,26,35.3,3,1,Granted,46.9
17/906115,1600,standard,small,strict,3,24,1,29.0,3,1,Granted,41.2
17/565999,2600,standard,large,lenient,2,25,19,17.2,1,0,Granted,22.3
17/649027,2600,standard,small,lenient,4,29,12,11.9,3,1,Granted,24.7
17/594306,3700,standard,micro,lenient,5,22,9,17.5,1,0,Granted,21.1
17/340342,2400,standard,micro,lenient,3,13,20,13.8,3,1,Abandoned,21.3
17/742555,3600,trackOne,small,moderate,3,20,15,2.8,1,0,Granted,5.3
17/589623,2800,standard,large,moderate,3,26,22,12.7,1,0,Granted,18.3
17/445618,2800,standard,small,lenient,4,22,16,12.1,1,0,Granted,16.5
17/340324,3600,standard,large,strict,3,25,4,29.9,3,1,Granted,42.4
17/208334,3700,standard,small,lenient,3,15,14,19.4,1,0,Granted,26.7
17/156182,2100,standard,small,moderate,3,16,9,24.7,1,0,Granted,29.4
17/575200,2100,standard,large,moderate,5,33,20,19.6,1,0,Granted,26.7
17/656331,2600,accelerated,small,strict,3,21,27,5.6,3,1,Granted,18.3
17/277780,1600,trackOne,large,moderate,3,17,20,2.5,1,0,Granted,5.5
17/288813,2100,standard,small,moderate,3,15,9,28.2,1,0,Granted,34.5
17/381757,1700,standard,large,moderate,4,16,18,24.6,2,0,Abandoned,28.2
17/134548,1700,trackOne,small,moderate,3,22,25,4.8,3,1,Granted,18.2
17/482713,1700,standard,large,lenient,3,22,19,23.7,3,1,Granted,36.0
17/201838,1600,standard,large,moderate,3,13,20,20.2,2,0,Abandoned,25.0
17/545089,1600,standard,large,moderate,3,32,8,20.8,1,0,Granted,23.7
17/707881,2100,standard,large,strict,3,15,11,24.8,4,2,Abandoned,38.1
17/473390,3600,standard,large,moderate,2,23,1,29.3,3,1,Granted,41.7
17/506332,2100,standard,small,strict,3,33,24,32.5,3,1,Abandoned,42.3
17/580152,1700,standard,large,moderate,5,24,16,17.1,1,0,Granted,22.3
17/271221,2100,standard,large,strict,3,18,15,27.9,3,1,Abandoned,38.3
17/662485,1600,standard,large,strict,1,19,3,24.3,3,1,Granted,37.4
17/104555,1600,standard,large,moderate,3,20,19,15.5,3,1,Abandoned,25.8
17/403457,3700,standard,large,moderate,4,31,16,14.5,1,0,Granted,17.2
17/836799,3700,standard,small,moderate,3,23,20,21.4,3,1,Granted,34.3
17/420478,1600,standard,large,moderate,3,18,14,28.4,2,0,Granted,59.5
17/580812,3600,standard,large,lenient,3,33,21,22.1,1,0,Granted,27.8
17/791414,1700,standard,large,strict,3,29,27,25.8,3,1,Granted,37.9
17/420972,3700,standard,large,lenient,1,28,1,10.0,1,0,Granted,16.7
17/692294,2400,standard,small,moderate,3,20,10,17.3,3,1,Abandoned,27.4
17/587512,2100,standard,large,moderate,2,15,17,26.7,3,1,Granted,39.8
17/787449,2400,standard,large,moderate,3,20,8,16.7,1,0,Granted,22.0
17/545918,2600,trackOne,large,lenient,4,21,2,4.4,1,0,Granted,11.3
17/634454,2400,standard,small,lenient,2,29,20,13.1,1,0,Granted,18.7
17/353029,3700,standard,small,moderate,4,24,25,15.5,3,1,Granted,27.9
17/988210,1700,standard,small,moderate,4,33,27,15.4,1,0,Granted,21.5
17/902690,2800,standard,small,strict,3,23,11,15.3,3,1,Granted,28.4
17/535632,1700,standard,small,strict,3,17,26,29.2,1,0,Granted,36.0
17/967563,3600,standard,small,strict,2,30,10,26.1,1,0,Granted,31.4
17/172741,2400,pph,large,strict,2,21,17,6.1,1,0,Granted,12.0
17/503090,2800,pph,small,strict,6,16,22,4.3,3,1,Granted,17.5
17/523246,3600,standard,large,strict,2,32,10,36.5,1,0,Granted,42.8
17/987449,2100,standard,small,moderate,3,23,11,20.6,1,0,Granted,26.0
17/984297,2600,pph,large,strict,5,15,9,7.6,1,0,Granted,13.7
17/576980,1600,standard,large,moderate,3,32,15,19.2,2,0,Granted,45.7
17/212734,1700,standard,micro,moderate,3,29,14,20.5,3,1,Granted,32.1
17/317891,3700,standard,large,lenient,2,22,17,13.7,2,0,Abandoned,18.3
17/941433,1700,standard,large,strict,3,25,1,19.3,2,0,Abandoned,49.4
17/615774,2100,standard,small,strict,5,32,27,34.5,3,1,Granted,46.8
17/797244,2600,standard,small,moderate,4,17,19,20.5,1,0,Granted,23.7
17/807897,2100,standard,small,strict,2,17,19,25.2,3,1,Granted,36.8
17/908626,3700,standard,micro,lenient,2,16,10,8.2,1,0,Granted,14.2
17/841786,1600,standard,small,strict,2,17,22,19.7,3,1,Granted,31.9
17/211076,3600,standard,small,lenient,3,23,13,21.8,1,0,Granted,29.5
17/559892,2100,pph,large,strict,4,33,24,4.4,1,0,Granted,7.1
17/282734,1600,standard,large,lenient,4,23,8,18.0,2,0,Abandoned,46.3
17/849530,3700,standard,micro,lenient,2,19,3,13.2,2,0,Abandoned,17.6
17/235274,2400,trackOne,large,moderate,3,27,20,3.6,1,0,Granted,6.5
17/368186,2600,standard,small,moderate,3,17,10,14.2,1,0,Granted,20.5
17/363038,2600,pph,large,moderate,3,24,2,5.7,1,0,Granted,10.3
17/466670,2100,standard,small,moderate,4,18,21,20.2,1,0,Granted,26.5
17/467952,2600,standard,large,lenient,3,33,22,20.4,3,1,Granted,32.2
17/684404,2400,standard,small,lenient,3,22,12,17.0,1,0,Granted,23.0
17/692558,2600,trackOne,large,lenient,3,32,19,4.1,1,0,Granted,11.4
17/585659,2100,standard,large,moderate,5,25,20,20.9,3,1,Granted,33.9
17/746959,3600,standard,large,moderate,4,27,13,25.4,1,0,Granted,28.4
17/860926,2100,standard,small,moderate,1,19,12,27.3,1,0,Granted,33.6
17/563957,3600,standard,large,strict,2,16,16,21.2,3,1,Granted,33.9
17/173213,2400,standard,micro,lenient,3,28,22,15.0,3,1,Granted,27.2
17/847659,1600,pph,micro,moderate,3,30,1,4.9,1,0,Granted,7.8
17/276446,2600,standard,large,moderate,3,31,16,18.9,1,0,Granted,25.6
17/833354,1700,trackOne,large,moderate,3,16,24,3.9,3,1,Abandoned,14.5
17/795295,1600,pph,large,moderate,3,29,16,4.6,1,0,Granted,7.4
17/399699,1700,standard,small,moderate,3,20,9,18.8,2,0,Abandoned,24.4
17/548860,2100,standard,small,moderate,3,25,18,21.0,1,0,Granted,26.7
17/636096,1700,standard,small,moderate,3,29,10,22.6,3,1,Granted,34.9
17/865973,2400,standard,small,moderate,2,29,16,19.5,3,1,Granted,31.5
17/989259,2400,standard,large,moderate,4,28,7,26.9,1,0,Granted,33.6
17/800596,1700,standard,large,moderate,1,30,1,14.2,1,0,Granted,20.7
17/566977,2800,standard,small,lenient,2,25,26,15.6,3,1,Granted,28.5
17/507687,2800,trackOne,large,moderate,3,31,19,3.8,3,1,Granted,16.2
17/127043,1700,standard,small,moderate,3,31,15,20.6,3,1,Granted,34.0
17/200329,1600,standard,large,moderate,2,30,15,15.3,2,0,Abandoned,21.2
17/785978,1700,standard,large,moderate,3,16,7,19.0,1,0,Granted,23.8
17/517330,2800,trackOne,small,moderate,3,16,14,3.3,2,0,Abandoned,34.5
17/347627,2400,standard,micro,moderate,2,12,10,19.0,3,1,Granted,33.0
17/508089,2800,standard,large,lenient,2,15,27,21.3,2,0,Abandoned,27.2
17/549906,2400,standard,large,strict,2,20,8,25.9,3,1,Abandoned,34.1
17/452398,3700,standard,small,strict,3,23,7,27.7,3,1,Granted,38.3
17/581883,2600,standard,large,lenient,1,18,13,25.5,1,0,Granted,31.3
17/365515,1600,standard,large,lenient,4,19,10,15.9,1,0,Granted,22.3
17/194125,2600,accelerated,large,strict,5,29,7,5.2,3,1,Granted,16.9
17/892626,1700,accelerated,large,moderate,3,23,12,5.7,3,1,Granted,18.3
17/643762,2100,pph,large,strict,3,25,17,4.0,1,0,Granted,6.4
17/194420,2600,standard,large,lenient,4,34,13,11.5,1,0,Granted,14.7
17/614903,1600,standard,large,strict,3,19,12,23.0,3,1,Granted,37.1
17/471301,2600,pph,micro,moderate,3,29,1,5.9,2,0,Abandoned,12.3
17/258254,1600,standard,micro,moderate,5,19,20,18.9,3,1,Granted,31.5
17/563516,3700,trackOne,small,moderate,3,18,25,2.8,3,1,Granted,17.0
17/467833,2400,standard,small,lenient,3,33,3,18.6,1,0,Granted,24.6
17/692049,2800,standard,micro,lenient,5,28,7,13.5,1,0,Granted,19.3
17/146044,2800,standard,large,moderate,3,18,20,23.5,1,0,Granted,29.3
17/225063,1700,standard,micro,moderate,3,18,19,27.2,3,1,Granted,37.8
17/697305,1700,standard,micro,lenient,3,29,16,16.6,2,0,Abandoned,22.0
17/867098,1700,standard,large,moderate,3,27,10,18.3,2,0,Abandoned,23.3
17/804648,1600,standard,large,strict,3,20,16,31.9,1,0,Granted,34.7
17/338016,1600,standard,large,moderate,1,24,21,17.8,1,0,Granted,20.8
17/709888,1600,standard,micro,lenient,3,28,15,12.3,2,0,Abandoned,40.2
17/179570,2600,standard,small,moderate,5,29,24,17.1,3,1,Granted,29.6
17/765799,3700,standard,small,lenient,3,13,1,12.2,1,0,Granted,17.0
17/315742,1600,standard,large,moderate,3,24,10,23.8,2,0,Granted,52.3
17/968746,3600,standard,large,moderate,4,31,28,27.8,2,0,Abandoned,57.0
17/369727,2100,trackOne,large,moderate,3,32,8,3.7,3,1,Granted,15.5
17/928140,1600,accelerated,large,moderate,3,28,17,5.6,1,0,Granted,10.8
17/973017,2100,standard,large,lenient,3,31,14,14.4,1,0,Granted,18.1
17/207394,1600,standard,large,moderate,3,30,30,22.5,1,0,Granted,29.0
17/651496,2600,standard,small,lenient,1,20,7,11.0,1,0,Granted,17.5
17/935942,2400,standard,small,lenient,2,26,5,24.4,1,0,Granted,26.9
17/120648,2100,standard,large,moderate,3,24,16,25.6,1,0,Granted,30.1
17/193754,2600,standard,small,moderate,3,21,2,20.0,3,1,Granted,33.2
17/633719,2400,standard,small,lenient,5,24,23,25.5,1,0,Granted,32.2
17/730306,2800,standard,large,moderate,3,13,20,20.7,1,0,Granted,22.6
17/983184,2800,standard,small,strict,2,32,15,17.3,3,1,Granted,30.6
17/695622,1600,standard,micro,moderate,5,27,15,21.3,2,0,Abandoned,46.4
17/724390,1600,standard,large,moderate,2,23,13,18.7,3,1,Granted,29.5
17/951967,2600,standard,large,strict,4,23,13,18.1,1,0,Granted,23.8
17/806157,2600,trackOne,large,moderate,3,31,16,4.4,1,0,Granted,10.7
17/216969,3700,standard,small,lenient,3,30,1,18.0,1,0,Granted,23.2
17/638613,2400,standard,large,lenient,4,34,14,20.7,2,0,Abandoned,26.5
17/367763,2800,standard,small,moderate,3,15,16,16.8,1,0,Granted,22.8
17/312988,2800,standard,large,lenient,3,26,11,14.1,1,0,Granted,21.7
17/937892,2600,accelerated,large,lenient,3,25,11,6.0,1,0,Granted,11.6
17/990821,3700,trackOne,small,lenient,3,28,21,3.2,2,0,Abandoned,8.3
17/757326,1700,trackOne,large,moderate,4,28,14,4.6,1,0,Granted,10.8
17/873727,1700,standard,small,lenient,6,16,13,19.8,3,1,Granted,33.4
17/670625,3600,standard,large,lenient,3,14,9,25.3,1,0,Granted,32.0
17/650387,2600,standard,large,strict,5,26,14,20.8,3,1,Granted,34.1
17/507846,2600,trackOne,large,moderate,3,14,1,4.5,1,0,Granted,6.2
17/947297,2400,standard,small,moderate,3,31,15,23.9,3,1,Granted,35.3
17/710074,3700,standard,small,moderate,3,29,15,19.0,2,0,Abandoned,24.2
17/830168,2400,trackOne,micro,strict,3,14,10,4.0,2,0,Granted,31.8
17/380895,2400,trackOne,small,moderate,3,13,18,2.9,3,1,Granted,15.1
17/832113,1600,trackOne,small,lenient,2,31,8,3.8,1,0,Granted,7.1
17/252504,3600,standard,small,moderate,3,30,15,22.2,3,1,Abandoned,31.6
17/522298,2800,standard,micro,moderate,3,26,20,15.2,3,1,Granted,27.3
17/495847,2800,standard,small,lenient,2,22,6,18.2,1,0,Granted,23.8
17/961853,2100,standard,large,strict,3,24,12,22.4,1,0,Granted,28.7
17/897847,3600,standard,small,moderate,1,26,17,25.3,1,0,Granted,30.1
17/364673,1700,standard,micro,lenient,3,23,2,13.8,1,0,Granted,19.4
17/642406,2400,standard,large,lenient,3,13,19,19.3,1,0,Granted,24.3
17/392079,2800,standard,small,strict,3,30,18,16.5,2,0,Abandoned,21.9
17/103931,2100,standard,micro,moderate,3,22,1,27.9,1,0,Granted,34.1
17/475721,1700,standard,large,moderate,2,31,20,24.2,1,0,Granted,30.5
17/810950,2600,standard,large,moderate,3,27,8,16.7,1,0,Granted,23.0
17/594597,3700,trackOne,large,moderate,3,25,9,3.4,1,0,Granted,8.7
17/456355,2400,standard,micro,moderate,3,23,1,24.9,1,0,Granted,29.9
17/916951,2400,standard,large,moderate,3,21,14,14.0,1,0,Granted,19.8
17/563249,2100,standard,large,moderate,3,25,9,24.0,3,1,Granted,36.0
17/383887,3600,trackOne,large,moderate,3,16,18,5.1,2,0,Abandoned,11.0
17/391651,2400,standard,small,moderate,3,16,18,19.7,1,0,Granted,25.7
17/617646,3600,standard,small,moderate,5,19,16,27.9,3,1,Abandoned,37.0
17/347447,2800,standard,small,strict,2,29,14,27.6,1,0,Granted,34.7
17/604185,2600,standard,small,strict,3,27,16,23.2,2,0,Abandoned,28.6
17/249419,3700,pph,large,lenient,3,14,26,6.5,1,0,Granted,13.2
17/207585,2100,pph,large,moderate,2,17,5,7.3,1,0,Granted,10.1
17/685815,2600,trackOne,large,moderate,4,27,7,3.3,1,0,Granted,8.9
17/326043,1600,standard,large,moderate,2,19,22,26.0,1,0,Granted,31.5
17/405836,2800,standard,large,moderate,3,28,18,18.2,2,0,Granted,46.6
17/401415,1700,standard,large,moderate,3,26,22,17.7,3,1,Granted,29.2
17/631115,2400,standard,large,moderate,3,25,16,16.2,1,0,Granted,22.6
17/474246,3600,standard,large,moderate,3,31,17,21.8,3,1,Granted,33.5
17/146960,1700,standard,large,moderate,3,33,20,26.4,1,0,Granted,32.7
17/753749,1600,standard,large,moderate,3,15,28,25.1,2,0,Abandoned,29.0
17/785041,3700,standard,micro,strict,3,20,11,26.9,1,0,Granted,31.5
17/459960,1700,standard,small,moderate,3,18,9,13.6,1,0,Granted,19.4
17/606357,1700,standard,large,lenient,3,21,11,17.4,3,1,Granted,29.9
17/434853,2600,standard,micro,moderate,3,18,24,14.9,2,0,Abandoned,44.2
17/376206,2400,pph,micro,lenient,3,30,3,7.0,1,0,Granted,11.6
17/656074,2400,standard,large,moderate,2,18,26,25.1,1,0,Granted,28.1
17/305400,1600,standard,small,strict,1,23,11,21.9,1,0,Granted,27.3
17/201511,3600,standard,large,moderate,4,18,25,36.7,1,0,Granted,40.7
17/606053,1700,standard,large,lenient,3,18,14,11.8,1,0,Granted,14.9
17/858723,2600,standard,large,strict,3,23,30,19.8,3,1,Granted,31.5
17/474513,1700,standard,large,moderate,3,31,10,18.2,3,1,Abandoned,28.4
17/144274,2100,standard,small,lenient,3,26,17,17.7,2,0,Abandoned,23.7
17/919794,1700,standard,large,strict,3,30,17,25.5,1,0,Granted,31.3
17/323968,3700,standard,small,moderate,3,24,36,19.7,2,0,Abandoned,52.6
17/740409,2600,standard,large,moderate,3,25,15,22.1,3,1,Granted,33.8
17/153280,1700,standard,large,strict,3,27,12,20.3,2,0,Granted,48.5
17/170988,3600,standard,large,strict,2,14,20,30.7,3,1,Granted,43.5
17/538957,3700,standard,large,moderate,3,21,28,18.4,1,0,Granted,25.0
17/183076,3700,trackOne,large,strict,3,23,14,4.2,1,0,Granted,10.6
17/439919,2600,pph,large,moderate,3,27,13,5.1,2,0,Abandoned,25.9
17/604852,2600,standard,large,lenient,3,32,7,15.5,2,0,Abandoned,21.5
17/363174,3600,trackOne,micro,moderate,3,15,25,3.0,1,0,Granted,10.2
17/544415,1600,standard,large,moderate,3,30,19,27.0,3,1,Granted,39.5
17/438998,2400,standard,small,strict,3,24,10,26.4,3,1,Granted,38.5
17/659747,2800,standard,large,moderate,6,32,14,13.3,2,0,Abandoned,18.7
17/974994,1700,standard,small,strict,3,26,11,26.0,3,1,Granted,37.9
17/695049,2800,trackOne,large,moderate,3,16,15,3.1,1,0,Granted,5.7
17/682692,1600,pph,micro,lenient,4,27,17,4.6,1,0,Granted,9.8
17/649017,3700,standard,small,moderate,2,18,14,23.6,1,0,Granted,30.5
17/242278,2100,standard,large,moderate,6,23,8,27.0,1,0,Granted,30.1
17/822129,1600,standard,small,moderate,3,31,12,15.3,1,0,Granted,21.0
17/361909,2400,standard,large,lenient,3,15,7,23.3,1,0,Granted,28.8
17/154560,3600,trackOne,small,moderate,3,32,27,3.5,1,0,Granted,7.9
17/977439,1700,standard,micro,strict,3,27,18,23.5,1,0,Granted,29.4
17/260199,2100,standard,small,moderate,3,14,2,25.7,3,1,Granted,37.6
17/875301,2800,standard,small,moderate,3,14,17,12.2,2,0,Abandoned,16.8
17/498976,2100,standard,large,moderate,4,26,1,15.8,1,0,Granted,21.8
17/149318,1700,standard,small,moderate,2,29,11,20.7,1,0,Granted,27.2
17/776019,2100,standard,small,lenient,3,26,5,20.3,1,0,Granted,25.6
17/898448,1600,pph,large,moderate,4,14,30,5.2,3,1,Granted,15.9
17/791820,3600,standard,large,moderate,3,24,9,24.2,2,0,Abandoned,46.9
17/292065,2800,standard,large,moderate,3,32,15,13.9,1,0,Granted,20.5
17/305528,2400,standard,large,lenient,2,17,25,19.0,2,0,Abandoned,45.1
17/714268,1600,standard,large,moderate,3,15,19,17.3,4,2,Abandoned,30.0
17/292381,1600,accelerated,large,lenient,4,30,16,3.8,3,1,Granted,16.6
17/189977,2100,standard,large,lenient,3,28,4,23.4,2,0,Abandoned,28.5
17/962769,2100,standard,large,lenient,3,32,21,20.2,1,0,Granted,23.3
17/457925,1600,pph,large,strict,3,22,12,6.6,3,1,Abandoned,15.3
17/551766,2800,standard,small,moderate,3,15,17,17.5,3,1,Granted,29.5
17/657301,1600,standard,small,moderate,1,13,13,37.3,1,0,Granted,42.3
17/778208,3700,standard,micro,moderate,3,33,6,15.4,3,1,Granted,28.8
17/439290,2400,trackOne,large,moderate,3,33,11,3.6,1,0,Granted,10.6
17/811777,1600,standard,large,moderate,3,24,15,22.7,1,0,Granted,28.3
17/376185,3600,trackOne,large,moderate,3,13,10,3.1,4,2,Granted,19.4
17/503399,2800,pph,large,lenient,3,24,2,5.1,1,0,Granted,7.3
17/760564,2100,standard,large,moderate,5,22,3,26.0,1,0,Granted,32.4
17/551228,1700,trackOne,small,lenient,5,19,8,3.5,1,0,Granted,9.5
17/950050,2400,trackOne,large,lenient,3,20,26,4.5,1,0,Granted,10.1
17/398046,2800,standard,large,lenient,3,28,11,15.6,2,0,Granted,40.8
17/514577,3600,standard,large,lenient,3,20,15,22.0,1,0,Granted,25.1
17/711964,1600,pph,small,strict,3,28,21,5.6,1,0,Granted,11.1
17/758575,2100,trackOne,large,lenient,5,35,20,3.2,1,0,Granted,9.1
17/135164,1700,standard,large,moderate,2,29,8,21.0,3,1,Granted,33.1
17/861730,2600,standard,large,moderate,2,28,5,25.9,1,0,Granted,30.5
17/695747,1600,standard,small,moderate,3,14,18,27.0,1,0,Granted,32.2
17/337764,1700,standard,large,moderate,3,32,13,17.7,1,0,Granted,23.5
17/716674,1700,standard,large,moderate,3,24,19,15.8,3,1,Abandoned,26.5
17/302990,3700,standard,small,moderate,2,21,15,6.0,1,0,Granted,11.4
17/161266,2100,standard,large,strict,3,15,19,26.1,2,0,Abandoned,31.1
17/129577,1600,standard,large,moderate,3,15,14,22.2,2,0,Abandoned,27.0
17/384007,2400,standard,large,strict,3,25,11,36.2,1,0,Granted,41.2
17/800036,3700,standard,large,moderate,3,28,11,21.6,3,1,Granted,33.1
17/439925,2100,standard,small,lenient,3,21,25,19.1,1,0,Granted,24.3
17/428260,2100,standard,small,strict,3,15,6,23.3,3,1,Granted,34.8
17/214524,1600,standard,large,moderate,1,17,1,21.2,3,1,Abandoned,31.2
17/218156,2100,standard,micro,lenient,3,15,10,19.7,3,1,Abandoned,29.4
17/473234,1600,standard,large,lenient,3,23,21,15.9,1,0,Granted,21.1
17/871485,3600,standard,large,moderate,4,20,25,31.3,1,0,Granted,37.1
17/654430,3700,standard,large,strict,3,28,15,25.8,3,1,Granted,38.1
17/614304,2800,trackOne,small,strict,3,33,5,3.9,2,0,Granted,35.8
17/526766,3600,standard,micro,strict,3,14,8,31.3,1,0,Granted,37.3
17/374124,2400,standard,small,lenient,3,17,20,26.3,1,0,Granted,30.8
17/962161,3600,pph,large,moderate,3,31,22,4.4,1,0,Granted,8.4
17/193965,2400,trackOne,large,strict,6,31,25,4.1,3,1,Granted,15.8
17/352572,1700,standard,large,strict,2,20,13,23.6,1,0,Granted,29.2
17/901496,1600,standard,large,moderate,3,22,18,16.3,2,0,Abandoned,21.1
17/674633,1600,standard,large,lenient,3,18,22,15.9,3,1,Granted,27.8
17/712247,2100,accelerated,micro,moderate,3,20,34,4.7,3,1,Abandoned,14.2
17/848147,3700,standard,small,moderate,3,19,14,7.1,1,0,Granted,12.6
17/337606,2600,standard,micro,lenient,3,21,13,15.0,1,0,Granted,17.7
17/116367,3600,standard,micro,lenient,3,17,21,19.1,1,0,Granted,22.4
17/521032,2400,standard,small,lenient,3,20,9,17.6,3,1,Abandoned,26.6
17/997323,2100,standard,small,moderate,3,24,3,19.2,3,1,Granted,31.6
17/838030,1600,standard,large,moderate,4,23,19,30.6,1,0,Granted,38.0
17/333073,2600,standard,small,lenient,3,17,10,12.7,1,0,Granted,18.4
17/724193,2100,standard,large,moderate,6,28,8,18.0,3,1,Granted,30.1
17/855895,3700,pph,large,strict,3,14,1,5.7,2,0,Granted,35.0
17/982471,2600,standard,large,lenient,2,25,7,18.6,1,0,Granted,25.9
17/496403,3700,standard,small,strict,2,26,6,21.2,2,0,Abandoned,27.4
17/550967,3700,standard,large,moderate,3,24,7,20.3,3,1,Granted,31.3
17/167844,3600,standard,large,lenient,3,29,17,19.6,1,0,Granted,25.2
17/686155,1700,standard,small,strict,3,17,24,21.1,2,0,Abandoned,26.2
17/834221,2600,standard,small,lenient,2,22,23,12.7,3,1,Granted,24.3
17/943721,1700,pph,small,moderate,3,16,16,6.4,3,1,Granted,19.4
17/658563,2400,standard,large,lenient,3,33,20,14.3,1,0,Granted,20.4
17/270932,2400,trackOne,large,strict,3,28,5,3.8,3,1,Granted,17.1
17/120223,3700,standard,large,moderate,3,16,25,11.2,1,0,Granted,13.5
17/825432,2800,standard,small,moderate,3,30,2,9.1,1,0,Granted,14.8
17/420064,1700,trackOne,micro,strict,6,30,19,3.5,1,0,Granted,6.1
17/460640,2100,standard,large,moderate,3,13,16,19.9,1,0,Granted,25.9
17/713117,2800,pph,small,moderate,2,22,10,5.9,3,1,Granted,17.1
17/221488,2100,standard,large,moderate,3,19,17,21.8,1,0,Granted,27.6
17/667531,1600,standard,micro,strict,3,30,16,31.4,1,0,Granted,37.8
17/898093,2100,standard,large,moderate,1,13,11,30.2,2,0,Abandoned,33.9
17/332433,2400,standard,small,moderate,3,19,10,21.1,1,0,Granted,27.4
17/259842,1700,trackOne,large,moderate,1,17,12,3.7,3,1,Abandoned,13.1
17/841673,3700,standard,small,strict,6,17,6,21.6,3,1,Granted,35.0
17/990536,1600,standard,large,moderate,1,16,7,20.8,3,1,Abandoned,30.6
17/365720,1700,trackOne,large,moderate,3,24,16,4.3,1,0,Granted,9.8
17/717026,2100,standard,large,strict,3,26,20,25.3,1,0,Granted,31.9
17/209273,2600,standard,large,strict,1,29,11,15.4,3,1,Granted,29.0
17/414073,1600,standard,small,moderate,3,16,13,12.2,3,1,Abandoned,21.5
17/802835,1600,standard,large,moderate,3,21,17,20.1,1,0,Granted,26.5
17/322385,2600,standard,large,strict,3,32,12,22.7,1,0,Granted,28.1
17/172139,1600,standard,large,moderate,3,20,11,19.8,1,0,Granted,26.2
17/284123,3700,trackOne,large,lenient,3,32,28,3.6,1,0,Granted,9.6
17/725628,1700,standard,micro,moderate,3,24,24,17.2,2,0,Abandoned,22.6
17/706314,1600,standard,large,moderate,3,27,8,20.9,3,1,Granted,32.8
17/969971,2100,pph,large,moderate,1,11,12,4.6,3,1,Abandoned,13.6
17/470732,1700,standard,large,moderate,3,19,21,17.7,2,0,Abandoned,45.8
17/611883,2400,standard,micro,moderate,3,17,16,17.9,2,0,Abandoned,23.6
17/881682,2600,standard,small,lenient,3,23,13,21.5,1,0,Granted,26.2
17/493632,2800,trackOne,large,lenient,3,23,13,2.5,1,0,Granted,5.8
17/278958,2800,standard,large,moderate,3,20,11,15.0,3,1,Granted,26.0
17/909931,1600,standard,large,lenient,4,26,12,17.4,1,0,Granted,22.4
17/669244,3700,standard,small,moderate,3,33,22,21.4,1,0,Granted,26.5
17/204849,2600,standard,large,moderate,3,26,3,20.5,1,0,Granted,24.1
17/514536,1600,standard,small,moderate,3,33,23,16.8,1,0,Granted,22.7
17/434017,1600,standard,large,strict,3,13,40,21.2,1,0,Granted,27.0
17/306384,2100,accelerated,small,moderate,3,13,10,6.6,1,0,Granted,13.3
17/361744,1700,trackOne,large,strict,4,32,20,4.1,3,1,Granted,15.7
17/521153,3600,trackOne,large,moderate,3,30,15,2.5,1,0,Granted,6.0
17/662382,2100,standard,large,moderate,6,24,13,22.6,3,1,Granted,34.3
17/259153,2600,standard,large,moderate,4,30,4,18.1,2,0,Abandoned,23.2
17/678763,3700,standard,large,moderate,3,18,8,12.9,2,0,Abandoned,44.5
17/428028,2400,standard,small,lenient,3,19,17,31.1,1,0,Granted,36.6
17/206957,2400,trackOne,large,strict,5,20,8,3.0,1,0,Granted,8.4
17/518981,2100,trackOne,large,lenient,4,22,22,4.1,1,0,Granted,7.4
17/605125,2600,pph,large,lenient,6,27,28,5.9,1,0,Granted,11.6
17/540502,2600,standard,large,lenient,3,24,28,16.0,3,1,Abandoned,25.1
17/749243,2800,standard,large,moderate,3,13,30,21.8,1,0,Granted,27.1
17/804525,3700,trackOne,large,moderate,3,27,15,4.0,1,0,Granted,10.7
17/747941,2600,trackOne,large,strict,5,25,25,2.5,1,0,Granted,7.8
17/574362,2600,standard,large,strict,3,20,7,19.5,2,0,Abandoned,49.0
17/792679,2100,standard,large,moderate,4,32,10,17.0,2,0,Abandoned,22.1
17/562566,2600,standard,small,strict,3,22,2,29.1,3,1,Granted,41.5
17/940205,1700,standard,micro,strict,3,18,15,22.2,1,0,Granted,28.3
17/629961,1700,standard,micro,moderate,3,13,23,10.1,1,0,Granted,15.1
17/926184,2400,standard,large,strict,3,15,15,21.3,1,0,Granted,28.2
17/111334,2600,standard,large,strict,2,12,12,23.8,1,0,Granted,30.7
17/491162,2600,standard,small,moderate,1,24,8,20.5,2,0,Abandoned,48.8
17/961685,2400,standard,large,lenient,5,18,27,20.9,1,0,Granted,25.7
17/129243,2100,standard,large,strict,4,20,24,25.9,2,0,Abandoned,53.0
17/367185,1700,standard,large,moderate,4,20,1,24.4,3,1,Granted,36.8
17/623800,2800,standard,large,strict,1,12,26,21.5,1,0,Granted,27.2
17/841318,2600,standard,large,strict,3,32,19,19.7,3,1,Granted,32.9
17/724335,1600,standard,small,moderate,3,32,11,32.5,1,0,Granted,38.7
17/562037,1700,standard,small,moderate,1,20,6,20.4,1,0,Granted,26.8
17/750611,2400,standard,large,moderate,4,16,26,13.0,3,1,Abandoned,22.8
17/339027,2100,standard,large,strict,1,16,17,30.2,1,0,Granted,36.1
17/360987,2100,standard,large,moderate,3,31,10,17.7,3,1,Granted,30.1
17/398557,2100,accelerated,large,moderate,3,26,1,5.5,1,0,Granted,8.9
17/265433,3700,standard,small,moderate,4,16,40,16.3,1,0,Granted,21.4
17/783649,1700,pph,small,moderate,2,15,21,6.1,1,0,Granted,9.2
17/798473,3700,standard,large,moderate,3,29,1,14.8,3,1,Abandoned,24.6
17/398901,3700,standard,small,strict,2,23,12,13.6,3,1,Granted,25.9
17/774165,2600,standard,large,moderate,3,16,10,14.3,3,1,Granted,27.7
17/397299,2400,standard,small,lenient,3,33,22,10.4,2,0,Abandoned,36.3
17/276385,1700,standard,small,moderate,6,36,4,16.7,2,0,Abandoned,22.3
17/695016,2800,standard,small,moderate,3,33,20,15.5,4,2,Abandoned,30.0
17/256662,2600,accelerated,large,moderate,4,22,14,5.8,1,0,Granted,11.7
17/939324,1600,trackOne,small,strict,3,16,20,3.5,1,0,Granted,9.6
17/814815,3600,standard,small,lenient,3,22,8,24.8,1,0,Granted,29.8
17/877666,1600,standard,large,strict,2,16,13,27.2,1,0,Granted,34.1
17/359424,3600,standard,large,strict,1,19,16,25.4,3,1,Granted,37.5
17/847854,2800,standard,large,lenient,3,19,19,10.6,1,0,Granted,16.1
17/241324,2600,standard,large,strict,3,18,11,15.6,2,0,Abandoned,20.8
17/269485,2400,standard,large,lenient,3,17,13,22.6,3,1,Granted,34.2
17/396040,2400,standard,large,moderate,2,31,25,18.6,3,1,Granted,30.2
17/375954,2400,standard,large,lenient,1,23,8,14.5,2,0,Granted,41.7
17/157015,3700,standard,micro,moderate,2,17,14,15.6,1,0,Granted,19.5
17/977825,2400,standard,small,lenient,3,14,19,15.5,2,0,Abandoned,20.7
17/954082,2600,standard,large,moderate,3,26,8,16.5,2,0,Abandoned,43.5
17/914744,1600,trackOne,micro,lenient,3,15,17,3.0,2,0,Abandoned,9.4
17/510543,2600,standard,small,moderate,5,26,10,16.9,1,0,Granted,20.5
17/229196,3700,standard,small,lenient,5,33,30,12.2,3,1,Granted,24.8
17/961487,1700,standard,small,moderate,1,31,21,23.4,3,1,Granted,36.0
17/373645,1600,trackOne,small,lenient,3,33,2,4.4,1,0,Granted,9.4
17/398583,1700,standard,small,lenient,2,12,10,23.0,1,0,Granted,29.3
17/835541,2400,pph,large,strict,2,19,11,5.8,1,0,Granted,11.7
17/487947,2800,standard,micro,moderate,4,26,2,16.1,3,1,Abandoned,25.9
17/254007,3700,standard,small,strict,3,23,19,27.7,2,0,Abandoned,62.1
17/668781,2800,standard,large,moderate,3,30,15,15.4,3,1,Abandoned,25.9
17/592463,3600,standard,small,moderate,3,28,2,18.3,2,0,Abandoned,24.2
17/731003,2600,standard,small,strict,4,25,28,22.8,3,1,Granted,35.3
17/568083,2100,standard,large,lenient,1,15,21,9.9,3,1,Granted,22.7
17/558882,2600,standard,large,moderate,3,16,8,10.9,1,0,Granted,15.9
17/823417,2800,standard,small,strict,3,25,14,25.3,3,1,Abandoned,34.6
17/424705,2100,standard,small,strict,3,26,10,29.2,3,1,Granted,41.4
17/565252,2600,standard,large,moderate,4,27,21,18.8,1,0,Granted,24.6
17/554130,2800,standard,micro,strict,4,28,13,21.4,3,1,Abandoned,30.9
17/314055,1600,trackOne,small,moderate,3,19,1,3.0,1,0,Granted,10.6
17/925455,2100,pph,micro,lenient,3,13,4,7.0,1,0,Granted,12.6
17/310405,2100,standard,small,lenient,3,24,2,27.0,1,0,Granted,34.0
17/555822,2800,standard,small,lenient,3,27,19,16.5,2,0,Abandoned,22.1
17/208511,3600,standard,small,moderate,3,21,10,26.3,1,0,Granted,31.2
17/182240,2100,pph,large,moderate,3,18,11,6.0,1,0,Granted,10.7
17/920939,2600,standard,small,moderate,3,26,14,20.0,2,0,Granted,45.4
17/748367,2400,standard,large,strict,3,26,11,19.8,2,0,Abandoned,24.1
17/834824,2100,accelerated,micro,moderate,3,22,19,5.4,3,1,Granted,17.7
17/895851,1700,standard,small,lenient,4,15,7,22.1,1,0,Granted,28.2
17/474008,2600,standard,large,lenient,3,13,19,16.0,1,0,Granted,22.2
17/126093,2800,trackOne,large,strict,3,19,12,4.8,2,0,Abandoned,10.8
17/641542,3600,standard,large,moderate,5,32,12,28.9,1,0,Granted,35.4
17/980899,3600,standard,large,moderate,3,26,21,27.7,1,0,Granted,34.4
17/838104,2400,standard,large,moderate,3,20,11,27.3,1,0,Granted,32.3
17/974248,1700,trackOne,large,lenient,3,33,33,3.3,3,1,Granted,15.6
17/163004,2800,standard,large,lenient,3,24,12,16.3,2,0,Abandoned,47.8
17/310086,3600,standard,micro,lenient,3,16,22,24.9,1,0,Granted,30.3
17/144771,1700,standard,micro,lenient,4,14,7,17.1,1,0,Granted,23.0
17/175482,1600,standard,large,moderate,3,13,10,20.7,1,0,Granted,27.5
17/176925,3600,standard,large,moderate,3,28,2,39.2,3,1,Granted,51.5
17/710941,3700,standard,large,moderate,3,19,23,21.6,3,1,Granted,34.1
17/404531,1600,standard,small,lenient,2,13,18,30.7,2,0,Abandoned,37.0
17/936433,2400,standard,large,moderate,3,18,19,22.9,2,0,Abandoned,47.3
17/308400,2100,standard,large,lenient,3,33,15,24.8,3,1,Granted,36.4
17/164094,3700,standard,large,moderate,3,20,8,13.0,1,0,Granted,19.2
17/974518,3600,trackOne,small,moderate,3,31,17,3.7,3,1,Granted,16.0
17/313444,1600,trackOne,micro,lenient,3,20,8,2.5,2,0,Abandoned,6.9
17/958325,2100,standard,large,strict,5,16,24,17.5,3,1,Abandoned,27.1
17/584414,2800,standard,large,moderate,3,29,7,10.5,3,1,Granted,22.5
17/738352,2100,standard,large,lenient,2,32,29,13.9,1,0,Granted,18.7
17/969679,1700,standard,large,strict,4,31,16,24.9,3,1,Granted,36.9
17/363178,2100,standard,small,strict,3,27,15,27.4,2,0,Abandoned,31.4
17/615421,2800,standard,micro,strict,4,23,6,22.0,1,0,Granted,27.6
17/400596,2400,standard,large,moderate,5,21,8,27.6,1,0,Granted,34.0
17/782768,1700,standard,large,strict,3,16,26,28.1,3,1,Granted,42.0
17/374066,2600,standard,large,moderate,3,26,23,15.8,3,1,Granted,28.6
17/450234,3700,standard,large,moderate,3,22,16,26.4,3,1,Granted,39.6
17/334128,2600,standard,small,moderate,3,31,21,14.4,3,1,Granted,27.7
17/200213,2400,accelerated,small,lenient,3,18,23,4.4,2,0,Abandoned,30.9
17/466748,2100,standard,large,moderate,3,29,25,17.5,2,0,Abandoned,22.5
17/669797,2100,standard,micro,lenient,3,16,12,19.7,1,0,Granted,25.1
17/298857,2600,standard,small,moderate,5,30,14,21.1,1,0,Granted,23.5
17/398341,2400,standard,large,moderate,3,22,1,19.0,3,1,Granted,30.1
17/787595,3700,standard,large,moderate,1,15,9,17.7,1,0,Granted,23.6
17/676841,2600,standard,small,moderate,3,19,13,13.9,1,0,Granted,20.5
17/677815,2600,trackOne,small,lenient,3,22,8,4.0,3,1,Granted,15.0
17/710418,1600,standard,large,moderate,3,28,6,23.7,1,0,Granted,29.7
17/168762,2600,standard,large,moderate,4,14,15,19.0,2,0,Abandoned,23.9
17/333852,3600,standard,large,lenient,3,15,22,20.5,3,1,Abandoned,29.9
17/325377,1700,standard,large,moderate,4,20,19,23.3,3,1,Granted,35.3
17/692329,2400,standard,small,moderate,2,30,25,23.6,1,0,Granted,30.4
17/647526,2400,standard,micro,moderate,3,24,17,27.5,3,1,Abandoned,36.9
17/102024,2600,standard,small,moderate,4,30,14,15.5,1,0,Granted,22.2
17/192581,2600,trackOne,micro,lenient,2,20,4,4.0,2,0,Abandoned,9.5
17/547217,2100,trackOne,large,lenient,3,23,3,3.7,3,1,Granted,16.5
17/125744,3600,trackOne,small,moderate,3,30,24,2.9,1,0,Granted,8.6
17/317804,3700,standard,large,lenient,2,29,22,12.0,3,1,Granted,24.0
17/693770,3700,standard,small,lenient,3,19,7,19.8,1,0,Granted,26.1
17/614090,3600,standard,large,moderate,3,13,19,28.6,1,0,Granted,34.5
17/268453,1600,standard,small,lenient,3,17,16,28.1,4,2,Abandoned,40.4
17/288381,3600,standard,large,moderate,3,27,19,19.7,1,0,Granted,24.8
17/224586,2400,standard,small,lenient,4,18,13,12.3,1,0,Granted,15.0
17/645120,2800,standard,large,moderate,3,14,32,15.0,3,1,Abandoned,23.3
17/456723,2800,standard,small,moderate,3,14,13,9.1,1,0,Granted,13.8
17/464791,2400,pph,small,moderate,3,19,17,7.1,1,0,Granted,10.8
17/692984,2100,standard,small,moderate,3,30,1,28.0,2,0,Abandoned,59.3
17/827954,2400,standard,small,lenient,2,15,21,17.4,3,1,Granted,30.1
17/732427,2400,standard,large,moderate,3,17,9,24.0,3,1,Granted,35.7
17/282872,2100,trackOne,small,moderate,1,18,16,3.2,3,1,Granted,15.5
17/475445,3700,trackOne,large,strict,3,26,19,3.4,1,0,Granted,8.7
17/755988,2600,standard,small,strict,4,29,2,20.8,2,0,Granted,39.1
17/795777,3600,accelerated,large,lenient,3,20,11,4.4,1,0,Granted,9.5
17/341103,2600,standard,small,lenient,4,19,9,24.5,1,0,Granted,28.0
17/494754,2800,standard,large,strict,3,19,13,18.6,1,0,Granted,24.6
17/941568,1700,standard,small,moderate,3,13,20,12.5,1,0,Granted,18.4
17/752323,2600,standard,large,lenient,3,23,10,10.5,1,0,Granted,15.9
17/945115,1700,trackOne,large,moderate,6,21,17,4.6,1,0,Granted,9.9
17/143571,2400,trackOne,large,moderate,2,32,9,5.0,2,0,Abandoned,34.2
17/445506,2400,standard,small,strict,3,30,19,29.5,2,0,Abandoned,36.1
17/557004,3600,standard,large,moderate,5,34,21,23.2,3,1,Granted,35.7
17/483347,1700,standard,large,moderate,2,13,25,15.4,2,0,Abandoned,42.3
17/640482,2100,standard,small,strict,3,17,11,29.3,4,2,Abandoned,41.3
17/226455,2600,trackOne,large,moderate,5,17,8,4.0,3,1,Abandoned,14.6
17/536214,1700,standard,large,strict,1,25,29,15.0,3,1,Granted,27.1
17/725904,1700,pph,large,moderate,3,20,14,5.6,2,0,Abandoned,31.3
17/961791,2800,standard,small,strict,3,15,18,12.2,3,1,Granted,25.2
17/444149,2600,accelerated,small,strict,3,18,25,5.0,3,1,Granted,18.0
17/797127,2400,standard,small,moderate,3,26,12,18.0,3,1,Granted,31.4
17/603048,3700,standard,large,strict,3,13,7,18.0,3,1,Granted,30.3
17/820969,3700,standard,large,strict,3,33,4,16.3,3,1,Abandoned,25.1
17/317978,1600,standard,large,moderate,2,13,20,26.5,1,0,Granted,31.6
17/575387,2800,pph,small,strict,3,16,17,4.8,3,1,Abandoned,15.6
17/382826,2600,standard,large,strict,3,18,9,22.2,3,1,Granted,34.1
17/821872,2100,standard,large,lenient,3,33,24,21.6,2,0,Abandoned,25.9
17/798966,1700,standard,small,moderate,3,19,16,15.9,1,0,Granted,18.4
17/802089,3700,standard,large,moderate,2,26,1,13.8,3,1,Granted,25.5
17/194314,1600,standard,large,strict,3,22,7,28.6,3,1,Abandoned,37.7
17/871212,3600,standard,large,moderate,2,12,23,24.0,1,0,Granted,30.3
17/918059,1600,standard,large,strict,3,25,13,25.8,3,1,Abandoned,33.9
17/410773,1700,standard,small,lenient,3,31,14,20.7,1,0,Granted,25.7
17/483897,3600,standard,large,lenient,3,16,15,18.3,3,1,Granted,31.0
17/915099,3600,standard,large,moderate,3,26,23,25.8,1,0,Granted,32.0
17/743425,2100,standard,large,strict,3,33,9,17.1,3,1,Granted,31.0
17/228805,2100,standard,large,moderate,3,15,27,22.5,3,1,Granted,34.2
17/951468,3700,standard,small,strict,2,25,17,23.2,3,1,Abandoned,31.8
17/271270,2100,standard,large,strict,3,17,19,28.1,1,0,Granted,34.0
17/604640,3600,standard,large,moderate,2,23,8,23.5,1,0,Granted,29.8
17/309509,2400,standard,large,moderate,3,26,18,18.8,1,0,Granted,24.4
17/644793,2800,standard,large,strict,2,28,27,19.6,2,0,Abandoned,54.3
17/556710,1600,standard,micro,lenient,3,26,22,15.2,1,0,Granted,22.9
17/479171,2600,standard,large,lenient,5,17,17,17.7,1,0,Granted,20.8
17/410004,3700,standard,large,lenient,3,18,13,22.4,1,0,Granted,28.9
17/743281,2100,standard,small,lenient,2,19,24,20.7,3,1,Granted,33.5
17/489613,3700,standard,large,moderate,3,30,6,10.1,1,0,Granted,16.3
17/586871,2600,pph,large,moderate,4,24,1,8.7,3,1,Granted,21.9
17/470109,3700,standard,large,lenient,1,11,16,11.7,2,0,Abandoned,17.0
17/106112,3700,pph,small,strict,4,31,21,5.5,1,0,Granted,10.8
17/445538,3600,trackOne,large,lenient,3,27,18,3.9,1,0,Granted,6.3
17/534120,3600,trackOne,large,lenient,3,27,26,4.1,1,0,Granted,10.3
17/229520,1700,standard,large,strict,1,22,19,26.5,3,1,Granted,38.0
17/252902,1700,trackOne,large,strict,4,18,19,5.3,3,1,Abandoned,14.7
17/915140,2400,standard,large,moderate,3,24,15,19.8,1,0,Granted,24.6
17/446968,3600,standard,large,moderate,2,12,18,26.7,1,0,Granted,31.3
17/682124,1700,trackOne,large,lenient,2,25,19,4.0,4,2,Granted,19.6
17/718628,3600,standard,small,lenient,5,24,7,29.0,3,1,Abandoned,38.6
17/229538,2100,standard,large,lenient,3,24,8,20.2,1,0,Granted,22.5
17/552580,3700,standard,small,strict,3,24,16,20.5,2,0,Abandoned,26.0
17/302634,3700,standard,large,moderate,2,30,13,20.7,1,0,Granted,25.8
17/478405,1700,standard,micro,moderate,2,25,4,28.5,2,0,Abandoned,35.7
17/808074,3700,standard,micro,moderate,1,14,4,18.2,1,0,Granted,24.3
17/606115,2100,standard,small,moderate,5,22,22,22.0,3,1,Granted,34.3
17/222091,2100,standard,large,strict,2,15,8,27.3,2,0,Abandoned,48.7
17/129022,1600,standard,small,lenient,4,26,9,25.1,1,0,Granted,30.6
17/318548,3600,standard,large,moderate,5,20,1,30.2,1,0,Granted,36.2
17/682587,2400,standard,large,moderate,4,21,10,14.8,3,1,Granted,27.6
17/494083,2400,standard,large,strict,3,24,22,21.4,2,0,Abandoned,27.2
17/749968,2800,standard,large,strict,3,16,18,17.5,3,1,Abandoned,27.4
17/196959,2800,standard,large,moderate,3,30,16,12.8,1,0,Granted,17.7
17/438096,1600,pph,large,moderate,2,20,14,4.0,1,0,Granted,9.8
17/255066,1700,standard,large,moderate,3,27,1,18.6,1,0,Granted,25.0
17/444280,1600,accelerated,small,moderate,3,28,10,4.6,1,0,Granted,10.5
17/574652,1600,standard,small,moderate,2,26,20,23.6,3,1,Granted,36.2
17/420947,2600,standard,large,lenient,5,30,4,12.2,2,0,Abandoned,17.9
17/734712,3700,standard,large,lenient,6,36,14,13.0,3,1,Granted,25.4
17/597713,2600,standard,large,lenient,4,31,12,24.1,3,1,Granted,36.7
17/721577,1700,standard,micro,strict,3,19,23,22.4,2,0,Abandoned,50.1
17/499134,3700,standard,large,strict,4,24,6,21.5,3,1,Granted,34.4
17/368646,3700,standard,small,lenient,3,28,19,17.6,1,0,Granted,24.1
17/987517,2100,standard,large,moderate,3,21,17,24.8,1,0,Granted,30.0
17/700952,1600,standard,large,moderate,3,23,11,22.2,3,1,Granted,35.4
17/145726,3700,trackOne,large,strict,3,31,3,4.2,1,0,Granted,6.9
17/210291,1700,standard,large,moderate,3,32,15,19.2,1,0,Granted,24.7
17/930696,1600,standard,micro,lenient,5,22,20,19.3,1,0,Granted,24.8
17/739960,2800,standard,large,lenient,3,24,20,19.0,1,0,Granted,25.0
17/144432,3600,standard,large,strict,2,31,14,31.6,2,0,Abandoned,37.5
17/335837,2600,standard,small,moderate,3,30,12,18.0,1,0,Granted,23.5
17/643352,2600,standard,large,lenient,3,28,21,19.5,1,0,Granted,25.5
17/153607,3600,standard,small,lenient,3,28,9,19.1,3,1,Granted,30.1
17/749390,1700,standard,large,strict,3,18,25,30.6,4,2,Granted,46.5
17/908059,3700,standard,small,moderate,1,13,13,20.7,1,0,Granted,23.3
17/307350,1700,standard,large,strict,6,30,12,28.6,3,1,Granted,40.7
17/444272,2100,standard,small,moderate,3,25,1,18.1,2,0,Abandoned,24.3
17/926951,2400,standard,small,lenient,1,24,17,20.8,1,0,Granted,24.0
17/662444,2100,standard,small,moderate,3,23,19,21.1,3,1,Granted,34.1
17/947317,2600,standard,large,moderate,3,20,5,20.0,1,0,Granted,25.5
17/635438,2600,standard,large,moderate,3,21,22,17.3,3,1,Granted,28.7
17/804977,1700,standard,small,lenient,3,26,10,32.0,2,0,Abandoned,36.3
17/957668,2800,accelerated,large,moderate,3,20,19,5.3,3,1,Granted,16.7
17/718133,2800,standard,micro,moderate,3,14,16,18.1,2,0,Abandoned,22.6
17/403939,3700,pph,small,strict,4,23,8,8.4,3,1,Abandoned,18.0
17/641839,2800,standard,large,lenient,3,27,33,10.6,1,0,Granted,13.7
17/126418,3700,standard,small,moderate,3,21,25,19.5,1,0,Granted,24.5
17/742043,1600,standard,large,lenient,3,30,6,12.2,1,0,Granted,17.1
17/446655,2800,standard,large,moderate,3,21,10,21.8,1,0,Granted,24.4
17/838803,2100,standard,small,strict,3,19,9,24.4,1,0,Granted,30.1
17/184804,3600,standard,large,moderate,6,20,14,19.8,1,0,Granted,25.9
17/220383,1700,standard,micro,moderate,2,20,21,13.0,3,1,Abandoned,23.7
17/675205,2400,standard,large,strict,5,29,28,15.7,1,0,Granted,18.8
17/313941,3600,trackOne,small,strict,3,22,23,3.2,3,1,Granted,15.3
17/483342,1700,standard,large,moderate,6,33,15,16.5,3,1,Granted,28.6
17/819178,2100,standard,large,moderate,3,25,11,20.7,1,0,Granted,25.4
17/676368,3600,pph,large,moderate,6,34,16,7.0,1,0,Granted,10.1
17/154479,2100,standard,large,moderate,4,33,3,20.8,2,0,Abandoned,24.9
17/819171,2800,standard,large,moderate,3,20,22,24.9,2,0,Abandoned,30.4
17/573414,2600,standard,large,strict,2,30,25,30.3,3,1,Granted,42.8
17/438705,1700,trackOne,large,moderate,3,28,10,2.5,3,1,Abandoned,11.9
17/373958,2800,standard,large,moderate,4,24,10,10.3,1,0,Granted,16.6
17/306099,2800,standard,small,lenient,3,17,14,15.4,1,0,Granted,17.8
17/371275,2400,standard,large,moderate,2,17,9,19.7,4,2,Granted,36.0
17/638771,1600,standard,micro,lenient,3,16,16,22.2,1,0,Granted,28.1
17/108526,3600,standard,small,moderate,4,14,12,27.8,1,0,Granted,29.7
17/404240,3600,standard,large,lenient,3,24,17,27.4,1,0,Granted,30.0
17/730924,2600,standard,small,moderate,3,23,20,20.6,1,0,Granted,26.9
17/226632,1700,standard,micro,lenient,3,27,11,18.8,3,1,Granted,32.0
17/501274,1700,accelerated,small,lenient,3,24,7,6.3,3,1,Granted,19.0
17/565956,1700,trackOne,small,moderate,3,20,7,5.3,4,2,Abandoned,17.9
17/924727,1700,trackOne,micro,lenient,2,25,12,3.8,2,0,Abandoned,9.7
17/404735,1700,standard,large,lenient,3,31,12,15.7,1,0,Granted,21.2
17/259973,2800,pph,small,strict,1,16,26,6.6,3,1,Abandoned,16.3
17/311344,3700,standard,large,moderate,3,26,19,9.1,2,0,Abandoned,13.4
17/260483,2800,standard,small,lenient,3,14,1,13.2,3,1,Granted,24.4
17/665210,2100,standard,large,moderate,3,26,14,22.4,1,0,Granted,29.0
17/204192,3700,standard,large,moderate,4,32,13,21.2,2,0,Abandoned,26.4
17/572816,2400,standard,small,moderate,2,27,6,20.3,3,1,Granted,31.3
17/123706,2800,standard,small,moderate,3,13,23,16.1,1,0,Granted,21.5
17/148002,2400,standard,large,moderate,4,16,14,27.3,3,1,Abandoned,37.5
17/797189,2600,standard,small,lenient,2,13,22,15.1,1,0,Granted,21.7
17/152455,2600,trackOne,micro,strict,3,26,10,4.5,1,0,Granted,9.8
17/705426,2100,standard,small,moderate,2,28,29,22.5,1,0,Granted,28.5
17/549759,3600,standard,small,moderate,3,15,2,18.5,2,0,Abandoned,24.2
17/714560,1700,pph,micro,lenient,3,13,7,4.2,1,0,Granted,9.7
17/949392,2400,standard,large,strict,3,17,17,24.6,3,1,Granted,36.9
17/279702,1700,standard,small,moderate,3,26,13,24.4,3,1,Granted,37.0
17/280086,1600,standard,small,moderate,4,27,12,27.2,2,0,Granted,53.6
17/249015,3600,pph,small,strict,6,26,12,5.9,1,0,Granted,11.8
17/727515,2800,standard,large,lenient,2,28,18,14.2,2,0,Abandoned,18.4
17/804696,2600,standard,small,moderate,2,24,29,22.0,3,1,Granted,36.2
17/212093,2800,standard,micro,lenient,3,20,15,14.9,3,1,Abandoned,23.1
17/835165,2600,standard,small,lenient,2,14,19,6.0,2,0,Granted,37.0
17/656997,2400,standard,small,moderate,2,17,1,20.9,1,0,Granted,25.6
17/890361,3700,standard,large,moderate,2,19,13,24.8,3,1,Granted,37.2
17/604058,3700,pph,large,moderate,3,13,17,7.0,1,0,Granted,12.8
17/968399,2600,standard,small,moderate,3,26,4,21.5,3,1,Granted,34.7
17/559972,1700,standard,large,strict,3,20,7,20.8,2,0,Abandoned,44.5
17/462534,3700,standard,small,strict,3,26,22,16.3,2,0,Abandoned,23.4
17/812167,3600,standard,small,strict,3,27,22,28.7,1,0,Granted,34.4
17/115068,2400,standard,large,moderate,6,21,22,23.3,3,1,Granted,35.2
17/465178,2400,trackOne,small,moderate,3,16,17,3.4,3,1,Abandoned,12.8
17/326718,2400,standard,large,moderate,1,18,1,20.9,4,2,Abandoned,34.9
17/888991,2100,standard,large,lenient,4,14,15,24.5,3,1,Granted,36.4
17/182004,2800,standard,small,lenient,4,24,17,6.0,1,0,Granted,11.2
17/469924,2600,standard,large,strict,3,29,24,26.6,2,0,Granted,54.0
17/669830,2400,standard,large,moderate,6,31,23,20.1,1,0,Granted,23.7
17/618955,2600,trackOne,small,moderate,5,27,14,3.1,1,0,Granted,6.7
17/421935,2800,standard,large,moderate,2,24,19,15.8,1,0,Granted,18.2
17/301305,3600,standard,large,lenient,5,22,21,21.4,3,1,Granted,33.0
17/507181,3600,standard,small,moderate,3,23,11,30.1,3,1,Granted,42.2
17/336659,2400,standard,large,moderate,3,24,22,25.3,1,0,Granted,30.7
17/912900,1600,standard,small,lenient,4,33,3,21.0,4,2,Granted,36.6
17/913119,2600,standard,large,strict,4,22,12,22.2,3,1,Granted,35.4
17/575198,2100,standard,large,moderate,3,27,7,22.9,1,0,Granted,28.0
17/823723,1600,standard,small,lenient,5,17,7,25.5,3,1,Granted,39.5
17/302441,2100,standard,small,moderate,4,15,12,18.9,2,0,Granted,48.2
17/814370,1700,standard,small,strict,3,13,20,10.4,3,1,Granted,22.0
17/697411,2600,standard,large,lenient,2,27,21,8.2,1,0,Granted,14.3
17/289917,2100,standard,large,moderate,2,19,12,20.3,2,0,Abandoned,27.4
17/937633,2800,standard,small,lenient,3,13,23,12.4,1,0,Granted,18.4
17/222895,1700,standard,small,strict,2,21,18,25.0,2,0,Abandoned,52.8
17/462866,1700,standard,large,moderate,5,34,1,17.6,3,1,Abandoned,26.5
17/709077,1600,standard,large,moderate,1,31,21,22.1,1,0,Granted,28.5
17/778788,1700,pph,small,moderate,6,21,20,6.7,1,0,Granted,10.3
17/767370,2400,standard,small,moderate,3,19,10,27.7,4,2,Granted,43.9
17/639834,2600,standard,small,moderate,3,21,9,21.0,3,1,Granted,33.1
17/201621,3700,standard,small,moderate,3,26,13,26.6,3,1,Granted,37.7
17/468730,1700,standard,large,strict,3,13,1,17.8,3,1,Abandoned,28.3
17/952365,2100,standard,large,moderate,3,26,22,18.2,2,0,Abandoned,23.2
17/891157,2400,standard,large,lenient,1,14,15,6.0,1,0,Granted,12.6
17/348205,2400,standard,large,lenient,4,17,10,21.9,1,0,Granted,25.5
17/399319,2800,pph,small,strict,3,25,8,6.6,1,0,Granted,12.3
17/403884,2800,standard,micro,moderate,4,34,13,6.0,1,0,Granted,12.2
17/749814,3700,standard,large,moderate,3,19,20,22.0,1,0,Granted,26.7
17/667397,1700,standard,small,strict,2,13,14,24.1,3,1,Granted,35.3
17/484529,3600,standard,large,strict,3,14,25,20.9,1,0,Granted,26.2
17/742924,2600,standard,small,lenient,3,29,17,12.9,3,1,Abandoned,22.3
17/214809,1700,standard,large,moderate,3,19,12,23.0,2,0,Abandoned,28.9
17/743653,1600,standard,small,strict,3,32,12,19.8,3,1,Abandoned,27.8
17/409797,2100,trackOne,large,moderate,6,16,11,3.2,1,0,Granted,6.1
17/361566,1600,standard,small,lenient,2,30,13,23.4,3,1,Granted,35.8
17/279688,2400,standard,large,moderate,3,30,34,15.5,2,0,Abandoned,33.6
17/598410,2100,standard,large,lenient,3,15,21,17.8,3,1,Abandoned,26.2
17/920137,2400,standard,small,lenient,4,23,20,17.5,1,0,Granted,24.2
17/325560,1600,standard,micro,moderate,1,29,21,20.0,1,0,Granted,24.9
17/266559,3600,standard,large,moderate,4,28,17,26.5,1,0,Granted,31.8
17/141206,3700,standard,large,moderate,3,26,2,20.9,3,1,Granted,33.4
17/602719,1700,pph,micro,strict,3,27,14,6.8,1,0,Granted,11.1
17/733485,1700,standard,large,strict,3,29,16,21.4,2,0,Abandoned,27.3
17/386747,3600,standard,micro,moderate,4,18,20,18.6,1,0,Granted,24.6
17/310309,2800,standard,micro,strict,3,16,8,18.0,1,0,Granted,22.3
17/807614,1700,standard,large,lenient,3,25,14,16.0,1,0,Granted,20.6
17/826613,1700,standard,large,strict,3,14,10,22.9,1,0,Granted,28.2
17/588600,2800,trackOne,large,moderate,3,17,12,3.4,1,0,Granted,8.7
17/319168,2100,standard,small,strict,3,14,14,25.6,3,1,Granted,37.7
17/389603,2600,standard,large,lenient,4,20,25,23.2,1,0,Granted,28.8
17/396792,3700,standard,large,moderate,2,21,2,17.4,1,0,Granted,24.5
17/208561,2400,standard,large,moderate,2,23,16,20.3,2,0,Abandoned,24.8
17/977966,2400,trackOne,large,moderate,3,17,14,3.5,3,1,Granted,16.0
17/903377,2400,standard,small,lenient,4,33,14,15.3,2,0,Abandoned,21.8
17/502180,3700,trackOne,small,moderate,1,20,13,5.3,1,0,Granted,11.4
17/328128,2600,trackOne,large,moderate,3,14,1,3.5,2,0,Granted,34.2
17/118850,2800,standard,small,lenient,3,22,12,25.4,3,1,Granted,37.3
17/918765,1600,standard,micro,lenient,3,26,13,16.1,1,0,Granted,20.2
17/318611,3700,trackOne,large,moderate,3,21,15,3.1,1,0,Granted,8.6
17/702804,1600,standard,small,moderate,2,17,18,18.3,3,1,Granted,30.7
17/392414,3600,standard,large,strict,3,32,24,26.4,1,0,Granted,31.4
17/357308,2100,standard,large,moderate,3,13,19,15.9,1,0,Granted,21.3
17/264589,2600,standard,large,lenient,3,15,23,13.4,1,0,Granted,19.7
17/116314,2600,standard,small,moderate,3,29,15,13.4,3,1,Abandoned,23.0
17/620050,2100,pph,large,strict,2,24,18,4.5,3,1,Granted,16.1
17/506057,1600,trackOne,small,strict,3,14,21,3.3,1,0,Granted,8.3
17/743516,2100,standard,micro,moderate,5,16,1,27.1,1,0,Granted,33.1
17/262686,3700,standard,large,moderate,3,20,13,17.4,1,0,Granted,23.8
17/546960,2400,standard,small,moderate,2,25,21,22.0,3,1,Granted,33.6
17/292837,3700,standard,micro,moderate,3,26,7,21.5,3,1,Granted,33.1
17/169743,1700,standard,large,strict,4,26,21,24.9,3,1,Granted,36.5
17/938081,3700,standard,small,moderate,3,24,6,20.6,1,0,Granted,26.4
17/737215,2600,trackOne,micro,moderate,4,33,10,3.7,2,0,Abandoned,9.2
17/758684,1700,standard,large,moderate,3,25,17,20.0,3,1,Abandoned,29.5
17/794875,3700,standard,large,moderate,4,29,13,17.4,4,2,Granted,32.5
17/634520,3600,standard,small,lenient,2,18,31,26.0,1,0,Granted,30.7
17/349261,2100,standard,small,lenient,3,17,2,17.3,3,1,Granted,29.7
17/285134,1600,standard,small,moderate,3,20,16,17.9,1,0,Granted,23.1
17/990860,3700,standard,large,strict,3,18,21,13.0,1,0,Granted,19.3
17/562717,2800,standard,small,strict,3,25,17,16.8,2,0,Abandoned,22.9
17/603008,2800,standard,large,moderate,3,16,24,13.1,2,0,Abandoned,34.7
17/522839,1600,standard,small,moderate,4,32,20,21.0,3,1,Granted,32.2
17/369256,2600,standard,large,moderate,3,17,12,16.1,1,0,Granted,22.1
17/384943,1600,standard,small,lenient,3,26,4,21.5,1,0,Granted,26.8
17/346999,2400,standard,large,moderate,3,28,15,10.1,3,1,Granted,21.8
17/238797,3700,standard,large,lenient,5,34,12,15.6,1,0,Granted,22.5
17/193441,1700,standard,large,lenient,3,23,11,27.9,1,0,Granted,31.9
17/511163,2100,standard,small,strict,3,13,22,27.6,2,0,Abandoned,33.3
17/221281,2100,standard,small,strict,2,32,11,32.7,1,0,Granted,38.2
17/345032,2600,trackOne,small,moderate,3,27,15,4.0,3,1,Abandoned,12.1
17/914867,1600,standard,large,strict,2,17,13,28.4,3,1,Granted,41.0
17/433913,1700,pph,small,moderate,3,15,12,5.2,3,1,Abandoned,14.4
17/371535,2400,trackOne,large,strict,6,16,19,2.5,1,0,Granted,8.4
17/429103,1600,standard,small,lenient,3,19,22,16.9,1,0,Granted,23.7
17/490302,1700,standard,large,moderate,3,20,18,9.1,1,0,Granted,14.1
17/270173,3700,standard,small,lenient,3,33,19,13.1,2,0,Abandoned,40.4
17/323448,1600,trackOne,large,lenient,3,31,9,4.3,2,0,Abandoned,10.1
17/900467,2800,standard,large,strict,2,13,16,18.3,1,0,Granted,24.2
17/724597,2100,standard,micro,moderate,5,17,16,24.2,4,2,Granted,40.3
17/184210,1700,standard,small,moderate,6,32,8,21.5,1,0,Granted,28.0
17/897337,1600,trackOne,small,strict,3,29,6,3.5,4,2,Granted,20.0
17/599096,1700,standard,large,lenient,4,18,16,15.7,1,0,Granted,22.5
17/767923,2100,standard,large,moderate,2,19,13,28.3,1,0,Granted,35.6
17/199401,2800,standard,large,moderate,3,23,17,8.5,1,0,Granted,14.7
17/172299,3600,standard,micro,moderate,3,25,9,28.0,1,0,Granted,34.5
17/999734,1700,standard,large,lenient,3,17,16,16.1,2,0,Abandoned,22.2
17/967719,3700,standard,small,lenient,3,15,18,19.6,1,0,Granted,23.7
17/325637,3600,standard,small,strict,3,16,22,26.5,2,0,Abandoned,32.9
17/997656,3600,standard,large,strict,2,32,12,27.4,1,0,Granted,33.7
17/491413,2400,standard,small,moderate,6,32,16,15.9,1,0,Granted,18.5
17/203477,2600,standard,large,moderate,3,16,19,10.4,1,0,Granted,14.4
17/970324,3700,standard,large,moderate,4,20,1,23.0,3,1,Abandoned,31.9
17/861839,3700,trackOne,small,moderate,1,11,17,3.6,1,0,Granted,8.9
17/937564,1700,standard,small,moderate,3,20,2,9.8,3,1,Granted,22.5
17/969822,1700,trackOne,large,moderate,3,15,19,4.1,1,0,Granted,7.2
17/572467,2600,standard,small,moderate,5,29,14,23.0,2,0,Abandoned,26.9
17/370444,2400,standard,small,strict,6,20,18,30.3,2,0,Abandoned,34.5
17/851175,2600,standard,small,moderate,3,15,2,19.5,1,0,Granted,21.9
17/260955,2400,standard,small,moderate,3,28,7,19.7,3,1,Granted,32.7
17/692674,1700,standard,small,strict,3,30,18,24.5,1,0,Granted,30.3
17/693908,3600,standard,small,moderate,3,15,22,30.0,1,0,Granted,34.0
17/793356,1700,standard,small,lenient,3,29,25,16.8,2,0,Abandoned,49.8
17/476571,2100,standard,large,lenient,3,25,23,16.6,1,0,Granted,21.6
17/269040,2100,standard,small,lenient,3,23,6,18.4,1,0,Granted,20.9
17/564908,1600,standard,small,strict,3,17,1,31.4,3,1,Granted,44.3
17/743532,3700,standard,small,moderate,2,26,24,26.9,3,1,Granted,38.4
17/668837,2400,standard,large,moderate,2,14,3,23.6,2,0,Abandoned,30.1
17/337267,3700,standard,small,moderate,3,23,27,19.4,2,0,Abandoned,49.0
17/493181,2600,pph,small,lenient,5,19,4,6.6,1,0,Granted,10.0
17/715732,2600,standard,small,moderate,4,32,14,16.7,1,0,Granted,22.2
17/449161,3600,standard,small,moderate,3,26,25,28.7,1,0,Granted,33.7
17/502682,2100,standard,large,moderate,3,31,28,20.8,2,0,Abandoned,55.5
17/739562,3700,standard,small,moderate,6,18,20,18.7,2,0,Granted,54.5
17/831709,2100,standard,small,moderate,2,16,32,21.3,1,0,Granted,26.3
17/304131,3700,accelerated,small,moderate,3,15,14,4.0,1,0,Granted,7.1
17/450085,2400,standard,small,strict,3,31,8,21.5,3,1,Abandoned,32.3
17/353109,2600,standard,large,moderate,3,33,5,24.1,1,0,Granted,29.9
17/144572,3600,pph,large,moderate,3,33,8,5.5,3,1,Abandoned,15.1
17/686615,2400,standard,large,moderate,4,34,17,19.2,1,0,Granted,25.3
17/967896,3700,standard,small,moderate,3,14,21,16.3,3,1,Granted,28.2
17/837000,2100,standard,small,moderate,4,31,8,23.2,3,1,Granted,36.2
17/485678,3600,standard,small,moderate,3,18,16,29.7,1,0,Granted,33.2
17/235333,2100,trackOne,large,moderate,2,12,11,4.2,2,0,Abandoned,34.3
17/873941,2800,standard,large,lenient,3,14,12,11.2,1,0,Granted,15.8
17/744742,1600,standard,micro,lenient,3,29,13,14.4,1,0,Granted,20.2
17/149896,1700,standard,small,strict,1,29,15,18.0,3,1,Granted,30.9
17/300622,2600,pph,large,moderate,3,16,2,7.4,1,0,Granted,13.2
17/287497,1600,standard,large,moderate,3,30,28,24.8,3,1,Abandoned,33.8
17/680716,2800,standard,large,lenient,2,25,15,15.5,1,0,Granted,19.7
17/988015,1600,standard,small,strict,3,31,19,24.0,3,1,Abandoned,34.2
17/236749,3700,standard,small,moderate,3,18,9,22.2,3,1,Granted,34.8
17/663969,2400,standard,large,lenient,1,19,29,14.0,1,0,Granted,19.5
17/985254,2800,standard,large,lenient,2,22,24,14.0,3,1,Granted,27.3
17/812933,3700,standard,large,moderate,3,18,20,21.4,1,0,Granted,26.9
17/990938,2800,standard,small,strict,4,32,8,16.4,3,1,Granted,28.6
17/246158,2800,standard,small,lenient,3,13,15,19.7,2,0,Abandoned,24.5
17/676969,2100,standard,large,moderate,3,17,7,25.5,2,0,Abandoned,52.8
17/189550,2100,standard,micro,lenient,3,14,9,27.1,3,1,Granted,39.7
17/128168,1700,standard,small,moderate,3,29,17,19.4,1,0,Granted,25.5
17/337260,2600,standard,small,moderate,3,15,18,22.9,2,0,Abandoned,28.7
17/343647,3600,trackOne,small,lenient,3,32,16,4.2,3,1,Granted,16.1
17/471411,3700,standard,small,lenient,3,16,15,15.6,1,0,Granted,18.1
17/644456,2600,standard,small,strict,4,14,13,22.4,1,0,Granted,28.1
17/259303,3700,standard,small,moderate,2,28,17,17.8,1,0,Granted,22.9
17/646769,1600,standard,large,strict,3,22,2,23.3,3,1,Granted,35.4
17/518061,1700,standard,large,lenient,3,30,22,16.7,1,0,Granted,22.9
17/708065,2600,standard,large,moderate,3,28,18,17.3,3,1,Granted,29.8
17/137262,2800,standard,large,moderate,3,24,5,13.1,1,0,Granted,18.3
17/977328,2100,standard,small,moderate,3,23,7,26.4,1,0,Granted,33.2
17/256675,3700,standard,large,lenient,3,21,1,22.3,1,0,Granted,28.4
17/352705,3700,standard,large,strict,2,31,25,19.6,3,1,Granted,31.2
17/726348,2400,standard,large,moderate,4,26,8,25.0,1,0,Granted,31.6
17/605467,3600,standard,small,lenient,3,33,12,19.4,4,2,Abandoned,32.2
17/131255,1600,trackOne,micro,moderate,6,21,10,2.6,1,0,Granted,8.5
17/571613,3700,standard,large,strict,3,22,25,28.6,1,0,Granted,33.3
17/480062,2600,trackOne,small,moderate,3,14,11,4.6,1,0,Granted,11.6
17/159935,1600,standard,small,lenient,3,16,17,18.1,2,0,Abandoned,23.0
17/579198,3700,standard,small,moderate,2,22,18,18.2,3,1,Abandoned,28.3
17/740543,2100,standard,small,lenient,3,32,14,18.5,1,0,Granted,24.0
17/484001,2800,trackOne,large,strict,2,29,22,3.7,3,1,Granted,16.0
17/875769,3600,standard,large,moderate,4,19,6,17.4,1,0,Granted,23.5
17/894556,2800,standard,small,moderate,3,15,2,12.6,2,0,Abandoned,17.4
17/246638,2100,standard,small,moderate,3,16,18,27.5,2,0,Abandoned,33.0
17/845854,3700,standard,small,moderate,2,12,10,25.1,1,0,Granted,31.3
17/585814,2600,standard,small,lenient,3,27,11,24.5,1,0,Granted,30.7
17/767025,1600,standard,large,moderate,3,16,10,18.2,3,1,Granted,30.7
17/753752,3600,pph,micro,strict,3,20,1,7.5,3,1,Granted,19.6
17/609491,2600,standard,large,lenient,3,32,21,10.6,2,0,Abandoned,15.7
17/440619,1700,trackOne,small,lenient,4,20,17,3.8,4,2,Abandoned,18.5
17/290295,1600,trackOne,large,moderate,6,22,20,3.2,2,0,Abandoned,8.7
17/855955,2800,trackOne,large,strict,3,18,21,4.3,1,0,Granted,9.1
17/335430,1700,pph,small,moderate,3,30,6,6.9,2,0,Abandoned,13.4
17/933482,1600,standard,small,moderate,3,32,9,17.8,2,0,Abandoned,23.4
17/427387,1600,standard,small,strict,3,32,6,25.6,1,0,Granted,29.4
17/121180,1600,pph,small,moderate,3,16,11,6.1,3,1,Granted,18.5
17/628143,2600,standard,large,lenient,6,29,20,17.4,3,1,Granted,29.7
17/875272,2100,standard,micro,moderate,3,23,13,18.7,1,0,Granted,21.5
17/774137,2100,standard,large,moderate,2,31,6,22.0,1,0,Granted,27.2
17/604447,3600,standard,large,moderate,5,28,7,30.9,2,0,Abandoned,55.8
17/769178,3600,standard,large,strict,3,32,14,36.9,2,0,Abandoned,42.3
17/499320,1600,standard,large,strict,3,15,18,25.5,3,1,Abandoned,34.9
17/948232,2800,trackOne,small,strict,3,17,21,2.6,3,1,Abandoned,11.7
17/647480,3700,standard,large,strict,3,17,24,15.2,4,2,Granted,30.3
17/544768,2400,standard,small,moderate,4,16,26,27.6,3,1,Abandoned,37.5
17/268401,1700,standard,micro,moderate,3,16,14,13.9,1,0,Granted,19.9
17/179384,1700,standard,small,moderate,3,17,10,21.0,3,1,Granted,32.4
17/943840,2600,standard,small,moderate,3,25,9,23.3,1,0,Granted,28.8
17/397136,1600,trackOne,small,strict,5,25,21,3.1,1,0,Granted,9.0
17/143468,3600,standard,large,strict,3,24,30,22.3,3,1,Granted,34.0
17/955226,1700,standard,large,strict,3,17,14,18.3,3,1,Granted,29.7
17/456995,1700,standard,large,moderate,3,21,21,19.6,4,2,Granted,36.3
17/847971,2600,standard,small,lenient,2,25,27,15.2,3,1,Granted,27.2
17/506120,3600,pph,small,strict,3,24,10,6.0,1,0,Granted,7.8
17/769683,1600,standard,large,strict,3,13,7,19.7,3,1,Granted,31.3
17/555572,1700,standard,large,lenient,1,29,5,17.8,1,0,Granted,20.9
17/170053,1700,standard,large,lenient,3,30,28,18.0,1,0,Granted,20.9
17/594889,2400,pph,large,strict,3,20,12,5.0,3,1,Abandoned,12.9
17/272276,2100,pph,small,moderate,3,30,10,6.5,1,0,Granted,12.3
17/887393,1700,standard,small,lenient,3,14,10,18.3,1,0,Granted,22.2
17/425830,2100,standard,small,moderate,3,24,16,22.0,3,1,Abandoned,31.8
17/236635,1700,standard,small,strict,3,30,19,19.8,3,1,Granted,32.6
17/396091,3700,standard,large,moderate,3,29,10,19.6,1,0,Granted,25.3
17/413123,3600,pph,small,strict,3,27,16,4.7,1,0,Granted,10.9
17/981924,2400,standard,micro,moderate,3,23,26,27.9,3,1,Granted,39.5
17/366972,1600,standard,large,moderate,2,13,1,22.3,1,0,Granted,28.1
17/516065,2100,standard,micro,lenient,3,16,1,15.7,1,0,Granted,22.5
17/939182,2800,standard,micro,moderate,1,31,1,19.2,3,1,Granted,32.2
17/494523,2800,standard,large,moderate,3,25,20,12.2,1,0,Granted,17.8
17/999374,2100,standard,large,strict,1,18,16,23.4,1,0,Granted,28.7
17/223554,1600,accelerated,large,lenient,3,15,8,3.5,1,0,Granted,9.5
17/173135,1700,pph,small,moderate,3,19,21,8.2,1,0,Granted,13.5
17/737370,3600,standard,large,moderate,4,27,9,23.0,1,0,Granted,28.7
17/280625,2400,standard,large,moderate,2,13,5,12.9,1,0,Granted,16.1
17/613645,2400,standard,small,moderate,4,33,7,16.2,3,1,Granted,29.5
17/666413,1700,standard,large,lenient,3,21,10,17.5,3,1,Granted,29.7
17/602562,3600,pph,large,lenient,1,25,21,7.9,1,0,Granted,14.6
17/185914,2800,standard,large,strict,3,28,24,27.7,3,1,Granted,41.1
17/434180,1600,pph,large,strict,6,17,4,7.4,3,1,Abandoned,16.8
17/547844,3600,standard,large,lenient,3,14,11,13.5,3,1,Abandoned,22.9
17/318022,2400,standard,small,moderate,3,20,16,18.4,1,0,Granted,24.0
17/952886,3600,standard,small,lenient,3,18,17,24.6,1,0,Granted,30.8
17/638506,2100,pph,large,moderate,2,23,16,5.3,1,0,Granted,11.4
17/324532,2800,standard,micro,strict,3,21,15,25.2,3,1,Granted,36.1
17/594472,1700,standard,large,strict,4,34,7,26.1,1,0,Granted,31.5
17/129444,2800,pph,large,strict,3,15,8,6.5,1,0,Granted,9.9
17/574891,1700,standard,large,moderate,3,16,15,23.0,3,1,Granted,35.6
17/742734,2100,standard,large,moderate,5,23,15,22.8,3,1,Granted,34.2
17/448716,3600,standard,large,moderate,3,27,12,17.3,2,0,Abandoned,45.8
17/278643,2400,standard,micro,strict,2,16,14,17.3,3,1,Abandoned,27.3
17/233510,2600,standard,large,strict,3,15,18,20.0,3,1,Granted,32.4
17/366562,2400,pph,micro,moderate,2,12,22,4.0,4,2,Granted,19.7
17/211888,2600,standard,micro,lenient,3,21,10,17.2,1,0,Granted,23.1
17/781954,1700,standard,large,moderate,3,29,17,20.7,3,1,Granted,32.8
17/250819,3700,standard,small,strict,3,15,9,17.5,3,1,Granted,28.5
17/557255,3700,standard,small,strict,3,23,24,10.9,3,1,Granted,23.6
17/126803,2400,standard,large,lenient,5,15,1,9.6,1,0,Granted,15.8
17/433070,1700,standard,large,lenient,3,32,11,16.5,1,0,Granted,19.1
17/728414,1700,standard,large,strict,5,29,11,31.2,4,2,Granted,47.5
17/471043,2100,standard,large,strict,3,18,33,24.5,2,0,Abandoned,45.3
17/330201,2600,trackOne,micro,lenient,5,23,6,2.6,2,0,Abandoned,6.7
17/906664,2100,standard,small,moderate,3,32,23,22.4,4,2,Abandoned,35.5
17/663115,3600,standard,micro,moderate,2,16,11,21.4,2,0,Abandoned,25.4
17/179986,2600,standard,small,moderate,3,25,18,19.8,3,1,Abandoned,28.6
17/818092,1700,standard,large,moderate,3,23,16,18.0,1,0,Granted,20.6
17/587483,1700,standard,large,moderate,3,25,16,15.9,3,1,Granted,28.3
17/158008,2600,standard,small,lenient,3,23,11,12.2,3,1,Granted,25.6
17/296751,3600,standard,large,moderate,2,23,19,27.3,1,0,Granted,33.9
17/183301,3600,standard,large,moderate,3,28,16,30.0,4,2,Granted,47.0
17/398089,1600,standard,large,moderate,3,30,4,19.2,1,0,Granted,25.1
17/338076,1700,standard,small,strict,3,31,21,22.1,2,0,Abandoned,27.2
17/105616,2400,standard,large,moderate,3,32,16,24.7,1,0,Granted,29.7
17/285678,2100,standard,large,moderate,3,16,8,19.2,2,0,Abandoned,24.8
17/680257,2800,standard,small,strict,4,23,16,22.0,1,0,Granted,27.8
17/226885,2400,standard,large,strict,3,29,11,29.7,1,0,Granted,35.2
17/205623,2600,trackOne,small,moderate,3,25,1,5.1,3,1,Granted,16.9
17/725375,2600,standard,small,lenient,3,15,10,6.0,1,0,Granted,10.7
17/355644,2400,standard,large,moderate,2,25,8,17.7,3,1,Granted,29.8
17/300309,2400,trackOne,large,strict,3,20,9,3.2,3,1,Granted,14.7
17/243305,1600,pph,large,moderate,3,30,5,6.3,1,0,Granted,11.5
17/517846,1600,standard,small,strict,2,15,7,31.4,3,1,Granted,42.9
17/579666,1700,standard,small,moderate,3,27,18,17.4,1,0,Granted,23.3
17/292508,2600,standard,small,lenient,1,20,22,17.9,1,0,Granted,23.2
17/153393,2400,standard,small,moderate,2,17,30,17.9,1,0,Granted,23.6
17/451402,3600,standard,large,moderate,3,31,13,27.6,3,1,Abandoned,36.2
17/419679,2800,trackOne,large,moderate,5,23,29,2.7,3,1,Granted,14.6
17/667797,2600,standard,large,moderate,4,15,19,24.3,2,0,Abandoned,31.3
17/583718,1600,standard,small,strict,3,32,11,21.0,2,0,Abandoned,25.8
17/933106,1600,standard,small,lenient,3,23,15,22.5,3,1,Granted,34.2
17/595895,3600,standard,small,lenient,3,31,17,33.1,1,0,Granted,38.1
17/846939,3700,standard,small,lenient,2,25,11,18.3,1,0,Granted,22.0
17/661747,3600,standard,small,moderate,1,29,24,24.9,1,0,Granted,30.2
17/923289,3600,standard,large,lenient,3,32,9,27.0,3,1,Granted,38.5
17/778738,1700,standard,large,moderate,3,18,3,19.3,1,0,Granted,22.0
17/255552,2800,standard,micro,strict,6,23,25,18.5,1,0,Granted,24.5
17/781810,3700,standard,small,lenient,4,24,31,15.0,1,0,Granted,18.4
17/251231,3600,standard,large,strict,2,25,16,28.5,3,1,Granted,41.2
17/812493,1700,standard,large,moderate,3,14,19,18.3,1,0,Granted,24.5
17/111021,2600,trackOne,large,lenient,3,33,18,3.1,1,0,Granted,9.4
17/259018,3700,pph,large,strict,4,33,9,8.1,2,0,Abandoned,14.7
17/767985,2400,standard,small,moderate,3,28,22,18.2,1,0,Granted,23.6
17/607967,3600,standard,large,moderate,4,17,11,21.9,3,1,Granted,35.2
17/166666,2100,accelerated,small,lenient,3,27,22,5.3,3,1,Granted,16.6
17/454130,2600,pph,small,moderate,3,23,22,4.8,3,1,Granted,17.0
17/725679,2800,standard,large,moderate,3,22,12,8.7,3,1,Granted,21.4
17/556740,1700,standard,small,moderate,3,16,17,16.9,1,0,Granted,22.6
17/638584,3600,standard,large,lenient,3,20,24,15.4,1,0,Granted,21.6
17/757325,1600,standard,large,strict,5,33,21,31.0,1,0,Granted,36.9
17/379901,1700,standard,small,moderate,5,35,28,16.7,3,1,Abandoned,25.5
17/967090,2600,standard,micro,moderate,3,30,33,29.5,3,1,Granted,40.2
17/237257,1600,standard,large,moderate,3,13,13,24.5,3,1,Granted,37.0
17/514198,1700,pph,large,strict,4,29,9,6.8,1,0,Granted,11.8
17/615618,2100,standard,large,lenient,3,25,19,19.8,2,0,Abandoned,25.2
17/316457,3600,standard,small,moderate,4,16,11,30.3,3,1,Abandoned,39.0
17/308938,1700,standard,small,lenient,2,13,8,14.2,1,0,Granted,20.2
17/178706,2600,standard,small,moderate,3,20,18,21.0,3,1,Granted,32.3
17/264251,3600,standard,micro,lenient,2,17,3,26.3,2,0,Abandoned,31.3
17/753963,2100,standard,large,moderate,2,14,7,23.8,2,0,Abandoned,28.1
17/727142,2600,standard,micro,strict,3,14,23,19.3,3,1,Granted,29.9
17/457351,1600,standard,large,moderate,4,27,17,22.9,1,0,Granted,29.2
17/998239,1700,pph,large,moderate,2,25,8,5.5,2,0,Abandoned,26.1
17/211609,2800,standard,micro,strict,3,32,23,6.0,1,0,Granted,11.3
17/852020,1600,standard,small,lenient,3,20,25,17.1,1,0,Granted,23.6
17/599136,1700,trackOne,large,strict,3,18,13,3.7,1,0,Granted,7.1
17/429778,3600,standard,large,strict,4,14,14,28.0,3,1,Granted,38.9
17/604712,1700,standard,large,moderate,3,30,14,18.2,3,1,Abandoned,26.5
17/946707,2800,standard,small,moderate,4,28,17,17.7,3,1,Abandoned,27.7
17/776278,2100,standard,small,strict,5,31,8,23.8,1,0,Granted,29.8
17/391107,3700,accelerated,small,moderate,3,27,21,4.8,1,0,Granted,7.5
17/166747,2800,standard,micro,lenient,4,23,13,19.1,3,1,Abandoned,27.9
17/251687,3600,pph,large,strict,3,23,20,4.4,2,0,Abandoned,8.3
17/720371,2400,standard,small,lenient,3,32,27,12.6,1,0,Granted,15.6
17/630610,2400,standard,small,moderate,3,21,35,20.2,1,0,Granted,25.4
17/680293,3600,standard,large,moderate,3,14,13,24.0,1,0,Granted,30.9
17/563197,3600,standard,small,moderate,3,26,28,28.5,2,0,Abandoned,57.2
17/613185,2600,standard,large,lenient,5,25,12,16.7,1,0,Granted,21.9
17/239946,2600,pph,large,strict,3,24,20,5.3,1,0,Granted,10.0
17/869592,2800,pph,large,moderate,4,25,10,4.4,2,0,Abandoned,10.7
17/622148,2800,standard,large,moderate,3,21,31,17.9,4,2,Granted,34.8
17/377532,1600,standard,large,moderate,2,18,13,27.9,3,1,Granted,39.3
17/490669,2800,standard,small,moderate,3,31,15,19.2,1,0,Granted,21.1
17/712324,2600,trackOne,large,moderate,5,29,10,3.1,1,0,Granted,8.3
17/407675,3700,trackOne,small,moderate,3,15,9,3.5,1,0,Granted,8.5
17/751728,2400,trackOne,large,moderate,3,15,10,4.2,3,1,Granted,17.0
17/764900,1700,standard,large,strict,3,20,13,20.7,1,0,Granted,25.8
17/888679,2100,pph,large,strict,4,28,16,5.5,3,1,Granted,17.9
17/894466,2600,standard,large,moderate,3,24,6,16.9,2,0,Abandoned,21.9
17/950409,2800,accelerated,small,strict,4,24,16,6.2,1,0,Granted,11.3
17/559576,1700,standard,small,strict,3,32,1,15.2,2,0,Abandoned,19.1
17/202765,2800,standard,small,moderate,3,28,1,16.4,4,2,Abandoned,29.4
17/124611,1600,standard,large,strict,3,28,15,31.3,1,0,Granted,37.2
17/216292,3600,standard,small,lenient,3,16,5,24.2,2,0,Abandoned,29.0
17/263212,3700,standard,large,strict,5,27,14,24.2,1,0,Granted,30.0
17/379454,2400,standard,micro,lenient,1,31,11,22.2,2,0,Abandoned,25.5
17/160839,2400,trackOne,small,strict,4,25,20,4.6,3,1,Granted,17.3
17/237437,1600,standard,small,moderate,3,17,16,14.1,1,0,Granted,19.6
17/594913,2600,standard,large,lenient,2,23,9,12.2,1,0,Granted,16.9
17/994323,2400,standard,small,lenient,4,17,24,18.0,1,0,Granted,24.3
17/641402,2100,standard,large,moderate,3,15,7,17.7,1,0,Granted,24.1
17/531432,1700,standard,small,moderate,3,20,15,13.3,1,0,Granted,18.8
17/681685,1600,standard,large,lenient,3,21,4,21.3,1,0,Granted,25.9
17/848831,1700,standard,large,strict,3,23,6,18.8,1,0,Granted,23.1
17/421805,2800,standard,large,lenient,4,32,16,12.9,1,0,Granted,19.6
17/632937,2800,pph,micro,moderate,2,19,21,4.2,3,1,Granted,15.8
17/287232,2100,pph,large,strict,2,22,17,5.1,1,0,Granted,11.1
17/798970,2600,trackOne,large,moderate,2,26,11,3.8,1,0,Granted,8.4
17/827849,3700,standard,small,moderate,2,21,5,10.9,1,0,Granted,16.7
17/331015,3600,standard,large,lenient,3,23,14,14.7,4,2,Abandoned,27.7
17/811742,2100,standard,large,moderate,3,20,14,21.1,3,1,Abandoned,30.2
17/160429,1700,standard,large,moderate,3,15,15,25.6,2,0,Abandoned,30.7
17/178381,2100,standard,large,moderate,2,30,13,23.3,1,0,Granted,29.2
17/352340,3600,standard,small,strict,3,32,15,29.2,2,0,Abandoned,35.0
17/360635,3600,standard,large,lenient,3,31,7,15.0,1,0,Granted,21.0
17/779255,3600,standard,small,lenient,3,15,20,19.7,3,1,Abandoned,30.0
17/578797,3700,standard,small,lenient,3,19,10,21.7,1,0,Granted,26.8
17/333992,2400,standard,small,moderate,3,21,14,19.2,1,0,Granted,25.4
17/805759,3700,trackOne,large,lenient,4,27,14,4.1,3,1,Granted,16.0
17/860648,2400,pph,large,strict,3,22,22,6.1,1,0,Granted,9.2
17/748285,1600,standard,small,lenient,5,20,13,15.5,1,0,Granted,18.5
17/916510,2600,standard,small,moderate,3,24,1,18.1,1,0,Granted,24.4
17/543575,2100,standard,small,moderate,3,32,10,22.4,1,0,Granted,26.4
17/695809,1600,standard,small,lenient,3,19,8,15.1,3,1,Abandoned,24.2
17/164621,3600,standard,small,strict,3,33,9,32.9,1,0,Granted,38.4
17/407124,2100,standard,micro,lenient,2,27,15,21.1,1,0,Granted,26.6
17/222747,1600,standard,small,moderate,2,29,13,23.5,4,2,Abandoned,37.0
17/828623,1600,standard,large,strict,3,31,33,18.5,1,0,Granted,25.4
17/811326,2400,standard,large,moderate,4,21,2,19.5,1,0,Granted,24.2
17/727395,3700,standard,large,strict,3,31,3,16.9,3,1,Granted,30.0
17/592726,1600,standard,micro,moderate,3,25,22,19.3,4,2,Abandoned,34.1
17/912128,2100,trackOne,small,moderate,2,13,12,3.9,1,0,Granted,10.1
17/170467,1700,standard,micro,moderate,4,32,18,22.1,1,0,Granted,28.8
17/846168,2400,standard,small,moderate,6,31,18,12.7,2,0,Abandoned,17.9
17/374960,2600,trackOne,large,moderate,2,28,16,2.5,2,0,Granted,29.2
17/484157,2100,standard,large,moderate,3,32,17,20.0,1,0,Granted,25.8
17/286870,1700,standard,small,lenient,5,25,11,18.1,1,0,Granted,24.9
17/384637,2600,standard,small,lenient,3,23,5,15.5,1,0,Granted,20.8
17/169972,3700,standard,small,strict,2,28,20,20.0,2,0,Abandoned,42.7
17/870487,3700,standard,small,strict,3,16,7,24.7,2,0,Granted,56.5
17/428242,2400,trackOne,small,moderate,4,26,4,3.1,2,0,Granted,29.0
17/789975,2600,standard,large,moderate,2,15,25,19.7,1,0,Granted,24.9
17/850720,3700,standard,large,strict,3,25,18,22.5,1,0,Granted,27.2
17/684681,2400,standard,large,strict,3,28,21,24.2,1,0,Granted,30.3
17/253738,2100,standard,micro,moderate,2,20,24,28.4,2,0,Abandoned,33.5
17/790863,2600,standard,large,moderate,4,26,15,20.1,4,2,Granted,36.3
17/656037,2100,standard,large,moderate,3,31,26,20.6,1,0,Granted,25.1
17/417451,2800,standard,small,strict,3,23,18,22.6,3,1,Granted,33.9
17/601126,3700,standard,large,moderate,3,21,13,15.6,1,0,Granted,21.6
17/440358,2100,pph,large,strict,3,27,12,7.8,3,1,Granted,19.8
17/419095,2800,standard,large,moderate,3,18,25,16.1,1,0,Granted,21.8
17/760724,2100,accelerated,large,lenient,3,33,4,4.9,1,0,Granted,10.2
17/157532,2400,standard,small,lenient,3,15,24,14.8,1,0,Granted,17.9
17/826353,3700,standard,large,moderate,2,16,14,15.7,3,1,Granted,27.6
17/290013,2600,standard,large,moderate,3,21,18,24.2,2,0,Abandoned,51.7
17/202250,1700,standard,small,moderate,3,19,23,9.1,3,1,Granted,21.2
17/689305,3700,standard,large,lenient,3,29,22,18.1,1,0,Granted,21.0
17/169888,2600,standard,large,strict,3,23,21,14.8,1,0,Granted,21.6
17/738523,2400,trackOne,small,moderate,4,15,16,4.5,1,0,Granted,7.5
17/380549,2600,standard,large,strict,4,30,8,26.4,1,0,Granted,33.3
17/612747,1700,trackOne,small,lenient,3,24,8,2.5,1,0,Granted,6.8
17/383908,3600,pph,large,moderate,2,25,17,6.5,1,0,Granted,9.8
17/176070,2600,standard,micro,moderate,2,31,20,16.1,3,1,Granted,29.1
17/653812,3600,standard,large,lenient,3,25,20,16.7,3,1,Granted,29.7
17/325510,2100,trackOne,small,lenient,3,33,18,5.0,3,1,Granted,17.5
17/152935,3700,pph,large,moderate,3,28,17,7.4,1,0,Granted,14.0
17/943393,1700,pph,large,moderate,3,25,10,7.6,1,0,Granted,11.5
17/358736,3700,pph,large,moderate,3,32,22,8.0,1,0,Granted,10.5
17/404341,3700,standard,large,lenient,3,18,25,14.3,1,0,Granted,20.3
17/114068,2600,standard,large,moderate,4,18,20,21.4,4,2,Abandoned,34.5
17/208656,2100,accelerated,large,strict,3,18,12,4.2,1,0,Granted,9.9
17/828229,3600,standard,large,moderate,2,31,21,22.7,1,0,Granted,28.0
17/707702,1600,standard,small,moderate,4,34,12,21.8,2,0,Granted,51.8
17/216504,2600,accelerated,large,moderate,5,30,1,3.6,2,0,Abandoned,10.8
17/686675,2100,standard,small,lenient,3,20,15,18.7,3,1,Granted,30.5
17/653313,2400,pph,small,moderate,5,16,7,8.5,3,1,Granted,20.3
17/235178,1700,standard,small,strict,3,22,7,19.0,1,0,Granted,25.3
17/765623,2400,standard,micro,moderate,4,22,23,24.6,3,1,Granted,36.8
17/289377,3700,standard,small,moderate,2,32,22,19.7,3,1,Granted,33.6
17/404829,2800,pph,large,moderate,3,23,23,4.2,1,0,Granted,10.5
17/478960,2100,standard,large,lenient,1,13,25,22.7,1,0,Granted,25.4
17/605021,1600,standard,small,moderate,3,32,1,24.8,2,0,Abandoned,30.2
17/322970,2100,standard,large,moderate,2,17,1,27.8,2,0,Abandoned,33.6
17/554156,2100,standard,small,moderate,5,30,1,18.3,3,1,Abandoned,27.8
17/742191,3700,standard,large,moderate,3,20,1,13.2,3,1,Abandoned,22.0
17/788209,1700,standard,large,moderate,3,18,18,26.9,3,1,Granted,38.7
17/348194,1600,standard,large,strict,4,19,11,22.7,2,0,Abandoned,53.0
17/535824,2400,standard,large,strict,4,31,17,20.8,3,1,Granted,32.1
17/554202,2600,standard,large,moderate,3,14,28,25.3,1,0,Granted,30.7
17/499312,1700,standard,small,strict,3,15,1,16.8,3,1,Granted,28.7
17/959361,3700,standard,large,moderate,3,25,8,16.3,3,1,Abandoned,24.3
17/327457,1600,standard,micro,moderate,3,16,31,16.3,1,0,Granted,21.4
17/195359,2800,standard,large,moderate,3,16,20,14.1,3,1,Granted,27.6
17/559054,2400,standard,small,strict,3,27,12,19.4,3,1,Abandoned,28.7
17/513528,3700,standard,small,strict,3,21,7,12.6,3,1,Granted,26.0
17/186357,2400,standard,large,moderate,4,20,26,21.3,1,0,Granted,27.7
17/459900,2800,standard,micro,strict,4,29,21,24.6,1,0,Granted,30.1
17/140507,3600,accelerated,small,moderate,2,16,10,4.9,3,1,Granted,16.8
17/975173,1700,standard,large,moderate,4,32,16,18.7,3,1,Granted,31.3
17/493199,2800,standard,large,lenient,3,15,12,12.4,1,0,Granted,18.2
17/802754,2600,standard,small,moderate,3,30,11,18.0,1,0,Granted,22.0
17/712763,2600,pph,small,strict,4,14,6,7.5,3,1,Granted,18.8
17/412627,2800,standard,large,lenient,1,17,4,13.8,2,0,Abandoned,18.4
17/425680,2100,trackOne,micro,lenient,3,13,24,3.4,1,0,Granted,9.1
17/760707,2600,pph,small,strict,1,23,11,7.3,2,0,Abandoned,14.2
17/475652,1600,standard,large,moderate,3,18,15,23.4,3,1,Granted,36.3
17/815887,2600,standard,micro,strict,3,17,8,23.5,2,0,Abandoned,27.6
17/126596,3600,standard,large,strict,5,23,45,24.6,1,0,Granted,31.0
17/643036,2600,trackOne,large,lenient,2,12,20,4.1,1,0,Granted,10.4
17/664449,1600,standard,micro,moderate,3,14,29,20.2,3,1,Granted,32.3
17/731765,2100,standard,small,moderate,3,14,19,24.1,1,0,Granted,29.0
17/153116,2400,trackOne,small,moderate,4,34,16,3.6,1,0,Granted,8.6
17/565516,1700,trackOne,large,strict,2,28,2,3.9,1,0,Granted,7.3
17/109865,2800,standard,small,strict,2,31,8,13.3,2,0,Abandoned,19.5
17/347412,3700,standard,small,moderate,5,18,17,16.8,1,0,Granted,23.4
17/588625,3700,standard,large,lenient,3,26,21,9.6,1,0,Granted,15.4
17/400490,2400,pph,large,moderate,4,32,15,7.1,1,0,Granted,11.9
17/112456,3600,standard,small,moderate,3,33,19,24.3,2,0,Abandoned,29.6
17/290198,2100,standard,large,strict,3,13,16,17.7,3,1,Granted,30.8
17/220014,1700,pph,large,strict,3,21,27,5.1,2,0,Abandoned,12.2
17/650674,1600,pph,large,moderate,3,13,15,7.4,1,0,Granted,9.8
17/610221,2400,standard,large,moderate,2,13,18,20.7,1,0,Granted,25.9
17/444332,2100,standard,small,strict,3,18,16,28.6,4,2,Granted,43.8
17/901047,2100,standard,small,moderate,3,21,15,29.4,2,0,Abandoned,33.7
17/197351,2800,standard,large,lenient,3,15,17,6.0,1,0,Granted,12.8
17/464247,2400,standard,large,strict,3,31,1,23.4,1,0,Granted,29.6
17/596740,3700,pph,micro,moderate,3,27,22,5.9,1,0,Granted,10.7
17/664275,2100,standard,small,moderate,3,29,15,24.5,3,1,Abandoned,32.4
17/673007,3600,standard,small,moderate,6,22,5,20.1,1,0,Granted,26.5
17/807578,1700,trackOne,large,moderate,3,26,25,2.8,1,0,Granted,5.5
17/338505,2100,standard,micro,strict,2,13,25,25.1,3,1,Abandoned,34.9
17/334776,2600,trackOne,micro,moderate,2,29,20,4.7,1,0,Granted,10.5
17/543105,2100,standard,large,strict,3,20,12,21.9,2,0,Abandoned,26.9
17/729140,3600,trackOne,large,lenient,4,20,23,2.5,3,1,Granted,15.4
17/291018,2600,standard,large,strict,3,30,16,18.8,2,0,Abandoned,23.6
17/940214,3600,standard,large,moderate,3,22,17,37.6,4,2,Granted,53.6
17/376877,1600,standard,small,lenient,3,18,10,22.5,1,0,Granted,28.1
17/232280,3700,trackOne,large,moderate,3,13,25,3.5,2,0,Abandoned,9.9
17/478533,2800,standard,small,moderate,2,32,12,11.9,4,2,Abandoned,23.6
17/978885,3700,standard,small,strict,3,33,17,28.7,2,0,Abandoned,33.8
17/758526,1700,standard,large,lenient,3,32,10,20.6,1,0,Granted,25.8
17/338818,2400,standard,large,moderate,3,22,5,23.6,2,0,Abandoned,29.5
17/821267,2600,standard,small,moderate,3,24,16,20.3,1,0,Granted,24.6
17/262493,3700,standard,small,moderate,2,16,11,18.7,1,0,Granted,24.0
17/633169,2600,standard,large,moderate,3,18,14,21.7,2,0,Abandoned,26.8
17/655478,2400,trackOne,small,moderate,3,21,25,2.9,1,0,Granted,6.3
17/750175,1700,standard,small,lenient,1,20,22,7.3,1,0,Granted,11.0
17/811623,2800,standard,micro,strict,3,31,16,14.3,2,0,Abandoned,18.5
17/125094,2600,standard,small,strict,3,26,19,34.3,1,0,Granted,38.8
17/493487,1700,standard,large,moderate,3,24,15,22.8,1,0,Granted,28.1
17/139721,2800,standard,large,lenient,3,16,1,20.8,1,0,Granted,25.7
17/300552,3600,standard,small,moderate,3,28,15,14.5,1,0,Granted,19.9
17/366223,2600,standard,large,lenient,3,28,20,10.0,3,1,Granted,22.5
17/700054,2600,standard,large,strict,3,23,24,20.2,3,1,Granted,32.8
17/707676,2400,standard,small,lenient,3,20,20,20.6,1,0,Granted,26.2
17/404051,2600,standard,micro,moderate,3,17,15,20.3,1,0,Granted,23.7
17/776707,2600,standard,large,moderate,6,23,11,24.3,4,2,Granted,39.4
17/597745,3700,standard,small,lenient,3,14,11,11.7,3,1,Granted,24.2
17/115617,2600,standard,large,strict,3,14,14,26.3,1,0,Granted,31.9
17/445156,3600,standard,small,lenient,3,30,17,27.8,1,0,Granted,33.9
17/980695,2800,standard,large,lenient,2,19,27,17.1,1,0,Granted,21.7
17/254424,3600,standard,small,strict,3,15,7,23.4,1,0,Granted,28.7
17/417824,2400,standard,small,lenient,1,15,5,18.1,4,2,Granted,34.8
17/996896,2100,trackOne,large,moderate,3,15,30,4.1,1,0,Granted,10.5
17/693194,1700,standard,small,strict,3,26,16,20.4,3,1,Abandoned,29.0
17/798802,1700,standard,small,moderate,3,20,16,21.7,1,0,Granted,26.8
17/814673,2600,standard,large,moderate,4,33,26,28.2,1,0,Granted,31.1
17/798121,1700,standard,large,lenient,2,32,4,23.1,1,0,Granted,29.2
17/412473,2400,standard,small,strict,3,28,18,31.5,3,1,Granted,42.9
17/638221,2800,standard,small,moderate,3,33,16,21.0,1,0,Granted,27.3
17/105642,2400,standard,large,moderate,1,13,18,22.7,1,0,Granted,28.6
17/804365,1700,standard,large,moderate,3,25,7,17.5,1,0,Granted,23.4
17/111598,2600,standard,large,lenient,3,16,9,21.5,1,0,Granted,26.5
17/878732,1600,standard,large,lenient,2,31,12,24.0,2,0,Abandoned,29.4
17/745365,2600,standard,large,moderate,2,19,16,14.0,1,0,Granted,19.7
17/682916,2400,standard,large,strict,3,13,28,22.4,2,0,Abandoned,28.1
17/577896,2100,standard,large,strict,3,21,13,30.2,1,0,Granted,35.1
17/410270,3700,standard,small,moderate,4,25,15,12.8,1,0,Granted,18.3
17/219959,3700,standard,large,strict,4,24,9,23.0,2,0,Abandoned,27.5
17/674154,1600,pph,large,strict,6,23,16,5.8,3,1,Abandoned,15.0
17/197129,3600,standard,small,moderate,3,17,9,26.3,1,0,Granted,31.6
17/120377,2400,trackOne,large,moderate,3,14,10,5.2,3,1,Granted,17.0
17/991902,2100,standard,large,lenient,4,30,22,19.9,1,0,Granted,24.8
17/525826,3600,standard,small,moderate,4,29,24,30.4,1,0,Granted,36.7
17/832198,1700,standard,large,lenient,3,18,11,14.4,2,0,Granted,47.3
17/382425,2100,standard,micro,strict,2,22,25,24.5,1,0,Granted,30.1
17/327044,2400,standard,small,strict,3,28,8,18.3,2,0,Abandoned,23.2
17/287503,3600,trackOne,small,lenient,3,17,19,4.0,1,0,Granted,6.2
17/840341,1700,trackOne,large,moderate,2,25,13,3.2,3,1,Granted,16.4
17/488283,2400,standard,large,lenient,3,13,1,19.2,1,0,Granted,25.4
17/480484,2600,standard,small,lenient,3,32,30,6.4,1,0,Granted,13.2
17/414779,2600,pph,large,strict,3,14,9,4.7,1,0,Granted,10.3
17/669196,1700,trackOne,large,moderate,2,23,2,4.2,1,0,Granted,6.6
17/729909,2600,standard,large,strict,2,20,23,14.8,2,0,Abandoned,19.1
17/763806,2600,standard,large,moderate,3,28,23,18.7,1,0,Granted,24.9
17/278723,3700,accelerated,large,moderate,1,30,6,3.6,2,0,Abandoned,8.0
17/254095,3700,standard,small,moderate,3,16,1,12.9,3,1,Granted,24.3
17/776577,2400,standard,large,lenient,3,26,18,19.7,3,1,Granted,31.2
17/536177,2100,standard,large,lenient,3,14,17,21.7,1,0,Granted,27.2
17/555417,2800,standard,small,lenient,3,22,9,14.1,3,1,Granted,26.2
17/779169,2100,standard,large,moderate,3,25,13,21.8,1,0,Granted,24.0
17/219995,2600,trackOne,large,lenient,3,13,4,4.5,3,1,Granted,15.6
17/828629,1700,standard,large,moderate,3,28,24,21.5,2,0,Abandoned,27.0
17/958976,1600,standard,large,lenient,3,23,24,21.5,3,1,Abandoned,29.6
17/691406,2100,standard,large,moderate,4,16,11,27.1,1,0,Granted,33.2
17/257710,3600,standard,small,strict,3,22,18,31.2,2,0,Abandoned,35.6
17/519667,1600,standard,large,moderate,2,14,16,15.3,3,1,Granted,26.9
17/234732,3700,accelerated,large,strict,3,20,20,7.0,3,1,Granted,19.1
17/699021,1700,standard,micro,lenient,4,15,12,22.8,2,0,Abandoned,28.8
17/298596,2800,standard,large,moderate,3,16,23,13.4,1,0,Granted,20.5
17/674204,1700,accelerated,large,lenient,3,27,15,5.3,2,0,Abandoned,10.7
17/404840,2600,pph,small,moderate,2,29,18,6.5,3,1,Abandoned,15.0
17/375547,1600,standard,large,moderate,3,26,12,17.7,3,1,Granted,30.2
17/388519,1700,standard,large,strict,2,27,16,22.6,1,0,Granted,29.0
17/143368,1600,pph,large,lenient,3,29,11,4.8,1,0,Granted,7.7
17/276719,2800,standard,large,moderate,3,22,1,20.3,3,1,Granted,31.8
17/661263,3600,standard,micro,moderate,4,20,23,20.5,3,1,Abandoned,29.6
17/388508,1700,standard,large,strict,3,31,10,22.7,3,1,Granted,35.2
17/478704,1700,trackOne,large,strict,2,32,18,2.5,3,1,Abandoned,12.3
17/107201,1700,trackOne,large,lenient,3,31,18,3.7,1,0,Granted,10.1
17/608567,2600,trackOne,large,moderate,2,16,26,3.7,2,0,Abandoned,8.7
17/386204,2400,standard,large,moderate,1,14,24,15.8,4,2,Granted,32.9
17/357418,2800,standard,small,moderate,4,15,14,17.8,1,0,Granted,23.1
17/178228,3700,pph,micro,strict,2,30,24,6.8,1,0,Granted,14.0
17/818949,3700,standard,small,moderate,3,32,3,26.3,4,2,Granted,42.0
17/106907,2400,standard,small,moderate,3,22,20,23.8,1,0,Granted,28.4
17/876870,2800,standard,large,moderate,5,34,29,17.9,3,1,Granted,28.9
17/341133,2400,standard,small,moderate,3,22,25,15.0,1,0,Granted,21.5
17/421242,2400,standard,small,lenient,3,14,13,17.8,1,0,Granted,21.4
17/537292,2400,standard,large,moderate,3,18,17,25.9,1,0,Granted,31.8
17/486134,2800,standard,large,lenient,3,28,11,12.5,1,0,Granted,15.1
17/248328,1700,standard,large,lenient,3,13,17,18.8,1,0,Granted,23.8
17/258807,2400,pph,small,lenient,1,21,16,5.4,3,1,Granted,18.9
17/341924,2100,standard,large,strict,2,31,15,28.0,3,1,Granted,40.3
17/661098,3600,standard,small,moderate,3,32,29,26.8,2,0,Abandoned,51.5
17/959415,1700,trackOne,large,lenient,3,30,23,3.4,3,1,Abandoned,12.7
17/739722,2400,standard,large,strict,3,31,5,22.6,3,1,Granted,34.7
17/466366,1700,standard,large,strict,3,26,2,25.9,1,0,Granted,32.6
17/357349,2100,trackOne,small,moderate,2,30,14,2.5,3,1,Granted,14.7
17/363759,2800,standard,small,strict,6,23,17,6.0,3,1,Granted,18.5
17/310955,3700,standard,small,moderate,3,16,21,25.2,1,0,Granted,30.4
17/362656,3700,standard,micro,moderate,3,18,10,20.0,3,1,Granted,33.3
17/776308,2600,standard,large,lenient,3,28,2,12.8,1,0,Granted,18.4
17/748556,2400,standard,micro,moderate,3,18,29,23.7,1,0,Granted,29.2
17/838875,2800,standard,large,moderate,3,20,32,16.0,3,1,Granted,27.9
17/102211,1700,standard,small,strict,3,20,1,20.7,3,1,Granted,33.3
17/967946,3700,standard,large,moderate,3,21,16,17.5,1,0,Granted,19.8
17/634040,1700,standard,large,lenient,4,30,16,18.5,2,0,Abandoned,46.1
17/384749,2800,standard,large,moderate,3,21,11,11.8,3,1,Granted,24.4
17/657543,2100,standard,large,strict,4,31,23,26.9,3,1,Granted,38.9
17/226375,2800,standard,large,lenient,3,24,8,17.1,3,1,Granted,29.3
17/954618,1600,standard,large,lenient,3,31,5,16.4,1,0,Granted,21.6
17/943378,1600,standard,large,strict,3,19,5,27.5,1,0,Granted,33.7
17/453044,2800,standard,small,lenient,3,21,15,9.3,1,0,Granted,11.3
17/664706,2400,standard,large,lenient,3,13,26,27.9,4,2,Abandoned,42.1
17/699756,2800,standard,small,moderate,2,29,13,21.8,1,0,Granted,27.0
17/573955,2600,standard,large,lenient,3,28,18,14.0,3,1,Abandoned,23.3
17/384250,2600,standard,large,strict,3,21,13,24.3,1,0,Granted,29.6
17/792334,1700,standard,small,moderate,3,17,12,19.6,4,2,Abandoned,34.0
17/625609,3700,standard,micro,lenient,4,27,5,8.6,1,0,Granted,13.3
17/103356,1700,standard,small,moderate,3,32,32,23.6,1,0,Granted,30.0
17/723517,2800,standard,micro,moderate,3,24,3,18.1,3,1,Granted,32.2
17/204653,2600,standard,micro,strict,3,20,19,23.8,2,0,Abandoned,29.8
17/101565,2600,standard,large,moderate,2,24,21,27.6,4,2,Granted,43.5
17/478542,2800,standard,small,lenient,6,24,35,15.3,4,2,Abandoned,27.5
17/825855,1700,standard,small,moderate,3,31,20,15.4,2,0,Abandoned,19.5
17/250842,1600,standard,large,strict,3,17,23,22.2,1,0,Granted,27.1
17/857200,2100,standard,micro,strict,1,29,4,24.5,1,0,Granted,30.2
17/226227,2400,standard,large,moderate,3,23,9,23.6,1,0,Granted,29.2
17/767579,3700,standard,micro,moderate,3,32,6,9.9,4,2,Granted,26.4
17/858409,2800,standard,large,moderate,3,18,4,16.7,2,0,Abandoned,22.8
17/298522,1600,standard,large,lenient,3,32,9,17.8,1,0,Granted,23.8
17/859808,2600,standard,small,strict,3,32,14,19.3,2,0,Abandoned,23.7
17/681821,1700,standard,large,strict,2,27,7,21.8,3,1,Granted,33.4
17/272917,2400,standard,large,moderate,3,29,1,25.2,4,2,Granted,41.6
17/855174,2100,standard,large,lenient,3,23,13,18.2,4,2,Granted,34.2
17/537214,1600,trackOne,small,moderate,2,31,27,3.5,1,0,Granted,5.4
17/952057,1700,standard,large,moderate,3,14,13,18.9,1,0,Granted,25.8
17/592049,3700,standard,small,strict,3,28,5,22.0,2,0,Abandoned,27.1
17/102446,2400,trackOne,small,moderate,4,23,12,3.5,1,0,Granted,9.7
17/907031,2800,standard,micro,strict,4,15,11,17.3,3,1,Granted,28.7
17/700132,1600,accelerated,small,moderate,3,26,22,6.9,3,1,Granted,19.7
17/734233,3700,standard,large,strict,3,19,23,27.1,2,0,Abandoned,32.8
17/489984,3700,standard,small,lenient,3,32,20,13.9,1,0,Granted,19.5
17/207817,2800,trackOne,large,moderate,6,16,21,3.2,4,2,Granted,18.7
17/570601,2600,standard,large,lenient,3,29,14,17.4,1,0,Granted,23.3
17/618532,1700,standard,micro,moderate,2,20,11,18.5,1,0,Granted,23.4
17/294091,2100,standard,large,moderate,3,14,15,24.0,1,0,Granted,29.9
17/219456,2100,standard,small,lenient,3,29,3,22.1,1,0,Granted,27.6
17/397254,2800,standard,small,moderate,3,18,12,18.5,1,0,Granted,25.1
17/113020,1600,standard,large,lenient,4,31,17,20.7,2,0,Abandoned,27.0
17/360086,1600,standard,small,moderate,3,25,14,25.0,1,0,Granted,30.0
17/731591,2800,standard,small,lenient,4,15,16,23.3,1,0,Granted,28.6
17/480192,3600,standard,large,strict,3,22,17,24.4,3,1,Granted,36.2
17/758945,1600,standard,large,moderate,4,18,28,25.2,2,0,Abandoned,30.2
17/742206,3700,pph,large,moderate,1,25,14,5.0,1,0,Granted,7.5
17/542541,2600,standard,micro,moderate,4,17,12,10.2,1,0,Granted,12.2
17/746115,2800,trackOne,small,moderate,3,13,22,4.4,1,0,Granted,11.0
17/529317,2100,standard,large,lenient,3,26,20,21.2,2,0,Abandoned,25.9
17/469075,1600,standard,large,moderate,2,31,25,29.3,1,0,Granted,31.7
17/488300,2400,standard,large,moderate,2,16,24,21.3,1,0,Granted,26.1
17/416506,1700,standard,small,lenient,3,24,1,10.6,3,1,Granted,21.8
17/900033,1700,pph,large,lenient,3,25,11,4.3,4,2,Abandoned,17.1
17/158743,2800,standard,large,strict,5,15,14,15.1,1,0,Granted,21.5
17/917308,1600,accelerated,small,moderate,1,25,24,5.5,1,0,Granted,8.6
17/826668,3700,standard,large,lenient,4,33,17,19.2,1,0,Granted,24.3
17/999894,2800,standard,large,lenient,5,25,7,11.1,3,1,Granted,23.7
17/646864,3600,standard,small,moderate,3,13,18,21.6,1,0,Granted,28.3
17/348532,1700,standard,micro,moderate,2,17,12,25.4,2,0,Abandoned,30.9
17/499107,1600,standard,large,strict,3,13,11,25.5,2,0,Abandoned,32.0
17/978389,3700,pph,large,moderate,1,23,9,6.8,1,0,Granted,12.5
17/480931,3700,standard,small,moderate,3,23,11,14.6,2,0,Abandoned,19.5
17/329047,1700,standard,large,moderate,3,30,8,21.4,3,1,Granted,33.7
17/694172,2100,standard,large,strict,1,23,14,30.0,3,1,Abandoned,39.1
17/941125,1700,standard,micro,strict,3,16,1,27.1,1,0,Granted,33.7
17/295543,1700,standard,large,lenient,3,17,7,8.3,3,1,Granted,19.8
17/476551,2400,standard,small,strict,2,28,12,27.6,2,0,Abandoned,32.9
17/861010,2600,standard,small,moderate,3,15,16,13.0,2,0,Abandoned,19.5
17/774802,1700,standard,large,moderate,3,33,14,18.9,3,1,Abandoned,28.8
17/983147,2400,standard,large,lenient,3,15,19,9.6,1,0,Granted,14.9
17/469206,3600,trackOne,large,moderate,3,22,5,3.7,1,0,Granted,10.3
17/106778,2800,pph,small,moderate,3,28,16,5.8,1,0,Granted,10.8
17/511334,1600,standard,micro,strict,5,21,18,26.6,1,0,Granted,32.0
17/385381,2800,trackOne,micro,moderate,4,24,23,3.8,3,1,Granted,15.4
17/219433,3600,trackOne,large,strict,2,15,32,2.5,4,2,Abandoned,17.6
17/163632,2100,standard,small,strict,3,15,8,31.9,4,2,Abandoned,43.0
17/813619,2100,standard,small,strict,3,28,14,16.9,1,0,Granted,22.7
17/608716,1600,standard,small,moderate,2,32,3,20.6,3,1,Granted,31.8
17/836845,3700,trackOne,small,moderate,3,29,6,2.5,2,0,Granted,26.8
17/624459,1700,standard,large,strict,3,31,20,27.4,3,1,Abandoned,37.2
17/803521,3700,standard,large,moderate,3,32,1,20.0,3,1,Granted,32.0
17/941786,1700,standard,large,strict,4,26,6,23.7,3,1,Granted,35.9
17/600023,1700,standard,large,moderate,5,34,5,20.1,4,2,Granted,36.4
17/706817,1700,standard,small,lenient,3,14,10,13.0,1,0,Granted,19.1
17/955887,2100,standard,small,moderate,3,18,18,22.2,1,0,Granted,27.5
17/603860,1600,standard,small,lenient,3,24,10,16.3,3,1,Granted,30.2
17/522777,2100,standard,large,strict,3,17,6,26.9,3,1,Abandoned,37.0
17/168433,3700,standard,large,lenient,3,28,23,17.5,1,0,Granted,19.7
17/547927,1700,standard,large,moderate,3,31,1,18.7,1,0,Granted,23.7
17/146924,2600,standard,large,moderate,3,13,9,17.6,3,1,Granted,30.4
17/708807,2100,standard,large,lenient,3,20,6,26.4,1,0,Granted,30.1
17/756791,1600,standard,large,lenient,3,19,16,9.1,3,1,Granted,21.4
17/344695,2800,standard,large,strict,2,27,1,22.5,1,0,Granted,27.6
17/482908,3700,standard,large,moderate,3,32,2,21.4,2,0,Abandoned,26.4
17/754264,2400,standard,large,strict,3,17,4,24.1,3,1,Granted,37.0
17/603596,1700,standard,large,lenient,3,24,12,19.0,2,0,Abandoned,23.9
17/252386,2600,standard,large,strict,3,20,8,24.1,1,0,Granted,30.5
17/363644,3600,standard,micro,lenient,3,30,14,16.7,1,0,Granted,23.5
17/591497,1700,standard,large,lenient,5,18,1,16.8,1,0,Granted,20.0
17/378323,1700,standard,large,moderate,3,18,13,16.9,2,0,Abandoned,21.4
17/371135,2600,standard,small,moderate,3,29,14,18.7,1,0,Granted,24.4
17/867960,3600,standard,small,moderate,3,24,13,31.3,1,0,Granted,37.0
17/743479,2800,standard,large,strict,3,33,34,17.8,3,1,Granted,31.1
17/349880,2100,standard,large,strict,3,23,15,23.9,2,0,Abandoned,28.4
17/920363,1600,standard,large,strict,1,28,12,24.0,1,0,Granted,29.7
17/352374,3700,standard,large,strict,3,31,5,16.2,3,1,Abandoned,25.4
17/569146,1600,standard,small,moderate,3,14,9,24.0,3,1,Granted,35.5
17/888463,3700,standard,small,strict,5,33,7,23.1,3,1,Granted,34.7
17/414754,2100,standard,large,lenient,3,24,16,21.4,1,0,Granted,27.3
17/334961,1700,standard,small,moderate,5,29,6,28.0,3,1,Granted,39.3
17/680864,1700,standard,large,moderate,6,28,17,14.4,1,0,Granted,20.4
17/838561,2600,standard,large,lenient,5,30,19,19.2,2,0,Abandoned,24.6
17/956045,2800,standard,micro,moderate,3,17,18,19.4,2,0,Abandoned,43.4
17/351565,1600,standard,small,moderate,3,22,1,27.4,2,0,Abandoned,32.8
17/575692,3700,standard,small,moderate,1,21,18,22.5,3,1,Abandoned,32.4
17/303740,1700,standard,small,strict,3,15,12,17.6,3,1,Granted,28.9
17/376283,1700,standard,large,moderate,3,17,22,14.4,3,1,Granted,27.6
17/505575,2400,trackOne,large,lenient,4,33,26,2.5,2,0,Granted,31.0
17/175343,2800,standard,small,strict,3,24,16,17.7,3,1,Granted,30.9
17/110597,1600,standard,large,strict,5,28,13,27.8,3,1,Granted,39.4
17/332662,2800,standard,large,lenient,3,21,22,9.5,1,0,Granted,15.0
17/909599,2800,standard,micro,moderate,2,22,15,15.5,2,0,Abandoned,20.9
17/635897,2800,standard,small,lenient,3,33,18,7.7,1,0,Granted,13.9
17/334663,1600,standard,large,moderate,2,25,1,27.2,2,0,Abandoned,31.7
17/136744,3700,standard,small,strict,4,32,18,20.1,2,0,Abandoned,51.1
17/273924,2400,standard,small,lenient,5,31,6,16.1,2,0,Abandoned,48.5
17/152665,3600,standard,large,lenient,3,32,10,22.5,3,1,Abandoned,32.4
17/959360,3700,standard,large,moderate,3,20,13,24.1,3,1,Abandoned,32.6
17/165527,3600,pph,micro,moderate,3,31,5,6.7,1,0,Granted,8.9
17/321848,2600,pph,large,moderate,3,13,2,4.0,1,0,Granted,9.3
17/393285,1600,standard,large,lenient,3,16,11,16.5,3,1,Granted,28.9
17/944385,2400,standard,small,lenient,4,23,16,23.8,1,0,Granted,26.0
17/377440,2600,standard,large,strict,4,34,6,28.9,3,1,Granted,42.3
17/191639,2600,standard,large,lenient,3,14,27,6.6,1,0,Granted,13.0
17/811004,2800,standard,large,moderate,3,31,19,18.3,1,0,Granted,23.0
17/425889,3600,standard,small,lenient,1,27,14,26.9,1,0,Granted,31.9
17/519673,2800,standard,large,strict,2,19,18,21.8,2,0,Granted,50.1
17/924554,3600,standard,micro,strict,3,28,21,35.2,3,1,Granted,46.8
17/347439,3600,standard,small,moderate,1,28,13,26.6,3,1,Granted,39.3
17/480906,2600,standard,large,strict,5,30,17,21.6,2,0,Abandoned,25.5
17/684104,2800,standard,large,moderate,3,25,21,14.3,2,0,Abandoned,20.0
17/442577,2600,trackOne,large,moderate,4,33,12,3.0,1,0,Granted,6.6
17/952004,1600,standard,large,moderate,3,28,15,17.4,1,0,Granted,24.5
17/623905,1700,standard,large,moderate,3,17,26,13.4,3,1,Granted,25.2
17/799419,1700,standard,small,lenient,3,33,16,16.4,1,0,Granted,19.7
17/778603,2800,standard,large,lenient,3,23,14,21.1,3,1,Abandoned,31.5
17/687975,2800,standard,large,lenient,3,21,11,11.0,1,0,Granted,16.0
17/315642,1700,standard,micro,moderate,3,31,25,19.0,1,0,Granted,24.6
17/839369,2800,standard,micro,lenient,3,16,17,20.7,1,0,Granted,26.1
17/494217,2800,standard,large,lenient,3,33,7,17.3,1,0,Granted,19.6
17/235649,1600,trackOne,small,strict,3,31,10,4.1,2,0,Abandoned,10.0
17/686195,1600,standard,small,moderate,5,31,13,16.7,1,0,Granted,19.4
17/215801,2800,standard,large,strict,3,16,6,26.2,3,1,Granted,38.5
17/452442,1700,trackOne,large,strict,4,19,3,3.4,1,0,Granted,7.7
17/211182,1700,standard,large,moderate,4,30,2,19.3,2,0,Abandoned,48.9
17/872926,2600,standard,large,lenient,4,20,16,20.5,1,0,Granted,26.7
17/451988,2400,standard,large,moderate,3,15,12,21.9,1,0,Granted,28.2
17/820230,1600,standard,small,moderate,3,30,16,24.4,3,1,Granted,37.9
17/539264,3600,standard,large,strict,3,19,3,37.4,3,1,Granted,50.2
17/800455,2100,standard,large,lenient,4,24,12,13.6,2,0,Abandoned,18.4
17/580937,1600,standard,large,lenient,3,27,10,22.4,1,0,Granted,28.4
17/701142,2100,pph,large,moderate,6,18,13,8.1,1,0,Granted,13.1
17/286638,3600,standard,large,moderate,3,26,11,25.3,3,1,Granted,36.3
17/173425,3600,standard,large,moderate,3,25,21,22.7,3,1,Granted,33.2
17/733373,1600,trackOne,small,lenient,3,14,29,2.9,1,0,Granted,6.8
17/730617,2400,standard,small,moderate,3,18,29,19.3,1,0,Granted,25.3
17/360718,3600,standard,large,strict,2,17,9,33.8,1,0,Granted,39.9
17/399957,3600,pph,small,strict,2,27,31,5.6,1,0,Granted,8.8
17/570431,1600,trackOne,micro,moderate,3,25,25,2.5,2,0,Granted,24.7
17/595420,1700,accelerated,large,strict,4,23,28,5.6,3,1,Granted,17.3
17/941547,1600,standard,large,lenient,3,27,10,17.8,2,0,Abandoned,22.8
17/517527,2600,standard,large,moderate,2,16,27,19.2,1,0,Granted,24.7
17/405918,2800,standard,small,lenient,1,11,26,19.9,1,0,Granted,23.5
17/159871,3700,standard,small,lenient,3,28,24,8.6,2,0,Abandoned,15.2
17/567575,1600,standard,large,strict,3,22,1,27.1,1,0,Granted,32.9
17/411944,3600,trackOne,large,moderate,3,32,18,2.9,1,0,Granted,8.9
17/325815,1700,standard,large,moderate,3,15,7,19.4,3,1,Abandoned,28.6
17/581704,1600,standard,small,moderate,3,20,19,23.9,1,0,Granted,29.1
17/587955,1700,standard,micro,strict,3,16,7,12.8,2,0,Abandoned,38.6
17/540275,1600,standard,large,lenient,3,33,16,20.5,3,1,Abandoned,28.6
17/831165,3600,standard,large,moderate,3,20,16,17.4,3,1,Granted,30.3
17/202983,2800,standard,large,moderate,3,21,18,28.9,1,0,Granted,32.9
17/143634,2100,standard,large,lenient,3,13,24,21.6,2,0,Abandoned,50.3
17/119349,2100,standard,small,moderate,3,15,25,20.8,3,1,Abandoned,29.7
17/750912,1600,standard,large,strict,2,22,12,23.1,2,0,Abandoned,28.2
17/812258,2600,standard,small,moderate,4,25,20,19.1,2,0,Abandoned,24.3
17/234859,3700,standard,small,strict,3,13,25,25.7,1,0,Granted,31.3
17/596964,3700,standard,large,moderate,3,22,15,20.7,1,0,Granted,26.9
17/319168,1700,standard,large,lenient,3,33,28,23.8,1,0,Granted,30.2
17/997570,2400,standard,micro,moderate,3,31,15,17.2,2,0,Abandoned,21.7
17/530692,2800,trackOne,small,strict,3,24,7,3.5,2,0,Granted,24.9
17/941862,1700,standard,large,strict,5,32,28,28.0,3,1,Granted,40.4
17/406451,2800,standard,small,moderate,3,30,2,15.3,1,0,Granted,20.9
17/927258,2600,standard,small,strict,4,25,14,17.5,3,1,Granted,28.0
17/740654,3700,standard,small,strict,2,27,1,11.2,3,1,Granted,21.9
17/825086,2400,trackOne,large,moderate,2,14,19,5.0,3,1,Granted,16.3
17/716706,3700,standard,large,lenient,3,13,25,11.5,1,0,Granted,17.6
17/775447,2600,standard,small,moderate,4,22,13,21.0,1,0,Granted,23.9
17/556635,1600,standard,large,lenient,3,25,9,18.7,1,0,Granted,24.7
17/459791,1600,trackOne,micro,moderate,3,28,4,4.2,3,1,Granted,15.4
17/980881,2400,standard,large,lenient,4,32,4,14.5,3,1,Abandoned,24.5
17/972287,3600,standard,micro,lenient,2,19,15,22.6,1,0,Granted,28.5
17/562921,2100,standard,small,lenient,4,14,17,18.1,2,0,Abandoned,49.0
17/692495,2800,trackOne,large,moderate,5,28,21,4.8,3,1,Granted,16.8
17/558781,2800,standard,large,strict,5,27,5,19.0,2,0,Abandoned,48.8
17/200100,3600,standard,micro,strict,3,20,31,32.2,1,0,Granted,38.8
17/506101,2800,standard,large,lenient,2,31,14,19.0,2,0,Abandoned,48.4
17/569629,1600,standard,small,strict,3,31,8,31.9,1,0,Granted,37.0
17/205775,2600,pph,small,strict,3,24,1,5.1,1,0,Granted,11.8
17/511409,2600,standard,small,moderate,3,24,12,13.6,1,0,Granted,19.0
17/955094,1700,trackOne,micro,lenient,5,35,17,2.5,2,0,Abandoned,8.0
17/714421,1600,standard,micro,strict,3,33,22,22.3,3,1,Granted,35.3
17/597352,2600,standard,large,strict,3,29,12,15.0,2,0,Abandoned,40.9
17/731553,1600,standard,small,moderate,3,28,10,24.9,1,0,Granted,30.8
17/570342,2600,standard,small,strict,3,17,10,25.8,1,0,Granted,30.6
17/363062,3700,standard,large,lenient,3,26,22,23.7,3,1,Granted,35.3
17/418324,3700,standard,small,strict,3,23,24,22.8,1,0,Granted,28.3
17/186001,1700,trackOne,large,moderate,3,16,15,3.7,2,0,Granted,21.2
17/944729,3700,trackOne,large,strict,4,29,4,2.9,3,1,Granted,16.5
17/719492,3600,pph,large,strict,3,16,16,6.0,2,0,Abandoned,35.2
17/569802,2100,standard,small,moderate,2,29,21,17.2,1,0,Granted,22.2
17/754541,2800,trackOne,large,moderate,2,29,22,4.6,2,0,Abandoned,10.2
17/469527,2400,standard,large,strict,3,31,23,17.3,1,0,Granted,23.5
17/925397,2800,standard,large,lenient,3,14,22,17.8,1,0,Granted,20.5
17/843692,2800,trackOne,small,moderate,3,14,23,3.2,1,0,Granted,8.8
17/397893,2400,standard,small,moderate,3,16,1,23.3,3,1,Granted,35.8
17/211212,2100,standard,small,lenient,3,20,16,21.4,3,1,Granted,34.4
17/963241,2400,standard,large,moderate,2,27,18,17.9,3,1,Granted,32.0
17/849290,3600,standard,large,moderate,4,14,10,20.8,1,0,Granted,25.9
17/677423,2600,standard,micro,strict,3,25,13,18.4,2,0,Abandoned,22.8
17/267365,1700,pph,large,moderate,3,14,17,7.7,2,0,Granted,30.0
17/728566,3700,standard,micro,lenient,4,32,15,14.9,1,0,Granted,20.4
17/900923,3600,standard,large,lenient,3,24,24,19.1,1,0,Granted,25.0
17/734632,2400,standard,micro,moderate,3,14,16,17.6,1,0,Granted,23.7
17/132881,1600,standard,small,lenient,4,15,13,21.6,4,2,Granted,38.3
17/732113,2100,standard,large,lenient,3,15,21,15.8,1,0,Granted,21.2
17/894144,2600,trackOne,large,moderate,5,24,14,3.5,1,0,Granted,10.2
17/291307,2100,standard,small,moderate,4,15,23,12.8,2,0,Abandoned,19.0
17/569465,1700,standard,large,lenient,3,29,17,15.4,1,0,Granted,20.8
17/396954,3600,standard,large,lenient,3,27,13,23.6,2,0,Granted,54.7
17/298400,2800,standard,large,lenient,3,30,12,17.6,3,1,Granted,30.2
17/194738,1700,standard,micro,lenient,3,32,30,15.7,3,1,Granted,29.4
17/805307,2400,standard,large,lenient,3,17,22,13.0,3,1,Granted,23.9
17/532434,2400,standard,large,lenient,3,15,6,12.2,1,0,Granted,17.1
17/519137,2400,standard,small,moderate,3,26,17,21.5,1,0,Granted,27.7
17/777088,1700,standard,large,lenient,3,27,7,18.6,1,0,Granted,24.9
17/676307,1600,standard,small,moderate,4,25,7,24.3,1,0,Granted,31.9
17/564222,3700,trackOne,large,strict,4,26,20,4.2,3,1,Granted,18.6
17/317940,1700,standard,small,lenient,3,16,11,20.4,3,1,Granted,32.2
17/858709,2100,standard,large,lenient,4,27,19,17.3,1,0,Granted,21.3
17/811253,2400,standard,small,moderate,5,32,18,13.5,1,0,Granted,19.4
17/638457,2600,standard,large,moderate,3,19,16,28.8,2,0,Abandoned,51.5
17/197589,2800,standard,large,moderate,3,16,19,24.4,1,0,Granted,29.3
17/757698,3700,standard,large,strict,3,28,17,20.8,1,0,Granted,26.8
17/791081,2400,standard,small,lenient,6,19,12,20.7,3,1,Granted,32.5
17/998873,2100,standard,large,moderate,5,17,20,19.9,1,0,Granted,24.9
17/672694,3600,standard,small,lenient,3,13,12,18.6,1,0,Granted,24.9
17/950225,1600,standard,small,moderate,3,20,10,31.2,2,0,Abandoned,37.1
17/126365,1700,standard,large,lenient,3,30,20,18.4,1,0,Granted,24.1
17/806432,2600,pph,small,strict,3,28,9,4.9,3,1,Granted,16.7
17/674768,2800,standard,micro,lenient,3,19,1,27.1,2,0,Abandoned,32.9
17/713146,2100,standard,micro,moderate,3,20,8,21.8,1,0,Granted,27.1
17/321698,1700,standard,large,moderate,4,26,11,18.5,3,1,Granted,31.9
17/385987,1700,standard,small,strict,3,21,9,20.5,1,0,Granted,27.9
17/403386,2400,standard,large,moderate,3,15,10,20.8,1,0,Granted,27.1
17/657741,1600,accelerated,large,moderate,3,25,14,4.1,3,1,Granted,16.1
17/696791,2800,standard,small,lenient,3,15,11,20.2,1,0,Granted,24.2
17/651979,3700,pph,large,moderate,1,20,27,6.2,2,0,Abandoned,12.6
17/191807,2600,trackOne,large,moderate,5,17,6,2.9,3,1,Granted,15.3
17/441579,2800,standard,small,moderate,3,28,16,16.5,3,1,Granted,28.3
17/526554,1700,standard,large,moderate,3,19,3,10.2,1,0,Granted,15.2
17/813255,2100,pph,large,lenient,3,18,15,5.0,1,0,Granted,10.4
17/200543,2100,standard,large,moderate,3,28,10,19.2,1,0,Granted,24.5
17/740336,1600,standard,large,moderate,4,16,25,17.3,1,0,Granted,22.9
17/522275,2400,standard,small,strict,3,24,11,18.3,3,1,Granted,30.5
17/957382,3600,trackOne,micro,strict,2,13,9,5.1,3,1,Granted,16.6
17/971414,2800,trackOne,small,lenient,2,27,17,3.1,1,0,Granted,7.1
17/891145,1600,standard,large,moderate,4,16,5,16.8,4,2,Granted,33.2
17/577713,2800,standard,small,lenient,3,29,17,21.2,1,0,Granted,27.5
17/924176,2400,standard,small,strict,3,23,16,26.3,3,1,Granted,38.6
17/150219,2600,standard,small,lenient,5,18,26,23.7,1,0,Granted,26.6
17/477161,2100,standard,large,moderate,2,28,10,18.7,2,0,Abandoned,40.4
17/778040,3600,standard,large,lenient,3,13,17,11.7,1,0,Granted,14.4
17/749851,1600,standard,small,moderate,3,19,14,22.5,3,1,Granted,34.3
17/596104,1700,standard,large,moderate,3,32,17,21.9,1,0,Granted,27.3
17/262006,1600,standard,micro,lenient,2,13,4,19.2,1,0,Granted,24.4
17/707357,3600,standard,large,moderate,3,15,22,28.1,2,0,Abandoned,33.1
17/745874,2100,standard,small,moderate,3,13,26,14.2,3,1,Abandoned,23.9
17/730612,2800,standard,micro,moderate,2,31,11,18.2,1,0,Granted,21.2
17/880527,3700,standard,small,strict,3,19,4,11.2,1,0,Granted,17.0
17/928756,2600,accelerated,micro,moderate,3,13,11,5.6,1,0,Granted,7.8
17/857095,1600,standard,large,moderate,3,32,13,31.1,1,0,Granted,36.6
17/304281,2800,standard,large,moderate,5,29,13,19.8,1,0,Granted,25.9
17/211252,2400,standard,large,moderate,3,30,21,21.7,2,0,Granted,53.7
17/611941,3700,standard,large,moderate,3,27,13,20.8,3,1,Granted,33.2
17/110735,1600,standard,micro,lenient,3,15,7,11.5,3,1,Granted,23.7
17/882489,2600,standard,small,moderate,5,30,22,19.2,3,1,Granted,31.9
17/197054,2800,standard,large,moderate,4,16,8,16.5,1,0,Granted,22.5
17/703428,2800,standard,small,moderate,3,24,29,9.3,2,0,Abandoned,15.9
17/868844,3600,accelerated,small,moderate,1,26,10,4.4,3,1,Granted,17.0
17/804002,2600,standard,large,moderate,3,15,25,25.3,3,1,Granted,37.0
17/947173,3600,standard,large,moderate,2,28,25,24.0,1,0,Granted,29.7
17/153382,1600,standard,large,lenient,3,30,23,17.6,1,0,Granted,19.9
17/637926,3700,standard,large,moderate,1,30,14,8.2,2,0,Abandoned,12.6
17/938296,2400,standard,micro,lenient,2,13,22,23.0,4,2,Abandoned,35.8
17/549384,2600,standard,large,moderate,5,23,21,18.6,1,0,Granted,23.7
17/789778,3700,standard,small,lenient,3,27,22,14.9,3,1,Granted,27.8
17/207652,2800,standard,small,lenient,3,27,20,14.4,1,0,Granted,19.7
17/347003,2100,standard,large,strict,3,28,10,23.9,3,1,Abandoned,32.8
17/219589,2400,standard,small,moderate,3,14,26,15.8,1,0,Granted,20.8
17/614443,2800,standard,large,moderate,4,15,20,20.4,3,1,Granted,33.1
17/289391,1700,standard,small,lenient,5,33,14,13.5,1,0,Granted,18.8
17/333366,3600,standard,large,lenient,3,21,21,19.8,1,0,Granted,25.3
17/262415,3600,standard,large,lenient,1,11,15,13.4,1,0,Granted,19.2
17/912347,2800,trackOne,large,moderate,3,26,12,2.9,1,0,Granted,9.1
17/629372,2400,standard,micro,moderate,3,16,15,25.6,1,0,Granted,32.1
17/440090,2400,standard,micro,moderate,3,21,8,31.2,2,0,Granted,60.8
17/382736,2400,standard,large,strict,2,13,23,23.1,2,0,Abandoned,26.7
17/968623,2400,standard,large,strict,3,32,1,28.8,2,0,Abandoned,33.7
17/981246,1600,standard,large,moderate,3,33,13,30.9,3,1,Granted,43.9
17/533029,2800,pph,large,moderate,3,24,8,4.8,3,1,Granted,15.9
17/671676,2100,standard,large,moderate,3,21,15,21.8,1,0,Granted,27.2
17/263243,2800,standard,small,moderate,3,14,18,18.3,2,0,Abandoned,22.3
17/146288,1600,standard,micro,strict,2,27,4,31.6,3,1,Granted,45.1
17/192338,1700,standard,large,lenient,3,14,25,21.7,1,0,Granted,27.8
17/148060,3600,standard,small,moderate,2,20,17,26.3,3,1,Granted,38.4
17/653856,2400,trackOne,large,lenient,3,16,12,3.2,1,0,Granted,8.6
17/315097,2400,standard,large,moderate,3,28,12,19.5,3,1,Granted,32.3
17/256695,2600,pph,micro,lenient,3,24,24,5.7,1,0,Granted,11.2
17/919188,2400,standard,small,strict,4,31,10,29.9,3,1,Granted,42.7
17/726730,2600,standard,large,moderate,3,23,9,9.4,2,0,Abandoned,15.3
17/914441,2800,standard,large,moderate,3,26,6,17.2,3,1,Abandoned,26.5
17/833535,2800,standard,large,strict,5,28,11,19.4,3,1,Granted,31.8
17/652566,1700,pph,large,strict,3,33,9,4.9,3,1,Granted,17.9
17/209748,2400,standard,micro,moderate,3,29,2,18.6,2,0,Abandoned,25.2
17/270124,3700,standard,large,strict,3,23,9,20.5,3,1,Granted,31.8
17/616707,2100,standard,micro,strict,5,26,18,31.6,1,0,Granted,36.9
17/211387,3600,standard,small,strict,3,31,14,31.5,1,0,Granted,36.5
17/861126,1600,standard,small,lenient,3,14,26,22.5,1,0,Granted,28.2
17/888427,2100,standard,large,moderate,1,17,2,20.1,1,0,Granted,26.7
17/810484,1700,standard,large,lenient,1,31,10,16.4,2,0,Abandoned,22.7
17/501348,2400,standard,large,lenient,3,23,8,19.6,1,0,Granted,26.4
17/481281,2800,standard,small,strict,3,19,4,19.1,1,0,Granted,24.3
17/442011,2100,standard,small,moderate,5,21,20,14.3,3,1,Granted,26.5
17/672945,2100,accelerated,large,moderate,2,28,12,5.8,1,0,Granted,11.5
17/559895,2400,pph,small,moderate,4,25,9,6.8,1,0,Granted,13.5
17/457747,2100,standard,small,moderate,3,17,5,22.3,1,0,Granted,28.2
17/234745,2600,standard,small,lenient,3,14,6,18.1,1,0,Granted,24.3
17/346403,1600,standard,large,moderate,3,28,16,14.6,2,0,Abandoned,47.0
17/388367,2100,standard,large,lenient,4,19,15,17.7,1,0,Granted,24.5
17/250843,2100,pph,small,strict,3,17,11,4.2,1,0,Granted,10.5
17/525323,3600,standard,micro,moderate,3,25,15,39.4,3,1,Granted,50.3
17/240838,3600,standard,large,moderate,3,25,12,15.9,1,0,Granted,20.2
17/450189,2400,standard,small,strict,3,31,6,18.1,3,1,Granted,30.5
17/790393,3700,trackOne,large,moderate,3,17,19,2.5,2,0,Abandoned,8.0
17/424306,2400,standard,large,moderate,2,25,7,15.0,2,0,Abandoned,20.5
17/285852,2100,standard,small,strict,4,20,13,23.8,1,0,Granted,29.6
17/134364,3700,standard,large,moderate,4,32,2,17.7,1,0,Granted,23.8
17/457468,3700,standard,large,strict,3,31,11,32.1,3,1,Granted,43.7
17/593997,2600,standard,large,lenient,3,18,28,17.8,1,0,Granted,23.3
17/799962,2400,standard,small,moderate,3,18,18,17.9,2,0,Abandoned,24.7
17/314947,2800,standard,small,strict,3,29,21,18.3,3,1,Granted,32.2
17/442540,2800,standard,small,strict,2,12,17,24.9,1,0,Granted,31.1
17/341491,3700,standard,small,strict,2,27,17,23.1,2,0,Abandoned,27.5
17/715787,3700,standard,micro,strict,3,20,19,19.5,3,1,Granted,32.1
17/514182,2400,standard,micro,strict,3,23,6,17.2,3,1,Granted,29.6
17/669408,2600,standard,small,moderate,3,33,10,20.7,1,0,Granted,26.7
17/449051,3600,standard,large,lenient,3,33,19,20.9,1,0,Granted,27.2
17/195277,2400,standard,large,lenient,1,25,9,14.5,1,0,Granted,20.8
17/244905,3700,standard,large,strict,2,23,17,17.5,3,1,Granted,30.6
17/352824,1700,standard,small,lenient,2,16,14,16.3,3,1,Granted,28.4
17/818402,2400,pph,large,lenient,3,31,16,4.2,2,0,Abandoned,10.4
17/945800,2100,pph,large,lenient,3,28,21,4.7,1,0,Granted,10.6
17/742382,2400,standard,small,lenient,2,32,17,18.8,1,0,Granted,24.3
17/862962,2100,standard,micro,moderate,5,33,9,29.8,3,1,Granted,42.8
17/996967,2600,standard,micro,strict,2,25,14,23.7,3,1,Granted,35.5
17/192019,3700,standard,small,strict,2,20,11,12.2,2,0,Abandoned,36.7
17/317061,3600,accelerated,micro,lenient,3,14,5,5.5,1,0,Granted,10.7
17/918474,1700,standard,large,strict,1,29,4,10.2,3,1,Granted,22.6
17/649404,1600,standard,micro,strict,3,16,15,34.9,3,1,Granted,46.1
17/803039,3700,standard,small,strict,3,29,4,17.2,2,0,Abandoned,42.5
17/813700,2100,standard,large,lenient,3,19,20,28.7,1,0,Granted,33.9
17/708960,2800,standard,micro,lenient,3,25,17,21.4,3,1,Granted,33.8
17/513545,2100,standard,micro,strict,2,12,22,25.9,1,0,Granted,29.6
17/922294,2600,standard,small,moderate,3,28,3,24.2,1,0,Granted,29.5
17/401159,2400,standard,micro,moderate,2,17,17,18.9,3,1,Granted,30.8
17/937964,2400,standard,large,strict,3,22,7,25.5,3,1,Granted,37.7
17/627234,2800,standard,large,moderate,2,13,14,13.2,4,2,Granted,29.6
17/261709,2100,standard,small,strict,2,22,19,30.6,1,0,Granted,37.1
17/148442,2800,standard,large,moderate,4,22,3,11.6,1,0,Granted,13.8
17/950758,1600,standard,large,moderate,2,13,1,17.7,3,1,Abandoned,25.9
17/447666,2400,standard,large,moderate,2,16,14,22.9,1,0,Granted,28.1
17/734185,2400,standard,small,moderate,3,13,1,22.5,2,0,Abandoned,28.7
17/816423,3600,standard,large,strict,2,16,26,26.5,1,0,Granted,33.5
17/101762,2400,standard,large,moderate,4,19,10,20.9,2,0,Abandoned,25.6
17/118460,2400,standard,small,moderate,1,26,17,19.8,3,1,Granted,32.1
17/445694,2600,standard,small,lenient,3,30,25,24.7,1,0,Granted,29.0
17/320626,2400,standard,large,moderate,2,22,23,27.7,1,0,Granted,34.0
17/820291,1700,standard,small,moderate,3,17,23,23.5,1,0,Granted,29.1
17/956460,3700,standard,large,moderate,3,19,17,27.7,1,0,Granted,34.7
17/412146,3700,pph,small,moderate,3,19,13,6.4,2,0,Abandoned,11.4
17/328449,1600,standard,small,strict,3,30,15,21.3,1,0,Granted,26.7
17/155990,2800,standard,large,moderate,3,17,15,13.4,3,1,Granted,26.1
17/321692,3600,pph,large,moderate,3,17,8,5.6,1,0,Granted,11.6
17/993572,1600,standard,large,moderate,3,31,2,27.7,3,1,Granted,39.4
17/380299,2100,standard,micro,moderate,4,24,20,16.0,1,0,Granted,22.0
17/177834,3600,standard,large,moderate,3,25,17,17.5,3,1,Granted,29.1
17/831269,2600,pph,small,lenient,3,22,29,7.4,1,0,Granted,12.7
17/161568,3600,pph,large,lenient,1,15,11,7.9,1,0,Granted,11.8
17/818795,2800,accelerated,small,strict,5,16,16,6.2,1,0,Granted,12.2
17/173472,2400,pph,large,moderate,3,24,11,5.8,3,1,Granted,18.2
17/639448,2400,pph,small,strict,3,21,25,6.8,3,1,Abandoned,15.4
17/277553,1600,standard,large,moderate,3,31,7,26.5,1,0,Granted,29.4
17/106074,2800,pph,small,strict,3,26,17,6.2,1,0,Granted,12.8
17/954095,2800,standard,large,strict,2,23,13,14.9,3,1,Granted,26.8
17/807508,2800,standard,large,moderate,3,17,7,17.8,3,1,Granted,30.6
17/409346,1600,trackOne,small,lenient,3,30,16,2.5,1,0,Granted,8.7
17/922536,2800,standard,small,lenient,3,17,11,18.6,3,1,Granted,32.3
17/898271,2100,standard,micro,strict,3,18,27,25.6,3,1,Abandoned,34.4
17/427841,2100,standard,large,moderate,3,27,16,20.1,3,1,Granted,32.4
17/228813,3700,standard,micro,moderate,3,22,12,17.7,1,0,Granted,23.2
17/113865,1600,trackOne,large,moderate,2,17,26,3.5,1,0,Granted,7.5
17/667401,2600,standard,small,lenient,2,31,25,21.3,2,0,Abandoned,26.1
17/930225,2800,standard,small,strict,1,27,11,18.3,1,0,Granted,23.9
17/247030,3600,standard,large,moderate,4,29,16,30.8,4,2,Abandoned,45.1
17/788721,2600,trackOne,large,moderate,3,33,18,3.9,1,0,Granted,9.6
17/954596,2600,accelerated,large,moderate,3,15,20,5.0,3,1,Abandoned,14.0
17/795071,2400,standard,large,moderate,4,19,11,29.3,3,1,Granted,40.8
17/465747,2600,standard,large,moderate,4,23,5,20.4,1,0,Granted,26.9
17/657840,1700,standard,small,moderate,3,14,14,17.2,3,1,Granted,29.9
17/190186,2100,standard,small,lenient,6,19,8,15.7,1,0,Granted,21.5
17/164666,2800,standard,small,moderate,3,27,16,10.8,1,0,Granted,14.3
17/581857,3600,standard,large,moderate,5,34,9,24.5,1,0,Granted,29.9
17/532243,3600,trackOne,large,lenient,3,21,29,5.0,1,0,Granted,8.4
17/332441,3700,trackOne,small,moderate,3,15,20,2.7,1,0,Granted,7.3
17/918530,2800,standard,large,moderate,4,31,31,19.9,3,1,Abandoned,28.9
17/859660,2100,pph,micro,strict,2,28,14,5.2,3,1,Abandoned,14.2
17/564597,2600,standard,large,strict,3,25,20,15.5,1,0,Granted,21.3
17/984401,1600,trackOne,large,lenient,3,28,22,4.1,1,0,Granted,10.6
17/626135,2600,standard,large,strict,3,17,28,18.1,2,0,Abandoned,23.7
17/509861,2600,standard,large,moderate,3,32,12,7.6,1,0,Granted,13.7
17/283575,3600,pph,micro,moderate,2,28,23,4.1,4,2,Abandoned,16.6
17/276101,2800,standard,large,strict,3,31,6,12.0,1,0,Granted,17.8
17/438738,2400,standard,large,strict,1,11,1,28.8,3,1,Abandoned,39.4
17/779072,2100,standard,small,lenient,2,20,25,10.5,1,0,Granted,15.5
17/526037,3700,standard,large,moderate,3,21,15,10.4,3,1,Granted,22.1
17/804525,3600,pph,small,moderate,3,21,9,6.2,1,0,Granted,12.6
17/884268,1600,standard,large,lenient,3,24,16,12.1,2,0,Abandoned,15.6
17/818213,2600,standard,large,lenient,5,31,14,23.4,1,0,Granted,28.7
17/570834,2400,accelerated,large,strict,3,29,23,4.0,1,0,Granted,10.6
17/620852,2100,standard,small,moderate,3,17,34,25.3,3,1,Granted,37.7
17/179889,2800,standard,small,moderate,3,18,15,8.7,1,0,Granted,11.9
17/182690,2100,standard,large,moderate,3,27,25,18.4,1,0,Granted,22.3
17/862488,2600,pph,large,moderate,1,22,1,7.7,3,1,Granted,19.6
17/913632,2100,standard,large,moderate,3,15,21,22.4,1,0,Granted,28.3
17/127326,2600,standard,small,moderate,4,28,8,13.9,1,0,Granted,16.6
17/648044,3700,trackOne,large,lenient,2,27,3,2.6,3,1,Abandoned,12.5
17/484621,1700,accelerated,small,moderate,3,33,39,4.2,1,0,Granted,11.0
17/305141,2800,standard,small,strict,3,25,10,21.7,2,0,Abandoned,26.4
17/265907,2800,accelerated,large,moderate,2,26,24,5.3,1,0,Granted,10.8
17/655812,1600,trackOne,large,moderate,3,17,11,4.1,1,0,Granted,9.4
17/256521,2600,standard,micro,strict,3,24,30,24.8,1,0,Granted,30.7
17/974004,2600,standard,large,moderate,6,20,3,27.3,1,0,Granted,33.4
17/928115,1700,standard,large,moderate,4,16,15,15.4,1,0,Granted,22.3
17/462450,2400,standard,large,lenient,2,12,22,17.3,1,0,Granted,23.5
17/251064,1700,standard,large,lenient,3,22,3,14.0,1,0,Granted,19.0
17/870632,3700,standard,small,moderate,2,23,10,19.1,1,0,Granted,25.5
17/550447,1600,pph,large,lenient,3,26,18,5.3,1,0,Granted,8.3
17/874328,2400,standard,large,strict,3,27,17,23.3,3,1,Granted,36.1
17/126798,3700,trackOne,large,moderate,6,29,22,3.4,1,0,Granted,9.4
17/313118,3700,trackOne,small,strict,3,27,22,3.5,3,1,Granted,15.9
17/177198,2100,standard,large,strict,3,27,22,15.8,1,0,Granted,20.8
17/547409,2400,standard,micro,lenient,3,21,26,20.2,1,0,Granted,22.2
17/754225,3600,pph,micro,moderate,3,21,7,5.1,1,0,Granted,10.7
17/133551,2800,accelerated,small,moderate,3,20,1,5.1,1,0,Granted,7.9
17/605502,2600,standard,large,moderate,1,30,11,17.9,2,0,Abandoned,23.3
17/201709,3700,standard,micro,moderate,3,17,6,15.7,3,1,Granted,28.2
17/566639,2800,standard,large,moderate,3,23,15,19.6,1,0,Granted,24.3
17/746137,3600,standard,small,moderate,2,18,27,24.9,4,2,Granted,41.4
17/333974,1600,standard,small,moderate,3,33,13,20.2,3,1,Granted,31.7
17/795387,1700,standard,small,lenient,1,22,17,23.5,1,0,Granted,29.5
17/610233,1600,standard,large,lenient,3,13,13,14.0,1,0,Granted,19.9
17/582117,2100,standard,small,moderate,1,25,22,29.0,4,2,Granted,44.6
17/688434,1600,standard,large,strict,3,18,15,27.7,2,0,Abandoned,33.0
17/514543,3600,standard,small,moderate,3,17,6,30.5,3,1,Granted,43.1
17/381694,2600,standard,small,lenient,4,34,15,17.8,3,1,Abandoned,26.9
17/732267,3700,standard,small,strict,4,33,5,16.9,1,0,Granted,23.1
17/551601,2400,standard,small,lenient,2,14,12,24.6,1,0,Granted,30.4
17/927538,2100,standard,small,strict,3,15,9,33.1,3,1,Granted,45.0
17/445399,2100,standard,large,strict,4,27,13,24.8,3,1,Granted,36.9
17/462228,2400,standard,small,moderate,6,17,11,19.2,1,0,Granted,26.8
17/643283,3600,trackOne,small,moderate,1,17,13,3.1,3,1,Granted,14.6
17/505616,2400,trackOne,micro,lenient,3,32,20,4.0,1,0,Granted,7.9
17/737758,3600,standard,micro,lenient,4,18,12,18.2,3,1,Granted,29.4
17/972310,2600,standard,small,moderate,3,25,27,14.6,3,1,Abandoned,23.5
17/360438,2800,standard,large,moderate,5,15,15,15.7,3,1,Granted,28.6
17/240649,2800,standard,large,moderate,3,27,8,10.3,1,0,Granted,15.2
17/116789,1600,accelerated,small,lenient,4,28,34,5.6,3,1,Granted,17.5
17/814208,2800,standard,large,strict,3,13,10,22.6,2,0,Abandoned,43.9
17/439899,2800,trackOne,small,strict,3,13,14,4.6,2,0,Granted,27.8
17/213116,2600,trackOne,small,strict,3,17,19,3.3,3,1,Granted,17.3
17/455624,3600,accelerated,large,strict,3,15,17,3.5,1,0,Granted,6.9
17/527227,2400,standard,large,moderate,1,13,18,18.6,1,0,Granted,24.9
17/166504,3600,standard,large,strict,3,24,17,34.9,2,0,Abandoned,39.1
17/869545,1700,standard,large,strict,5,22,16,22.8,3,1,Granted,35.0
17/175540,3700,standard,large,strict,3,25,20,24.4,1,0,Granted,29.1
17/208322,3600,standard,small,lenient,3,24,8,26.8,1,0,Granted,31.5
17/353613,3600,standard,large,lenient,3,29,20,20.9,3,1,Granted,33.3
17/454941,1600,standard,micro,moderate,4,31,19,24.5,4,2,Granted,42.2
17/481741,1600,standard,large,moderate,3,15,9,26.3,1,0,Granted,31.8
17/141866,1600,trackOne,large,moderate,5,25,18,2.5,1,0,Granted,7.6
17/277840,3700,standard,large,lenient,3,32,20,24.0,1,0,Granted,26.7
17/527455,1600,standard,large,moderate,1,26,14,20.0,1,0,Granted,26.7
17/472456,2600,standard,small,moderate,3,33,7,17.4,4,2,Abandoned,30.6
17/199809,2800,standard,small,moderate,6,29,25,12.2,1,0,Granted,18.2
17/152369,2600,standard,large,moderate,1,19,14,17.0,2,0,Abandoned,21.6
17/157244,2600,standard,small,moderate,5,27,9,19.0,1,0,Granted,22.3
17/806387,2600,standard,small,lenient,5,22,11,22.7,1,0,Granted,25.9
17/231229,2600,standard,micro,moderate,3,28,5,14.4,1,0,Granted,19.8
17/925497,2600,standard,small,lenient,3,28,19,19.8,3,1,Granted,31.8
17/331399,2100,standard,large,moderate,2,12,1,29.9,1,0,Granted,35.7
17/979463,3700,pph,micro,strict,3,25,14,6.5,1,0,Granted,13.3
17/490921,2600,standard,large,moderate,3,19,13,21.8,1,0,Granted,26.5
17/869600,2100,standard,large,strict,3,15,20,27.2,3,1,Granted,38.8
17/730207,2600,standard,large,lenient,3,16,27,23.2,3,1,Abandoned,33.0
17/105578,1600,standard,large,strict,4,28,13,34.2,3,1,Abandoned,42.3
17/643931,1600,standard,large,strict,2,12,14,25.0,2,0,Abandoned,31.5
17/691077,2100,standard,small,moderate,3,17,18,23.2,2,0,Granted,48.9
17/529929,3600,standard,large,strict,3,32,5,25.7,3,1,Abandoned,34.7
17/529748,3600,accelerated,large,strict,4,33,20,6.2,1,0,Granted,9.3
17/545163,2100,standard,small,moderate,5,32,11,27.2,3,1,Granted,39.0
17/899054,3700,standard,large,moderate,3,29,14,13.2,1,0,Granted,15.6
17/567940,1600,standard,large,moderate,3,13,23,21.2,1,0,Granted,28.2
17/789078,1600,standard,large,lenient,1,24,23,18.2,1,0,Granted,24.4
17/456133,3600,standard,large,moderate,1,22,29,26.5,2,0,Abandoned,57.3
17/385279,2800,standard,large,strict,3,22,28,20.3,1,0,Granted,22.2
17/260594,2800,standard,small,strict,4,33,25,16.4,4,2,Abandoned,30.0
17/324118,2400,standard,large,moderate,1,25,28,25.0,3,1,Granted,38.0
17/616662,2600,standard,large,moderate,6,21,12,24.1,2,0,Abandoned,30.3
17/122149,2600,standard,large,lenient,3,23,11,20.3,2,0,Abandoned,25.4
17/608113,1600,standard,small,lenient,2,30,17,19.7,1,0,Granted,26.2
17/955327,2800,trackOne,small,moderate,5,21,16,3.8,2,0,Abandoned,30.5
17/929599,2400,standard,large,moderate,3,21,24,19.7,3,1,Granted,31.3
17/369802,3700,standard,large,lenient,2,12,17,22.9,2,0,Abandoned,28.9
17/802005,2800,standard,large,moderate,2,17,17,20.9,3,1,Granted,33.8
17/981820,2100,standard,micro,lenient,1,29,13,13.8,3,1,Granted,25.1
17/197979,3600,standard,large,moderate,1,29,7,19.5,2,0,Granted,42.9
17/787136,3600,pph,micro,lenient,3,22,13,7.2,1,0,Granted,10.1
17/682369,2600,trackOne,large,moderate,3,16,15,2.9,1,0,Granted,10.3
17/153132,1600,standard,large,lenient,3,22,29,18.3,3,1,Abandoned,27.8
17/398040,2800,standard,large,strict,3,25,13,18.3,2,0,Abandoned,24.0
17/715468,2400,standard,large,strict,3,14,19,21.7,3,1,Granted,35.3
17/351522,2800,standard,large,moderate,3,13,1,19.6,2,0,Abandoned,44.6
17/865545,2400,standard,large,moderate,3,16,10,24.2,1,0,Granted,31.0
17/484702,2800,standard,small,strict,3,31,28,26.3,3,1,Granted,38.9
17/185243,3600,standard,small,strict,3,21,10,34.0,1,0,Granted,38.1
17/258252,2800,standard,large,moderate,3,19,18,16.6,2,0,Abandoned,36.1
17/611460,3600,trackOne,small,lenient,3,22,3,4.1,1,0,Granted,7.7
17/499305,1700,standard,large,moderate,6,22,24,17.8,3,1,Abandoned,28.0
17/752986,2600,standard,large,moderate,4,25,24,12.8,1,0,Granted,17.7
17/567975,3700,standard,small,moderate,3,16,16,14.4,3,1,Abandoned,24.0
17/393475,2400,standard,large,strict,2,12,17,20.8,2,0,Abandoned,26.5
17/478537,1600,standard,large,strict,3,33,12,33.1,1,0,Granted,38.3
17/646972,2800,standard,large,lenient,2,29,26,6.7,3,1,Abandoned,15.8
17/196400,2100,standard,large,strict,3,27,15,24.9,3,1,Granted,36.5
17/113835,2800,standard,small,strict,3,22,17,12.0,2,0,Abandoned,36.4
17/158884,3600,standard,micro,lenient,3,32,14,19.9,1,0,Granted,24.5
17/582829,2100,standard,large,moderate,3,21,13,16.4,1,0,Granted,21.6
17/509831,2400,standard,large,lenient,2,16,4,19.3,1,0,Granted,24.4
17/612688,1600,standard,large,moderate,3,17,3,15.2,3,1,Abandoned,24.2
17/638123,3600,standard,small,moderate,1,13,10,23.7,4,2,Granted,41.1
17/313394,2600,standard,large,strict,3,22,16,19.0,2,0,Abandoned,22.9
17/496405,2600,standard,small,moderate,6,31,13,14.9,1,0,Granted,19.1
17/499145,2800,standard,small,moderate,4,30,20,21.4,1,0,Granted,26.9
17/402951,3600,standard,small,strict,2,13,10,30.1,1,0,Granted,35.6
17/364617,3700,standard,large,moderate,3,19,20,14.3,3,1,Granted,27.2
17/453753,2400,standard,large,strict,2,20,7,22.4,2,0,Abandoned,26.8
17/747122,2800,trackOne,micro,lenient,3,28,20,4.0,3,1,Granted,15.8
17/879063,2100,trackOne,small,moderate,4,34,7,2.9,3,1,Granted,14.9
17/357814,3600,standard,large,moderate,3,13,1,22.8,2,0,Abandoned,51.0
17/552097,3600,pph,large,strict,3,31,23,4.0,1,0,Granted,7.1
17/124481,2400,standard,large,moderate,3,21,24,18.4,3,1,Granted,30.7
17/516344,1700,standard,large,moderate,3,18,20,16.2,1,0,Granted,23.2
17/568639,3600,standard,large,moderate,4,32,5,25.1,1,0,Granted,28.6
17/648566,1600,pph,large,lenient,4,16,9,6.2,1,0,Granted,9.7
17/915934,1600,standard,micro,strict,3,24,4,28.7,2,0,Granted,50.1
17/506021,2400,standard,small,strict,3,29,17,24.1,3,1,Abandoned,32.6
17/451971,3700,pph,micro,strict,5,25,15,5.1,1,0,Granted,7.6
17/154492,2600,trackOne,large,lenient,2,12,14,2.5,1,0,Granted,9.4
17/142239,2800,trackOne,small,lenient,4,27,16,3.2,1,0,Granted,6.8
17/830912,2600,standard,micro,strict,3,23,24,23.8,3,1,Granted,35.8
17/414881,3700,trackOne,small,moderate,3,26,9,3.8,3,1,Granted,16.7
17/268928,2400,standard,small,strict,2,22,25,33.5,3,1,Granted,45.3
17/635905,2800,trackOne,large,moderate,2,17,18,4.0,1,0,Granted,9.3
17/721722,3600,trackOne,large,lenient,3,30,20,4.0,1,0,Granted,9.7
17/551800,1600,standard,small,moderate,3,28,5,24.3,1,0,Granted,29.7
17/436123,3600,standard,small,lenient,3,15,18,25.9,1,0,Granted,31.9
17/670027,2400,standard,large,moderate,3,32,9,22.1,1,0,Granted,24.9
17/230756,2600,accelerated,small,moderate,4,15,9,4.5,2,0,Abandoned,10.2
17/560177,3600,standard,large,moderate,3,17,19,25.5,1,0,Granted,31.7
17/269523,2600,standard,micro,strict,3,17,18,24.9,2,0,Abandoned,30.5
17/634344,1700,standard,small,moderate,3,21,5,23.4,1,0,Granted,29.3
17/612829,2400,standard,large,lenient,3,33,11,18.7,1,0,Granted,23.9
17/507826,2100,standard,large,moderate,4,26,15,20.7,3,1,Granted,33.8
17/109336,1600,standard,small,moderate,3,32,5,21.0,2,0,Granted,53.6
17/430231,2100,standard,large,strict,5,20,12,30.4,1,0,Granted,36.3
17/821912,2400,standard,large,strict,3,13,13,20.8,3,1,Granted,32.3
17/142052,2600,trackOne,large,strict,3,18,18,3.4,1,0,Granted,6.3
17/877544,1600,standard,small,strict,2,15,18,34.1,3,1,Abandoned,42.9
17/413373,3600,standard,large,lenient,3,17,20,19.1,3,1,Abandoned,28.7
17/823398,2600,trackOne,large,lenient,3,30,7,2.5,3,1,Granted,15.3
17/954187,2600,standard,micro,moderate,2,31,15,18.0,1,0,Granted,23.7
17/726424,1600,standard,small,moderate,3,16,14,25.8,4,2,Granted,40.8
17/962614,2800,standard,large,moderate,3,18,16,16.8,3,1,Abandoned,25.6
17/774511,3600,standard,large,strict,2,12,1,32.2,1,0,Granted,40.1
17/276365,2100,standard,large,lenient,3,13,21,24.3,2,0,Abandoned,50.5
17/748356,3700,standard,large,strict,4,25,24,19.3,1,0,Granted,22.9
17/960242,1700,standard,large,lenient,3,31,20,32.5,3,1,Granted,44.3
17/173697,2100,standard,small,moderate,3,22,17,24.0,1,0,Granted,30.3
17/388089,2600,standard,large,lenient,3,16,25,19.9,1,0,Granted,22.7
17/424727,1600,standard,large,moderate,3,31,12,27.2,3,1,Granted,38.6
17/477588,2600,standard,large,moderate,2,31,1,17.6,2,0,Abandoned,23.4
17/724434,3700,standard,small,lenient,6,18,17,10.3,2,0,Granted,36.7
17/165566,1600,standard,large,moderate,4,34,13,19.0,3,1,Granted,31.8
17/304504,2100,standard,large,strict,3,24,12,28.4,3,1,Granted,41.0
17/856332,2600,standard,small,lenient,3,21,14,25.8,1,0,Granted,32.5
17/419609,3700,standard,micro,moderate,1,16,4,17.7,3,1,Granted,29.9
17/798330,2400,standard,small,moderate,3,13,11,28.4,4,2,Granted,44.5
17/288054,3700,standard,large,strict,3,16,19,24.4,3,1,Abandoned,33.2
17/428199,1700,standard,large,strict,3,30,11,18.1,1,0,Granted,24.1
17/165189,3700,standard,large,strict,2,26,24,23.0,3,1,Granted,34.4
17/504173,3600,standard,large,lenient,2,20,14,21.6,3,1,Abandoned,30.5
17/875295,1700,accelerated,large,moderate,3,32,14,3.9,3,1,Granted,16.8
17/921015,2400,standard,large,lenient,3,24,13,21.2,3,1,Granted,33.3
17/711207,2600,standard,small,lenient,2,16,18,20.1,1,0,Granted,23.4
17/449123,2400,pph,large,moderate,3,30,19,4.2,1,0,Granted,10.2
17/241096,1700,standard,large,strict,2,29,20,17.3,2,0,Abandoned,22.5
17/645864,2400,standard,large,moderate,3,23,3,21.3,2,0,Abandoned,25.4
17/349078,2800,standard,micro,moderate,3,20,18,13.1,3,1,Granted,24.2
17/710223,2100,standard,large,lenient,3,25,7,17.2,1,0,Granted,20.1
17/907753,2400,trackOne,small,moderate,3,27,22,3.0,2,0,Granted,32.3
17/976497,2100,standard,small,moderate,5,31,14,32.0,1,0,Granted,37.7
17/160039,1700,standard,small,moderate,4,14,13,25.8,2,0,Granted,46.4
17/120514,2600,standard,small,lenient,3,25,16,15.0,2,0,Abandoned,18.9
17/320121,2600,standard,large,strict,3,23,15,13.6,1,0,Granted,20.0
17/159572,2800,standard,large,lenient,3,32,13,18.5,1,0,Granted,24.4
17/674774,1700,trackOne,large,moderate,4,15,35,4.0,1,0,Granted,6.9
17/347129,3600,standard,small,moderate,2,31,15,31.8,1,0,Granted,37.2
17/293453,2800,standard,large,lenient,3,22,25,16.2,2,0,Abandoned,20.3
17/304101,2400,standard,small,lenient,3,19,9,21.1,1,0,Granted,24.0
17/576925,2100,standard,large,strict,4,33,1,21.2,3,1,Abandoned,29.0
17/872492,1600,standard,large,moderate,4,25,12,23.5,1,0,Granted,29.8
17/692244,3600,standard,small,strict,2,15,17,25.5,3,1,Granted,37.6
17/701490,3700,standard,small,strict,3,13,5,23.5,1,0,Granted,30.4
17/287587,2800,standard,small,moderate,4,26,20,11.0,1,0,Granted,16.6
17/548335,2800,standard,large,moderate,6,18,2,18.0,4,2,Abandoned,32.2
17/157604,3600,standard,large,moderate,4,23,9,22.6,3,1,Granted,33.3
17/856019,3700,standard,small,strict,3,24,24,23.2,3,1,Granted,34.9
17/506235,2600,pph,large,moderate,3,23,12,6.1,3,1,Granted,17.9
17/170536,3700,standard,large,moderate,3,23,1,19.0,1,0,Granted,25.1
17/454019,3700,standard,large,moderate,3,26,18,17.6,1,0,Granted,24.0
17/230862,3700,standard,large,lenient,3,27,14,26.8,1,0,Granted,32.4
17/839842,3700,standard,micro,moderate,3,32,13,18.7,3,1,Granted,30.8
17/245073,1600,accelerated,large,moderate,3,29,12,4.9,2,0,Abandoned,10.2
17/175842,3600,standard,small,lenient,5,34,11,28.1,2,0,Abandoned,33.2
17/127595,1700,standard,small,moderate,1,27,18,6.0,2,0,Abandoned,12.6
17/525283,2100,accelerated,small,strict,4,33,15,3.6,1,0,Granted,5.9
17/376482,3700,pph,large,lenient,3,29,13,5.9,1,0,Granted,12.7
17/792764,2800,standard,large,lenient,2,12,14,21.6,3,1,Granted,34.1
17/517146,3700,standard,micro,lenient,5,29,11,12.4,1,0,Granted,18.1
17/129363,3600,standard,small,lenient,3,23,1,18.3,1,0,Granted,24.0
17/370424,1600,standard,small,lenient,3,32,6,24.2,3,1,Granted,35.3
17/702217,2600,pph,large,lenient,2,17,32,4.6,3,1,Granted,18.0
17/115315,2400,standard,large,strict,3,31,8,26.0,3,1,Abandoned,36.1
17/405122,2600,standard,small,strict,3,29,6,25.2,1,0,Granted,31.0
17/266282,2400,standard,large,strict,3,28,3,28.4,3,1,Abandoned,36.8
17/799696,1700,standard,large,strict,2,12,20,16.3,3,1,Granted,27.6
17/899303,1600,standard,small,lenient,4,24,20,19.3,1,0,Granted,26.1
17/366050,3700,standard,large,moderate,3,21,13,17.0,1,0,Granted,22.3
17/545279,1600,trackOne,large,strict,3,15,15,3.3,1,0,Granted,8.6
17/421060,2800,standard,large,lenient,2,21,11,8.3,1,0,Granted,14.2
17/840059,1600,trackOne,micro,moderate,3,26,1,3.7,1,0,Granted,8.8
17/422667,1600,standard,small,moderate,3,22,13,17.8,2,0,Abandoned,24.0
17/853507,1600,standard,small,moderate,1,24,4,22.0,1,0,Granted,26.8
17/201705,1700,standard,small,moderate,3,13,1,22.4,1,0,Granted,25.6
17/351427,1700,standard,large,moderate,3,13,23,17.2,3,1,Abandoned,26.1
17/441405,1600,accelerated,large,lenient,1,29,12,3.5,1,0,Granted,5.9
17/239313,2600,pph,small,moderate,3,27,16,7.5,1,0,Granted,13.1
17/803914,2600,trackOne,small,strict,3,30,8,4.7,3,1,Abandoned,14.7
17/401531,2400,standard,small,moderate,3,18,20,20.4,1,0,Granted,25.6
17/320192,2800,standard,small,lenient,3,30,16,27.7,1,0,Granted,33.1
17/536451,1700,standard,small,moderate,5,25,16,22.6,1,0,Granted,27.7
17/648771,2100,standard,small,strict,1,16,10,28.6,1,0,Granted,33.9
17/907093,2400,standard,large,moderate,3,26,12,19.5,1,0,Granted,22.0
17/376327,2600,standard,large,lenient,3,22,17,16.4,2,0,Abandoned,22.6
17/508305,1700,standard,large,lenient,3,29,13,25.4,3,1,Granted,37.2
17/497253,2400,standard,small,lenient,3,28,21,17.8,1,0,Granted,23.0
17/516583,2800,standard,large,strict,4,14,20,20.8,3,1,Granted,33.0
17/841937,3700,standard,large,moderate,3,32,18,15.0,3,1,Abandoned,23.9
17/885841,2600,standard,small,lenient,4,25,1,21.1,1,0,Granted,26.6
17/727482,1700,standard,small,moderate,4,21,6,18.9,2,0,Abandoned,48.9
17/309900,2400,pph,large,moderate,3,13,10,5.9,2,0,Granted,35.5
17/363885,1700,standard,small,moderate,3,21,21,23.9,1,0,Granted,29.6
17/870086,1700,standard,small,moderate,3,32,7,17.5,1,0,Granted,23.9
17/608521,2800,standard,small,moderate,3,19,22,14.5,1,0,Granted,20.3
17/589435,2100,standard,large,strict,3,19,38,29.6,1,0,Granted,35.9
17/568647,1600,standard,large,lenient,3,15,25,17.1,1,0,Granted,21.3
17/275565,1600,trackOne,small,moderate,6,24,31,3.8,1,0,Granted,5.9
17/745460,1700,standard,large,lenient,4,16,9,17.0,1,0,Granted,22.6
17/320335,3700,standard,large,strict,3,28,13,28.2,2,0,Abandoned,56.4
17/912281,3600,standard,large,moderate,1,11,5,24.7,3,1,Granted,37.0
17/334487,2600,standard,small,lenient,6,35,13,19.0,1,0,Granted,24.1
17/827805,3700,standard,large,strict,3,29,14,20.3,3,1,Granted,32.8
17/943665,1600,pph,small,lenient,3,27,7,5.2,3,1,Abandoned,13.8
17/226670,2800,standard,small,moderate,2,21,11,11.3,3,1,Granted,24.2
17/503109,2400,standard,large,lenient,2,28,26,25.7,1,0,Granted,31.7
17/623073,3600,trackOne,large,lenient,3,26,24,3.2,1,0,Granted,6.0
17/293409,1700,standard,micro,moderate,3,22,5,11.1,2,0,Abandoned,15.3
17/777604,1600,standard,large,lenient,3,27,34,23.5,1,0,Granted,29.8
17/729878,3700,standard,large,moderate,4,29,10,23.3,2,0,Abandoned,29.5
17/114864,2600,standard,small,moderate,6,34,1,20.8,4,2,Granted,35.8
17/716484,2100,trackOne,large,moderate,1,17,7,2.5,3,1,Abandoned,12.8
17/767750,2800,trackOne,large,lenient,3,29,13,4.4,1,0,Granted,9.6
17/102516,3700,standard,large,moderate,3,33,11,20.6,1,0,Granted,26.2
17/235611,2800,trackOne,micro,moderate,4,24,3,5.0,1,0,Granted,11.5
17/946907,3600,standard,large,moderate,3,25,17,15.5,3,1,Granted,26.0
17/765077,3700,trackOne,large,moderate,3,17,16,2.5,1,0,Granted,5.2
17/221332,2600,pph,small,strict,3,23,15,5.3,3,1,Granted,18.4
17/853767,2800,trackOne,large,moderate,3,33,6,2.7,2,0,Abandoned,8.6
17/270825,3700,standard,large,lenient,3,20,12,21.3,3,1,Abandoned,29.8
17/116774,1600,trackOne,large,moderate,2,14,20,2.5,3,1,Granted,14.0
17/403287,1600,standard,large,lenient,2,29,11,18.1,3,1,Granted,31.5
17/670272,2800,standard,large,moderate,2,17,14,6.0,3,1,Abandoned,14.4
17/116265,1600,standard,small,lenient,3,24,12,21.6,2,0,Abandoned,49.8
17/906151,1600,trackOne,large,strict,1,13,12,5.1,1,0,Granted,7.7
17/898211,2600,standard,micro,strict,3,13,1,18.9,1,0,Granted,24.5
17/838447,2100,standard,large,moderate,3,13,21,19.6,1,0,Granted,24.8
17/756700,2400,standard,micro,strict,4,23,20,32.1,3,1,Granted,45.0
17/674904,2800,standard,large,strict,4,15,12,16.4,4,2,Granted,33.3
17/701187,2100,standard,small,strict,3,19,21,19.1,2,0,Granted,41.8
17/558992,2600,standard,micro,moderate,3,33,12,16.4,3,1,Granted,28.2
17/771898,2800,standard,large,lenient,4,24,14,10.9,1,0,Granted,16.6
17/760315,2600,standard,large,lenient,3,32,26,9.6,1,0,Granted,15.2
17/501652,1700,pph,large,moderate,4,26,20,4.0,3,1,Granted,16.0
17/374284,3600,standard,small,moderate,4,32,2,26.9,2,0,Abandoned,58.0
17/715656,2400,standard,large,lenient,3,22,10,17.0,2,0,Abandoned,23.3
17/834402,3700,standard,large,moderate,3,31,21,23.4,3,1,Granted,36.1
17/819616,3600,standard,large,moderate,3,22,13,23.6,2,0,Granted,58.8
17/757126,2100,standard,large,lenient,3,15,23,20.9,3,1,Granted,34.4
17/173947,3700,standard,small,moderate,1,29,17,18.7,3,1,Granted,31.1
17/627145,1600,standard,large,moderate,5,34,1,30.7,1,0,Granted,36.5
17/747437,2600,standard,small,moderate,3,30,18,17.9,3,1,Granted,30.6
17/453255,3600,standard,large,strict,4,29,18,31.7,3,1,Granted,43.2
17/317330,3700,standard,small,lenient,4,26,16,25.2,1,0,Granted,30.6
17/635281,3700,standard,large,moderate,3,31,17,14.7,1,0,Granted,21.6
17/964649,2800,trackOne,large,lenient,3,20,6,2.8,1,0,Granted,9.3
17/739299,2600,standard,micro,lenient,3,16,13,11.2,1,0,Granted,16.3
17/136467,2600,trackOne,small,lenient,3,17,13,3.2,3,1,Granted,15.0
17/622978,1600,trackOne,large,moderate,1,27,8,2.8,1,0,Granted,8.5
17/904914,2600,trackOne,small,lenient,1,20,14,4.4,2,0,Abandoned,10.2
17/906117,3700,standard,micro,lenient,3,33,24,18.1,1,0,Granted,20.7
17/492407,1700,standard,small,moderate,5,22,19,18.7,1,0,Granted,25.4
17/393224,2800,standard,small,lenient,4,29,12,19.1,1,0,Granted,22.0
17/594929,3700,pph,small,moderate,2,14,21,4.8,3,1,Granted,17.7
17/518182,2400,standard,large,moderate,3,25,20,22.5,1,0,Granted,25.5
17/477094,3700,standard,large,lenient,3,25,1,13.4,1,0,Granted,17.7
17/942003,1700,standard,large,moderate,1,12,5,9.5,1,0,Granted,12.4
17/118931,2100,standard,large,moderate,1,25,21,18.4,3,1,Abandoned,29.1
17/523030,1700,standard,large,lenient,2,28,22,10.1,1,0,Granted,16.2
17/219620,2600,standard,large,lenient,1,17,5,18.0,3,1,Abandoned,27.7
17/740055,3600,standard,small,moderate,3,16,20,34.4,2,0,Abandoned,39.9
17/126886,3700,standard,large,strict,3,14,15,26.4,2,0,Abandoned,31.6
17/941832,3600,standard,large,strict,3,21,13,23.5,1,0,Granted,30.4
17/805670,3600,standard,small,moderate,3,15,14,24.9,1,0,Granted,29.8
17/837161,3700,pph,large,moderate,3,19,20,6.8,1,0,Granted,9.6
17/904940,1700,standard,large,strict,3,32,27,19.0,1,0,Granted,23.9
17/534895,2600,standard,large,moderate,3,23,19,21.5,3,1,Granted,32.4
17/133547,3700,trackOne,large,strict,3,25,8,4.9,2,0,Granted,35.1
17/970487,2600,standard,large,lenient,2,24,11,20.1,3,1,Granted,33.0
17/934139,2800,standard,small,moderate,3,28,10,19.7,2,0,Abandoned,23.4
17/293486,3700,standard,micro,moderate,3,26,11,13.3,3,1,Abandoned,22.5
17/688001,2600,standard,large,moderate,6,29,31,25.9,3,1,Granted,38.7
17/801416,1700,standard,large,strict,4,22,17,28.4,2,0,Abandoned,59.2
17/429563,2400,standard,large,moderate,3,21,24,23.6,1,0,Granted,29.4
17/680391,1600,standard,large,lenient,2,13,18,26.1,1,0,Granted,32.1
17/716317,2400,standard,micro,moderate,6,31,19,20.1,1,0,Granted,23.2
17/579058,3600,standard,micro,moderate,3,21,15,28.0,3,1,Granted,40.2
17/565832,2800,standard,small,moderate,3,19,16,15.8,1,0,Granted,21.1
17/632382,2600,standard,small,moderate,3,19,5,15.4,1,0,Granted,21.3
17/933250,2100,standard,micro,lenient,3,29,12,24.5,1,0,Granted,30.5
17/602762,3600,standard,large,strict,4,15,9,31.3,3,1,Abandoned,39.4
17/784518,2800,standard,micro,moderate,3,29,8,16.4,1,0,Granted,21.6
17/760034,2400,standard,small,moderate,4,28,6,28.0,1,0,Granted,34.0
17/692310,1700,standard,small,lenient,2,15,7,24.8,1,0,Granted,30.9
17/277286,2400,standard,micro,strict,3,25,16,24.6,3,1,Abandoned,33.3
17/947391,1600,standard,large,lenient,3,13,5,20.9,2,0,Abandoned,26.8
17/490625,3600,standard,large,moderate,4,27,18,22.9,1,0,Granted,26.3
17/125464,3700,standard,large,moderate,3,29,4,26.3,2,0,Abandoned,56.8
17/210777,2400,standard,small,moderate,4,33,7,20.6,1,0,Granted,25.7
17/360990,2400,pph,large,strict,1,12,22,6.0,1,0,Granted,10.3
17/582162,2600,standard,small,moderate,3,33,10,16.5,1,0,Granted,22.6
17/687516,2800,standard,large,moderate,3,20,16,17.5,1,0,Granted,25.2
17/863722,3700,standard,small,strict,3,17,14,12.5,3,1,Abandoned,20.7
17/309227,1600,standard,large,strict,3,16,25,29.0,1,0,Granted,34.9
17/393686,2100,standard,small,lenient,3,18,7,17.1,1,0,Granted,22.0
17/271275,2100,standard,large,moderate,3,18,4,25.7,3,1,Abandoned,33.9
17/882720,2100,standard,large,lenient,2,18,27,20.0,1,0,Granted,25.8
17/220970,1700,standard,large,lenient,4,25,24,11.9,1,0,Granted,17.5
17/181546,2600,standard,small,lenient,5,15,13,7.8,1,0,Granted,14.2
17/798338,1600,trackOne,small,moderate,3,19,8,3.3,3,1,Granted,15.4
17/190574,1600,standard,small,moderate,3,19,14,28.9,1,0,Granted,34.0
17/948987,2400,standard,large,lenient,3,19,14,19.1,1,0,Granted,25.2
17/754887,1700,standard,large,moderate,3,15,18,17.4,3,1,Abandoned,27.8
17/536669,3700,standard,small,moderate,2,27,16,19.4,1,0,Granted,24.9
17/455956,1600,standard,large,moderate,3,28,1,21.3,3,1,Granted,33.5
17/639181,3700,standard,small,moderate,4,14,1,15.7,1,0,Granted,20.9
17/874414,2800,pph,small,lenient,1,12,12,4.7,3,1,Granted,16.8
17/339965,2400,standard,small,lenient,2,29,27,15.3,3,1,Granted,27.7
17/154303,2100,standard,large,lenient,1,20,12,19.6,1,0,Granted,23.4
17/296596,2400,standard,large,strict,4,20,14,25.4,1,0,Granted,30.4
17/366941,2800,standard,large,strict,4,32,1,20.2,1,0,Granted,25.8
17/582900,3600,pph,large,strict,6,35,37,7.5,1,0,Granted,10.5
17/670014,2400,pph,large,moderate,2,32,15,4.0,1,0,Granted,9.8
17/974717,2100,standard,small,lenient,3,28,17,14.6,4,2,Abandoned,27.3
17/830366,2400,standard,large,lenient,3,33,8,21.7,4,2,Granted,38.2
17/191305,1600,pph,small,strict,6,23,8,5.4,3,1,Granted,16.8
17/796599,1600,standard,large,moderate,2,20,21,23.2,3,1,Granted,36.6
17/632113,2800,standard,small,lenient,4,14,24,11.0,1,0,Granted,16.1
17/172900,2100,accelerated,small,lenient,3,32,2,5.3,3,1,Granted,18.0
17/356355,3600,accelerated,small,moderate,3,23,6,5.1,1,0,Granted,11.4
17/603168,1700,standard,large,lenient,3,24,20,25.1,2,0,Abandoned,31.2
17/918044,2400,standard,large,strict,2,12,1,20.2,1,0,Granted,25.9
17/712069,2400,standard,micro,lenient,3,24,25,20.5,1,0,Granted,26.2
17/298705,2400,standard,large,moderate,3,13,13,17.3,3,1,Abandoned,27.2
17/265874,2100,trackOne,large,lenient,2,12,15,2.5,1,0,Granted,8.8
17/557557,3700,standard,micro,moderate,3,19,1,23.8,1,0,Granted,28.9
17/871124,2400,accelerated,micro,moderate,3,25,11,4.3,1,0,Granted,10.9
17/707597,1600,standard,small,moderate,4,27,4,20.7,3,1,Granted,32.8
17/979443,3600,standard,small,moderate,2,25,9,27.6,1,0,Granted,33.7
17/120778,2100,standard,large,lenient,4,17,17,22.4,1,0,Granted,24.5
17/696368,2400,trackOne,small,strict,3,20,35,3.2,1,0,Granted,10.1
17/318904,2600,trackOne,large,moderate,6,17,19,2.5,1,0,Granted,6.2
17/803433,2100,standard,large,moderate,3,17,3,18.4,1,0,Granted,24.6
17/968577,2600,pph,large,moderate,4,24,6,6.3,1,0,Granted,9.7
17/170407,3600,standard,small,strict,2,15,20,31.1,1,0,Granted,37.4
17/699749,2600,standard,large,lenient,4,17,22,16.2,1,0,Granted,22.0
17/252297,3600,standard,small,lenient,3,16,13,27.8,3,1,Abandoned,37.7
17/201998,2600,standard,small,strict,1,15,21,21.6,2,0,Abandoned,27.5
17/720975,3700,standard,large,moderate,3,15,3,22.3,3,1,Abandoned,31.7
17/581257,1700,standard,large,moderate,3,30,1,16.9,2,0,Abandoned,23.2
17/966511,2600,pph,micro,lenient,3,22,8,4.9,1,0,Granted,11.4
17/535395,2400,standard,large,lenient,3,18,15,25.3,1,0,Granted,31.3
17/200493,2400,standard,large,moderate,4,16,14,18.1,3,1,Granted,29.9
17/273557,2600,standard,large,lenient,3,33,7,13.8,1,0,Granted,16.7
17/667140,3700,standard,large,strict,2,13,15,24.5,3,1,Abandoned,32.5
17/188889,2100,trackOne,large,lenient,3,24,9,3.8,1,0,Granted,6.1
17/183182,2800,standard,small,moderate,1,25,8,19.2,1,0,Granted,25.0
17/545503,1600,pph,small,moderate,3,27,19,6.8,1,0,Granted,12.5
17/980765,2600,trackOne,large,moderate,3,24,10,4.2,1,0,Granted,10.5
17/848406,2600,standard,large,moderate,3,24,23,19.1,3,1,Granted,30.3
17/782101,2800,standard,micro,moderate,3,22,18,12.0,1,0,Granted,14.8
17/684464,1600,pph,small,moderate,3,28,17,5.5,1,0,Granted,8.4
17/250884,3600,trackOne,large,moderate,1,16,11,3.0,4,2,Granted,18.4
17/553696,2600,standard,large,lenient,2,26,9,12.7,3,1,Granted,24.6
17/408125,2800,standard,large,strict,6,18,16,19.2,3,1,Granted,31.4
17/514637,3600,standard,large,lenient,3,27,18,27.5,1,0,Granted,32.4
17/857338,3600,trackOne,large,moderate,4,16,1,4.2,1,0,Granted,9.2
17/347252,1600,standard,small,lenient,4,16,9,10.7,1,0,Granted,16.6
17/440260,3700,standard,micro,strict,3,28,19,26.3,2,0,Granted,62.2
17/656472,2800,standard,micro,lenient,5,29,17,13.7,1,0,Granted,18.9
17/868612,3600,standard,large,lenient,3,20,22,29.6,3,1,Granted,43.0
17/524851,3700,standard,small,lenient,5,16,11,11.8,1,0,Granted,17.3
17/810132,1700,standard,large,moderate,2,19,4,15.9,1,0,Granted,22.2
17/397904,1700,standard,small,moderate,3,30,14,18.5,2,0,Abandoned,50.9
17/276532,2800,standard,large,lenient,1,28,16,19.6,1,0,Granted,25.1
17/884456,2800,trackOne,large,lenient,4,20,9,3.3,1,0,Granted,8.1
17/258297,1700,standard,large,strict,3,25,9,24.8,1,0,Granted,30.1
17/176716,3600,standard,micro,strict,3,31,22,32.4,1,0,Granted,38.6
17/449856,2800,standard,large,moderate,3,24,14,16.8,1,0,Granted,22.7
17/347025,1700,standard,large,moderate,3,31,14,14.5,3,1,Granted,25.7
17/322623,1700,standard,large,lenient,1,28,13,21.8,1,0,Granted,28.3
17/607204,1600,trackOne,small,moderate,3,20,21,4.3,1,0,Granted,9.1
17/831814,3600,standard,large,lenient,2,23,14,22.5,1,0,Granted,29.2
17/787660,2800,trackOne,large,lenient,3,23,16,4.3,1,0,Granted,9.5
17/574812,2400,accelerated,large,strict,4,17,11,4.4,1,0,Granted,10.4
17/855656,1600,standard,large,lenient,4,33,13,17.2,1,0,Granted,23.6
17/450147,1700,pph,small,moderate,2,24,22,8.7,3,1,Abandoned,18.1
17/786565,2600,standard,small,lenient,2,23,32,14.4,1,0,Granted,20.3
17/166517,2100,pph,large,strict,5,34,18,4.0,1,0,Granted,9.4
17/521341,1700,standard,micro,lenient,3,19,10,22.2,1,0,Granted,24.8
17/196577,3600,standard,large,moderate,3,19,24,31.2,1,0,Granted,36.3
17/309894,2600,standard,small,moderate,4,21,16,22.5,1,0,Granted,27.9
17/713175,1600,pph,large,moderate,3,26,23,4.9,1,0,Granted,10.4
17/821379,3600,pph,small,moderate,3,32,6,5.1,4,2,Abandoned,18.5
17/879153,2800,standard,large,strict,3,19,9,16.2,2,0,Abandoned,21.7
17/266083,1600,trackOne,small,lenient,3,29,15,3.8,1,0,Granted,9.8
17/221337,2100,standard,small,moderate,3,17,15,20.3,2,0,Abandoned,24.3
17/572200,1600,standard,small,moderate,3,29,11,24.7,2,0,Abandoned,53.7
17/169986,2100,standard,micro,lenient,6,33,13,18.5,3,1,Abandoned,27.8
17/852440,2600,standard,large,moderate,4,17,19,21.4,1,0,Granted,27.0
17/216130,2100,standard,large,lenient,1,23,3,19.8,3,1,Abandoned,28.7
17/616059,3700,standard,micro,moderate,3,19,13,25.4,1,0,Granted,32.0
17/263597,3700,standard,large,lenient,2,26,18,9.7,1,0,Granted,15.0
17/494800,1600,trackOne,large,lenient,5,29,21,3.7,1,0,Granted,9.5
17/922758,3700,standard,large,lenient,3,23,12,17.5,3,1,Granted,29.7
17/800113,2400,standard,large,moderate,5,35,25,17.7,3,1,Abandoned,26.2
17/675103,1600,trackOne,large,moderate,3,25,13,3.4,3,1,Granted,15.7
17/609564,3700,trackOne,small,strict,3,33,18,3.3,1,0,Granted,8.4
17/946764,1600,standard,large,moderate,3,23,28,17.8,1,0,Granted,24.0
17/255847,3600,pph,large,moderate,4,19,9,4.3,1,0,Granted,11.1
17/942680,3600,trackOne,large,moderate,3,24,9,5.3,1,0,Granted,10.8
17/914889,3700,standard,large,moderate,6,28,14,14.6,1,0,Granted,18.8
17/189775,2100,standard,large,moderate,3,13,12,20.3,1,0,Granted,26.5
17/861434,2800,trackOne,small,moderate,3,15,22,4.7,1,0,Granted,10.9
17/513693,3600,standard,micro,moderate,3,15,29,27.9,1,0,Granted,31.3
17/296319,2600,standard,large,strict,3,21,10,22.3,1,0,Granted,28.5
17/166904,2800,pph,large,moderate,3,27,14,4.7,3,1,Granted,16.1
17/684409,3600,accelerated,large,lenient,5,33,18,3.5,3,1,Granted,15.9
17/512982,3600,pph,large,moderate,3,17,11,6.6,2,0,Abandoned,12.2
17/252531,1700,standard,large,moderate,3,19,7,18.1,1,0,Granted,24.9
17/859976,2800,standard,large,lenient,3,31,15,16.9,1,0,Granted,19.8
17/794167,1700,trackOne,large,strict,3,22,20,3.0,2,0,Abandoned,33.8
17/987252,1600,standard,large,moderate,3,22,16,22.6,1,0,Granted,28.2
17/306578,2600,standard,large,moderate,3,26,21,19.1,1,0,Granted,24.3
17/969414,3600,standard,large,moderate,3,29,10,28.7,3,1,Granted,40.7
17/133736,2100,pph,small,moderate,3,18,7,4.8,3,1,Abandoned,14.4
17/980257,1600,standard,large,strict,2,15,30,18.3,1,0,Granted,25.3
17/631195,3600,standard,large,strict,3,19,2,37.0,3,1,Granted,50.3
17/785586,3700,pph,large,moderate,3,16,20,7.0,1,0,Granted,14.2
17/319361,2100,standard,small,moderate,6,30,10,25.7,1,0,Granted,32.0
17/960741,1700,standard,small,lenient,3,19,6,12.7,2,0,Granted,39.6
17/171758,1700,standard,large,moderate,3,20,3,6.0,1,0,Granted,10.2
17/671621,2600,trackOne,large,moderate,2,16,13,5.3,2,0,Abandoned,10.1
17/196665,2400,standard,small,lenient,3,15,19,21.3,2,0,Abandoned,25.9
17/857720,1700,standard,large,lenient,3,25,6,24.2,1,0,Granted,31.3
17/389334,3700,standard,large,lenient,3,24,3,18.6,1,0,Granted,24.2
17/721369,1700,pph,large,moderate,3,33,30,5.3,1,0,Granted,10.4
17/526366,1600,standard,small,moderate,3,33,32,17.7,1,0,Granted,23.7
17/320858,2800,standard,micro,lenient,2,26,15,12.0,1,0,Granted,18.2
17/654957,2100,standard,large,moderate,3,27,12,34.3,3,1,Abandoned,44.8
17/702523,2400,standard,large,strict,3,32,15,28.1,3,1,Abandoned,37.4
17/873466,3600,standard,large,lenient,1,16,18,24.4,3,1,Granted,36.1
17/176098,3600,standard,small,moderate,4,26,8,31.5,1,0,Granted,36.7
17/474539,2400,standard,large,moderate,3,27,2,22.1,2,0,Abandoned,27.5
17/672747,2600,standard,large,lenient,1,27,22,21.0,2,0,Abandoned,49.7
17/527000,3700,standard,small,lenient,4,30,14,20.9,1,0,Granted,23.6
17/282329,2800,standard,large,lenient,3,20,7,25.5,1,0,Granted,31.4
17/645180,3700,trackOne,large,strict,3,17,1,3.4,2,0,Abandoned,37.2
17/862478,2600,standard,small,lenient,3,32,11,9.9,1,0,Granted,15.9
17/833420,1700,standard,micro,strict,3,28,13,21.0,1,0,Granted,27.3
17/306822,1600,standard,small,lenient,3,21,5,19.8,1,0,Granted,25.0
17/973047,2600,standard,small,lenient,2,27,4,24.7,3,1,Abandoned,34.4
17/716531,2400,trackOne,small,strict,3,18,23,4.7,3,1,Abandoned,14.8
17/161694,2600,pph,small,moderate,4,32,21,6.8,3,1,Granted,18.9
17/271994,2600,standard,small,moderate,3,30,16,21.8,3,1,Granted,34.0
17/855828,2800,standard,small,lenient,3,25,1,18.1,3,1,Abandoned,27.3
17/436445,2600,standard,large,moderate,6,34,1,18.6,1,0,Granted,25.7
17/544519,2800,standard,large,moderate,3,13,11,14.9,1,0,Granted,20.5
17/569734,2400,standard,large,strict,3,13,4,23.9,3,1,Granted,35.9
17/515336,3700,standard,micro,moderate,2,28,16,19.2,1,0,Granted,25.5
17/845680,2400,standard,large,lenient,3,29,9,16.2,1,0,Granted,19.5
17/695442,2600,standard,large,strict,3,24,4,29.8,1,0,Granted,35.3
17/778693,1600,standard,small,lenient,3,22,2,19.5,1,0,Granted,26.4
17/908470,3700,standard,small,lenient,3,30,8,16.8,3,1,Abandoned,25.4
17/573821,2400,standard,large,moderate,3,17,21,22.2,1,0,Granted,28.6
17/486366,1600,standard,large,moderate,4,28,8,30.8,4,2,Granted,48.3
17/261760,2600,standard,small,lenient,3,15,7,21.1,1,0,Granted,27.4
17/492421,2100,pph,large,moderate,4,14,15,6.4,3,1,Abandoned,16.5
17/420306,2800,pph,small,lenient,2,20,26,7.9,1,0,Granted,10.1
17/495290,1700,standard,large,moderate,3,28,12,17.4,1,0,Granted,19.8
17/820708,1600,trackOne,micro,strict,2,25,14,2.8,3,1,Granted,14.3
17/960427,2800,accelerated,small,moderate,3,21,29,5.1,1,0,Granted,12.2
17/579360,1600,accelerated,small,moderate,3,21,16,5.8,3,1,Granted,19.0
17/930673,2400,standard,small,strict,2,26,30,24.9,3,1,Granted,37.2
17/267938,1600,standard,small,moderate,4,14,8,22.3,3,1,Abandoned,30.9
17/409435,3600,standard,large,strict,3,21,16,27.8,1,0,Granted,33.1
17/993994,3600,standard,large,lenient,3,13,5,24.7,1,0,Granted,28.3
17/325036,2600,trackOne,small,lenient,3,21,23,3.4,1,0,Granted,6.3
17/781580,2100,trackOne,large,lenient,1,24,15,3.1,1,0,Granted,8.9
17/228224,2800,trackOne,large,strict,3,14,8,4.7,1,0,Granted,9.3
17/889883,1700,standard,large,moderate,3,26,13,14.5,2,0,Abandoned,19.2
17/807325,3600,standard,small,moderate,3,26,5,23.7,1,0,Granted,29.6
17/382031,1600,standard,small,moderate,3,18,21,23.5,3,1,Granted,35.3
17/954739,2800,standard,large,moderate,3,14,10,9.4,1,0,Granted,16.4
17/960592,2400,standard,small,strict,3,22,19,21.8,3,1,Granted,34.2
17/891767,1600,trackOne,large,strict,3,22,23,2.9,1,0,Granted,8.8
17/439317,3700,standard,small,strict,3,24,10,23.0,2,0,Abandoned,29.2
17/395693,1700,standard,large,moderate,5,35,13,23.3,1,0,Granted,29.3
17/509769,3700,standard,large,lenient,1,17,22,19.0,1,0,Granted,21.9
17/583630,2400,pph,small,lenient,5,32,11,4.0,1,0,Granted,6.0
17/656570,2800,standard,small,lenient,3,15,12,15.9,1,0,Granted,22.0
17/488399,2800,standard,large,moderate,2,12,24,16.1,1,0,Granted,21.0
17/535972,1600,standard,small,moderate,3,20,28,16.5,1,0,Granted,22.7
17/755585,1600,standard,large,moderate,4,18,7,22.3,3,1,Abandoned,30.6
17/492695,1700,standard,large,strict,4,21,16,21.8,1,0,Granted,28.3
17/344724,1700,standard,small,strict,4,33,7,24.8,2,0,Abandoned,30.4
17/395389,3600,standard,large,moderate,4,16,16,18.3,3,1,Granted,30.7
17/661300,3700,standard,large,moderate,4,18,1,21.2,3,1,Granted,34.4
17/299749,1700,standard,large,lenient,4,32,31,16.0,3,1,Abandoned,24.4
17/275635,3600,standard,small,moderate,3,19,2,21.0,1,0,Granted,28.0
17/745489,2400,standard,large,moderate,3,30,23,25.2,1,0,Granted,31.1
17/846038,1600,standard,large,moderate,3,17,23,26.8,3,1,Granted,37.8
17/231788,3700,standard,small,moderate,6,27,12,10.6,3,1,Granted,23.2
17/371816,3600,standard,large,strict,2,26,19,30.1,3,1,Granted,43.3
17/728110,1700,standard,small,moderate,3,20,18,19.9,2,0,Granted,51.4
17/182458,1600,pph,small,strict,3,21,21,6.0,1,0,Granted,9.2
17/777948,3700,standard,large,lenient,3,22,1,13.6,1,0,Granted,20.1
17/618647,2100,standard,small,moderate,3,33,11,22.4,1,0,Granted,28.7
17/242215,3600,standard,large,moderate,4,28,5,28.7,3,1,Granted,41.5
17/282201,2600,standard,large,lenient,2,20,3,16.5,1,0,Granted,21.6
17/837899,3700,standard,small,strict,2,13,15,29.4,2,0,Granted,55.6
17/306335,3600,standard,large,moderate,3,21,21,24.1,1,0,Granted,26.9
17/465828,3600,standard,large,lenient,3,15,27,20.3,1,0,Granted,26.0
17/149518,2600,standard,large,moderate,6,30,29,13.9,1,0,Granted,19.6
17/644600,3600,standard,small,strict,3,20,5,25.4,1,0,Granted,31.0
17/580929,1700,standard,small,strict,5,29,26,18.2,3,1,Granted,31.6
17/317126,1600,pph,small,moderate,3,28,23,6.1,1,0,Granted,9.3
17/842456,2100,standard,small,moderate,3,27,25,28.7,2,0,Abandoned,54.6
17/599119,3600,pph,small,moderate,3,19,21,5.6,1,0,Granted,10.4
17/860430,3600,standard,large,moderate,3,17,19,25.2,1,0,Granted,32.1
17/193580,3700,standard,small,strict,2,22,16,22.9,3,1,Granted,36.1
17/429716,3600,standard,large,moderate,3,21,21,19.6,3,1,Granted,31.6
17/715548,3600,standard,large,strict,3,22,17,26.5,2,0,Abandoned,32.0
17/361345,3700,standard,small,moderate,3,26,14,16.9,3,1,Granted,28.6
17/249804,2100,standard,small,strict,4,31,7,18.2,3,1,Granted,29.5
17/299829,1700,trackOne,large,moderate,3,18,1,3.5,1,0,Granted,9.7
17/409617,2100,pph,small,strict,4,27,18,5.9,1,0,Granted,12.0
17/562186,3600,standard,small,moderate,3,15,21,26.8,2,0,Abandoned,32.6
17/356897,3700,standard,large,lenient,3,26,13,15.1,1,0,Granted,21.3
17/525153,3600,standard,micro,strict,2,22,22,29.1,4,2,Granted,44.8
17/474074,1700,standard,large,strict,2,23,22,26.7,1,0,Granted,29.5
17/337730,1700,standard,large,lenient,4,28,21,19.9,1,0,Granted,26.5
17/124166,3700,trackOne,large,lenient,3,30,27,3.3,1,0,Granted,6.6
17/703778,2400,standard,small,strict,4,27,19,18.5,3,1,Granted,29.9
17/827159,3700,trackOne,large,moderate,6,35,20,4.2,3,1,Granted,16.9
17/874498,2400,standard,small,lenient,3,23,26,21.4,1,0,Granted,27.8
17/621985,3600,pph,small,moderate,4,16,14,6.2,1,0,Granted,10.6
17/948191,2100,standard,large,lenient,3,24,23,20.4,1,0,Granted,25.6
17/878770,3600,standard,small,lenient,3,19,2,27.1,2,0,Granted,46.5
17/432525,1700,trackOne,small,strict,1,23,16,4.1,2,0,Abandoned,10.3
17/388149,2600,standard,large,strict,1,22,13,18.0,1,0,Granted,23.7
17/683214,2800,standard,large,moderate,4,20,16,19.5,3,1,Abandoned,29.3
17/576909,2600,standard,large,moderate,3,14,8,19.4,2,0,Abandoned,24.5
17/957694,2400,standard,small,moderate,3,25,5,25.9,3,1,Granted,38.1
17/768168,1600,standard,small,moderate,3,23,12,23.8,2,0,Abandoned,28.6
17/744429,2800,trackOne,micro,strict,3,31,15,3.1,2,0,Abandoned,8.2
17/100055,2800,standard,micro,moderate,3,18,15,6.5,1,0,Granted,12.4
17/872882,2400,standard,large,moderate,1,15,10,16.9,1,0,Granted,22.9
17/915764,2100,standard,large,strict,5,17,21,18.1,1,0,Granted,23.8
17/583288,3700,standard,large,moderate,2,21,15,13.3,2,0,Abandoned,20.2
17/744150,2100,pph,micro,lenient,3,23,16,4.3,1,0,Granted,7.5
17/212952,2100,pph,small,lenient,2,13,24,4.1,3,1,Granted,16.1
17/967636,1600,standard,large,strict,3,14,14,25.6,3,1,Abandoned,34.9
17/700065,2100,standard,large,moderate,3,14,20,26.0,2,0,Granted,46.0
17/798925,2600,pph,small,moderate,3,14,17,5.9,1,0,Granted,12.2
17/169769,1600,standard,small,lenient,3,21,11,19.5,1,0,Granted,26.1
17/718287,1600,standard,large,strict,3,27,43,23.6,1,0,Granted,29.7
17/295518,3700,standard,small,lenient,3,28,13,8.8,3,1,Granted,21.4
17/779604,3700,standard,small,moderate,3,14,7,13.8,1,0,Granted,19.5
17/717470,2600,standard,large,moderate,3,26,13,16.7,2,0,Granted,40.6
17/985964,2600,standard,large,lenient,3,26,24,13.1,3,1,Granted,26.8
17/841159,2600,standard,large,lenient,5,27,20,14.4,3,1,Granted,26.8
17/270677,1600,standard,small,moderate,3,30,32,23.5,1,0,Granted,30.0
17/211760,1600,standard,large,moderate,4,33,10,21.5,3,1,Granted,34.4
17/971653,1700,standard,large,moderate,4,33,24,26.0,3,1,Granted,38.9
17/956296,1600,standard,small,moderate,3,22,26,24.5,2,0,Abandoned,30.1
17/682954,3700,standard,large,moderate,1,21,14,24.2,1,0,Granted,27.7
17/244426,1700,trackOne,micro,lenient,4,15,10,2.9,1,0,Granted,8.9
17/630505,2600,standard,large,moderate,2,31,20,19.4,2,0,Abandoned,25.2
17/842598,3700,standard,small,lenient,4,25,12,8.2,1,0,Granted,14.7
17/634358,1600,standard,large,moderate,2,26,8,23.5,2,0,Abandoned,29.6
17/664373,2800,standard,large,moderate,4,17,25,10.7,3,1,Granted,23.4
17/518122,2800,standard,small,strict,2,29,5,12.9,2,0,Abandoned,18.2
17/546940,2600,standard,large,moderate,3,13,29,15.8,1,0,Granted,22.1
17/593992,3600,standard,small,lenient,3,33,19,20.0,1,0,Granted,25.3
17/615935,1700,standard,large,moderate,3,26,22,14.1,2,0,Granted,43.9
17/349898,2100,standard,micro,moderate,3,19,18,20.3,3,1,Granted,33.8
17/753227,1700,standard,large,moderate,3,18,13,21.2,1,0,Granted,27.0
17/962337,2600,standard,small,strict,4,20,1,25.2,1,0,Granted,30.2
17/115481,3700,pph,large,moderate,4,24,10,4.6,1,0,Granted,9.9
17/732291,2800,trackOne,large,lenient,3,28,7,4.1,1,0,Granted,7.5
17/674687,3600,trackOne,small,lenient,4,27,13,3.3,1,0,Granted,8.4
17/628071,2100,accelerated,large,moderate,3,14,17,4.7,1,0,Granted,6.8
17/133222,3600,standard,large,lenient,3,21,15,19.5,1,0,Granted,24.9
17/979873,2600,standard,micro,lenient,3,31,18,9.6,3,1,Granted,22.3
17/416402,3700,standard,large,strict,3,31,9,19.1,1,0,Granted,24.7
17/425229,1700,accelerated,large,strict,3,32,2,4.8,3,1,Granted,17.9
17/770610,2600,pph,large,strict,3,30,21,5.3,1,0,Granted,10.6
17/768978,2100,pph,large,lenient,3,33,6,6.3,1,0,Granted,11.7
17/291443,1600,standard,small,strict,3,19,16,27.5,1,0,Granted,31.7
17/193161,1700,standard,large,moderate,3,22,1,18.6,1,0,Granted,24.0
17/443723,2600,standard,micro,moderate,3,21,7,18.6,2,0,Abandoned,23.0
17/807626,3700,standard,small,lenient,2,29,23,21.8,1,0,Granted,27.9
17/505642,2400,standard,small,moderate,3,15,15,18.7,1,0,Granted,24.6
17/845662,2100,standard,large,moderate,3,22,6,22.4,1,0,Granted,29.0
17/778768,2800,standard,small,moderate,4,15,20,15.5,1,0,Granted,19.5
17/940810,2100,standard,large,moderate,3,33,1,21.2,1,0,Granted,26.6
17/912859,1700,standard,small,lenient,3,18,7,17.5,1,0,Granted,22.5
17/872914,2800,trackOne,small,strict,5,34,8,4.5,2,0,Abandoned,28.3
17/498524,3700,standard,micro,moderate,3,13,18,14.5,1,0,Granted,21.2
17/813187,2800,standard,micro,moderate,3,23,6,15.3,1,0,Granted,20.8
17/814772,1600,standard,large,strict,3,30,23,21.1,3,1,Abandoned,28.7
17/999768,1700,trackOne,small,lenient,6,34,6,2.6,1,0,Granted,9.5
17/747080,2400,accelerated,small,moderate,3,13,19,5.1,2,0,Abandoned,10.2
17/246680,1700,standard,small,moderate,3,15,6,18.1,3,1,Granted,29.7
17/967279,1600,standard,large,strict,3,19,5,23.9,3,1,Abandoned,32.8
17/395779,2400,standard,small,strict,3,21,9,25.3,3,1,Granted,35.7
17/732872,2400,standard,micro,strict,2,30,17,23.0,1,0,Granted,26.2
17/723748,2100,standard,large,moderate,3,27,17,20.2,1,0,Granted,26.1
17/727891,1600,standard,large,moderate,3,25,20,16.1,2,0,Abandoned,21.3
17/511425,3700,standard,small,moderate,3,21,24,17.0,3,1,Abandoned,26.0
17/127736,2400,standard,large,strict,5,22,17,21.8,1,0,Granted,27.3
17/549760,2400,standard,small,lenient,3,24,5,24.0,1,0,Granted,29.7
17/748931,2400,standard,micro,strict,3,13,19,29.9,1,0,Granted,34.1
17/266655,2400,standard,small,moderate,3,20,17,24.5,1,0,Granted,29.7
17/253027,2400,standard,large,lenient,2,29,4,20.7,3,1,Granted,33.1
17/912886,2400,standard,small,moderate,3,20,18,24.5,1,0,Granted,30.5
17/596409,2100,standard,small,moderate,3,24,8,28.7,1,0,Granted,33.6
17/946524,2400,standard,large,moderate,6,30,9,19.5,1,0,Granted,25.4
17/282605,2600,trackOne,small,moderate,3,20,13,4.3,1,0,Granted,9.7
17/678596,2400,standard,micro,moderate,3,28,18,16.4,2,0,Abandoned,23.4
17/691424,2100,standard,micro,moderate,3,19,9,20.2,2,0,Abandoned,24.4
17/150500,3600,standard,large,moderate,3,15,16,21.8,1,0,Granted,28.8
17/564510,2100,standard,small,moderate,3,18,18,17.7,2,0,Abandoned,41.7
17/420518,3700,standard,large,lenient,3,30,20,17.5,1,0,Granted,22.5
17/312353,1600,trackOne,large,moderate,3,24,25,4.4,3,1,Granted,17.7
17/777785,2800,trackOne,large,strict,5,20,28,4.1,4,2,Granted,21.0
17/448007,2800,standard,large,strict,3,30,15,19.0,2,0,Abandoned,24.3
17/976868,3600,standard,large,moderate,4,22,15,21.7,3,1,Granted,33.8
17/772398,2800,standard,large,lenient,3,23,26,17.5,1,0,Granted,22.2
17/841041,2800,standard,large,lenient,4,21,13,8.2,3,1,Granted,21.0
17/207183,2100,standard,small,moderate,3,15,11,22.2,3,1,Abandoned,32.1
17/197432,2400,standard,large,lenient,1,11,11,19.2,1,0,Granted,21.8
17/504105,1600,standard,large,lenient,3,30,28,22.7,1,0,Granted,27.4
17/350434,1700,trackOne,large,moderate,3,25,10,3.4,3,1,Granted,15.6
17/398737,2400,standard,large,strict,2,25,19,26.4,2,0,Abandoned,31.3
17/993116,2600,standard,small,moderate,4,27,14,18.1,1,0,Granted,23.9
17/907131,1700,standard,small,moderate,2,28,1,18.7,1,0,Granted,21.2
17/586930,2800,accelerated,small,lenient,3,24,11,5.4,1,0,Granted,12.1
17/881939,1700,standard,small,lenient,4,18,7,20.2,2,0,Granted,45.2
17/625321,3600,standard,small,moderate,3,13,3,24.3,1,0,Granted,29.6
17/378073,3700,standard,large,lenient,2,24,25,14.6,1,0,Granted,18.2
17/181198,2100,standard,micro,moderate,3,23,17,22.7,1,0,Granted,25.3
17/615965,2800,standard,large,strict,4,32,20,20.9,1,0,Granted,26.1
17/674041,1600,trackOne,small,moderate,2,28,18,3.5,3,1,Granted,15.4
17/912343,3700,standard,small,strict,3,33,17,18.5,2,0,Abandoned,24.2
17/895555,2400,standard,micro,strict,3,20,16,20.5,1,0,Granted,26.7
17/749851,3600,standard,large,strict,3,13,1,33.1,3,1,Granted,46.7
17/276437,2100,trackOne,large,strict,2,32,11,3.5,1,0,Granted,9.4
17/557444,2100,trackOne,large,strict,3,14,10,3.0,3,1,Granted,14.1
17/415875,2600,standard,large,strict,4,14,18,22.4,2,0,Granted,44.3
17/767136,3600,standard,large,moderate,3,32,14,26.1,1,0,Granted,28.5
17/264810,3600,standard,large,moderate,3,33,23,23.3,2,0,Abandoned,28.0
17/796085,3600,pph,small,lenient,2,27,1,7.1,2,0,Abandoned,12.7
17/547449,1700,standard,small,moderate,3,19,9,22.3,1,0,Granted,29.5
17/811771,2100,accelerated,micro,lenient,3,27,19,5.4,3,1,Abandoned,14.7
17/742425,3600,standard,micro,strict,3,20,13,30.5,3,1,Granted,43.4
17/292233,3600,standard,large,lenient,3,20,12,23.6,3,1,Granted,35.8
17/540317,1700,standard,micro,moderate,3,21,13,15.3,3,1,Granted,28.2
17/557827,2100,standard,small,moderate,3,19,6,21.2,1,0,Granted,26.4
17/422642,3700,standard,large,moderate,4,23,10,16.4,1,0,Granted,22.3
17/934624,3600,standard,large,moderate,5,32,11,29.9,1,0,Granted,35.4
17/165826,2100,standard,small,moderate,3,19,24,22.7,2,0,Abandoned,48.8
17/692647,1600,standard,large,moderate,3,30,6,22.9,1,0,Granted,28.7
17/365486,2400,standard,small,moderate,3,18,21,17.8,1,0,Granted,23.8
17/708117,1600,standard,small,lenient,3,30,10,27.8,1,0,Granted,33.8
17/900278,3700,trackOne,small,moderate,3,31,34,4.6,1,0,Granted,10.7
17/928855,3700,standard,large,moderate,2,16,2,13.6,3,1,Granted,26.6
17/204609,1600,standard,large,moderate,3,15,16,26.4,1,0,Granted,32.3
17/151476,3700,standard,large,strict,3,20,6,15.5,3,1,Granted,29.3
17/138624,1600,standard,large,lenient,3,22,24,13.5,3,1,Granted,25.3
17/891630,3600,standard,large,lenient,6,33,15,23.7,1,0,Granted,30.4
17/716811,3700,standard,small,lenient,3,19,4,18.9,1,0,Granted,25.6
17/164438,2100,trackOne,large,lenient,3,33,30,2.8,1,0,Granted,5.4
17/460106,1600,standard,small,moderate,3,20,24,18.0,3,1,Granted,31.3
17/484188,2400,standard,small,moderate,2,27,6,19.2,3,1,Granted,32.8
17/819105,2600,standard,small,moderate,4,18,27,20.9,1,0,Granted,28.2
17/445686,2100,standard,small,lenient,2,21,14,19.9,3,1,Granted,32.5
17/214260,2400,standard,small,strict,5,33,10,30.7,2,0,Abandoned,35.5
17/345476,2600,standard,large,moderate,4,17,15,14.0,3,1,Granted,26.6
17/674924,3700,standard,small,moderate,3,18,27,17.8,3,1,Abandoned,27.0
17/790893,2400,pph,micro,moderate,3,33,20,5.2,3,1,Granted,16.7
17/959848,2600,standard,large,strict,3,30,14,23.4,1,0,Granted,29.4
17/297535,1600,standard,small,moderate,2,21,5,24.8,1,0,Granted,30.4
17/815374,1700,standard,large,lenient,3,24,23,21.0,1,0,Granted,26.5
17/403493,2800,standard,small,strict,4,33,18,19.8,1,0,Granted,25.6
17/967731,1600,standard,large,lenient,5,33,16,24.9,3,1,Granted,36.1
17/607434,2600,standard,large,moderate,4,17,23,19.9,1,0,Granted,26.4
17/859315,3600,standard,large,moderate,4,21,12,23.9,3,1,Abandoned,32.3
17/949875,1600,standard,large,strict,3,14,6,19.6,2,0,Granted,50.5
17/725282,2400,standard,small,moderate,3,24,21,12.4,2,0,Abandoned,17.3
17/585573,2600,standard,large,lenient,3,29,16,13.6,1,0,Granted,16.6
17/585249,2100,standard,small,lenient,4,20,13,14.2,3,1,Abandoned,24.3
17/437349,2800,standard,large,moderate,3,33,29,18.2,1,0,Granted,20.6
17/394881,3600,standard,large,lenient,3,17,14,28.6,3,1,Granted,40.6
17/670779,1700,standard,large,moderate,4,28,7,18.0,1,0,Granted,23.3
17/686320,3600,standard,small,moderate,3,32,29,18.9,3,1,Granted,30.3
17/485612,1600,standard,large,moderate,3,22,8,22.3,1,0,Granted,27.8
17/857249,2100,standard,large,moderate,3,27,13,16.4,3,1,Granted,28.6
17/890167,3700,standard,large,moderate,4,17,20,21.8,3,1,Granted,33.9
17/615117,2400,standard,large,lenient,3,23,11,15.7,1,0,Granted,20.9
17/147081,1700,standard,micro,moderate,3,13,8,14.6,2,0,Abandoned,46.0
17/714552,2100,standard,small,lenient,3,32,1,20.6,1,0,Granted,26.7
17/650588,1600,standard,large,lenient,3,25,18,24.2,1,0,Granted,30.1
17/795534,2800,standard,large,moderate,3,13,12,15.9,2,0,Abandoned,44.4
17/993664,2100,standard,large,lenient,3,18,13,18.1,1,0,Granted,20.2
17/947440,1700,standard,micro,lenient,2,13,20,22.1,3,1,Granted,35.7
17/435207,1600,standard,large,moderate,3,21,26,21.3,4,2,Granted,36.3
17/320882,2800,standard,small,moderate,1,21,9,16.7,1,0,Granted,19.8
17/412938,1600,standard,large,lenient,3,24,13,19.7,1,0,Granted,26.4
17/210213,3600,standard,large,lenient,3,33,5,21.6,3,1,Granted,33.5
17/476382,2400,standard,small,moderate,3,20,21,17.4,1,0,Granted,22.9
17/943313,3700,standard,small,strict,3,13,15,19.8,1,0,Granted,26.1
17/716878,2100,standard,small,lenient,2,16,9,25.3,1,0,Granted,31.5
17/743699,2600,standard,large,moderate,1,30,27,17.5,1,0,Granted,24.3
17/863499,1600,trackOne,small,moderate,6,32,12,3.5,1,0,Granted,6.5
17/186746,3600,standard,micro,strict,3,28,9,31.2,3,1,Granted,43.4
17/789894,2600,pph,small,strict,3,20,13,7.9,1,0,Granted,14.2
17/254051,2600,standard,small,lenient,2,25,34,10.0,3,1,Granted,21.7
17/408875,2600,standard,large,strict,3,31,7,19.9,1,0,Granted,26.0
17/285979,2400,standard,large,moderate,3,21,1,26.6,2,0,Abandoned,31.7
17/615755,1600,standard,large,strict,2,19,8,27.3,1,0,Granted,33.2
17/220223,1700,trackOne,large,moderate,3,33,10,3.8,1,0,Granted,9.3
17/288161,2600,standard,small,strict,4,16,5,21.1,2,0,Abandoned,26.3
17/414340,1600,standard,small,strict,4,24,13,29.0,2,0,Abandoned,34.0
17/672964,3700,standard,small,lenient,3,17,24,14.9,3,1,Granted,26.8
17/266886,3700,trackOne,micro,strict,3,13,17,2.7,3,1,Granted,15.6
17/859807,3600,standard,small,moderate,5,27,28,26.0,3,1,Granted,38.0
17/706742,2100,standard,large,moderate,3,25,21,17.2,3,1,Granted,31.3
17/681699,2100,standard,large,moderate,3,23,15,21.2,1,0,Granted,26.7
17/452083,1700,standard,small,strict,3,21,17,22.4,2,0,Granted,48.1
17/229386,2100,standard,small,moderate,4,28,16,23.5,3,1,Granted,35.4
17/946034,2600,standard,micro,lenient,3,23,5,21.8,3,1,Granted,34.2
17/116327,2600,standard,small,lenient,3,33,10,19.7,1,0,Granted,25.6
17/254055,1600,standard,small,moderate,2,15,10,19.2,1,0,Granted,25.1
17/635007,2100,standard,large,moderate,1,23,9,23.5,3,1,Granted,36.2
17/306631,3600,standard,micro,moderate,2,23,26,29.4,1,0,Granted,35.1
17/457589,2800,standard,large,strict,3,19,9,23.9,2,0,Granted,53.9
17/286391,2800,standard,large,moderate,3,33,30,8.6,3,1,Abandoned,17.9
17/284959,2800,standard,small,strict,1,26,18,16.9,2,0,Abandoned,22.8
17/526216,3700,standard,large,moderate,3,19,22,12.9,4,2,Granted,29.6
17/516733,1600,standard,large,moderate,3,17,5,19.0,3,1,Granted,30.6
17/549378,1600,standard,small,moderate,3,25,6,19.1,3,1,Granted,31.4
17/909849,2800,standard,small,lenient,3,24,7,15.2,1,0,Granted,21.1
17/273979,1600,standard,large,strict,3,24,6,33.4,1,0,Granted,40.1
17/653989,1700,standard,small,moderate,4,31,9,19.8,3,1,Granted,30.7
17/793915,3700,standard,small,lenient,3,27,29,16.9,2,0,Abandoned,21.5
17/754406,2600,standard,large,lenient,2,12,1,15.8,1,0,Granted,21.2
17/690872,3600,standard,small,moderate,4,27,12,24.4,1,0,Granted,29.9
17/429882,1700,pph,small,moderate,2,26,2,6.5,1,0,Granted,12.6
17/703601,2800,standard,small,strict,4,33,5,13.3,3,1,Abandoned,21.5
17/938876,2100,standard,small,moderate,6,34,2,22.5,3,1,Abandoned,30.7
17/841359,3700,standard,small,moderate,3,13,10,13.4,3,1,Granted,25.1
17/994476,2100,accelerated,small,moderate,3,31,11,4.5,1,0,Granted,10.5
17/385740,2400,standard,small,lenient,6,33,31,19.1,1,0,Granted,24.5
17/132256,2600,accelerated,large,lenient,3,31,8,3.5,2,0,Abandoned,8.1
17/395638,1700,trackOne,large,moderate,3,14,22,2.7,2,0,Abandoned,8.7
17/670981,2100,standard,small,moderate,3,26,13,24.5,1,0,Granted,30.3
17/484563,2600,accelerated,small,strict,3,31,14,6.0,3,1,Granted,17.5
17/354163,2600,standard,small,moderate,3,13,12,17.6,1,0,Granted,20.5
17/408271,2100,standard,large,moderate,1,18,9,28.4,2,0,Granted,56.3
17/122300,3700,standard,micro,moderate,2,19,3,14.8,3,1,Abandoned,24.3
17/229261,2600,standard,large,lenient,3,19,4,16.2,1,0,Granted,22.1
17/533704,2400,standard,large,moderate,3,23,11,27.3,2,0,Abandoned,32.3
17/708135,2400,standard,large,moderate,3,25,20,24.1,1,0,Granted,27.1
17/793750,3600,standard,large,strict,3,24,19,23.2,2,0,Abandoned,50.9
17/949473,2600,accelerated,small,strict,3,23,12,5.0,3,1,Granted,17.8
17/542297,3700,standard,large,moderate,2,31,2,6.0,1,0,Granted,12.1
17/526722,2800,standard,micro,strict,2,13,5,10.0,1,0,Granted,12.2
17/576192,2100,standard,small,moderate,5,17,1,22.5,3,1,Abandoned,32.6
17/237068,2600,standard,large,moderate,3,28,31,16.5,3,1,Granted,27.1
17/982636,1600,accelerated,large,lenient,2,23,7,5.1,1,0,Granted,7.6
17/531481,2800,standard,small,moderate,3,18,20,14.8,2,0,Abandoned,19.6
17/746300,1700,trackOne,large,lenient,1,30,8,3.9,1,0,Granted,7.6
17/168223,1700,accelerated,small,lenient,6,36,3,5.2,3,1,Granted,18.3
17/368634,3700,standard,small,strict,2,16,15,23.0,2,0,Abandoned,27.8
17/415871,2400,standard,large,strict,3,27,12,25.2,2,0,Abandoned,30.9
17/489611,1700,standard,small,lenient,3,20,20,11.8,1,0,Granted,17.1
17/470649,3600,standard,large,moderate,3,22,19,34.1,2,0,Abandoned,39.0
17/593637,3600,standard,small,lenient,3,21,7,21.5,1,0,Granted,24.1
17/466899,3600,standard,small,lenient,3,17,10,29.0,1,0,Granted,31.7
17/821405,2100,standard,large,moderate,3,20,16,16.6,2,0,Abandoned,21.6
17/293633,3600,pph,small,strict,2,25,27,5.3,3,1,Abandoned,14.4
17/351776,3700,pph,small,lenient,3,32,11,4.0,3,1,Granted,16.1
17/411269,1700,standard,large,strict,2,30,13,26.0,3,1,Granted,38.2
17/772867,2800,standard,small,moderate,2,22,7,13.4,1,0,Granted,16.8
17/681649,1600,trackOne,large,moderate,3,15,16,3.4,1,0,Granted,8.6
17/395331,2800,standard,micro,moderate,2,25,12,19.6,2,0,Abandoned,23.5
17/753180,2100,trackOne,large,moderate,3,30,5,4.1,3,1,Abandoned,12.6
17/661018,1700,standard,small,strict,3,20,1,23.5,3,1,Abandoned,31.8
17/952521,2400,standard,large,lenient,4,26,11,10.8,1,0,Granted,16.1
17/873679,3600,standard,small,moderate,2,18,23,26.8,1,0,Granted,33.2
17/975224,1600,trackOne,large,strict,3,15,25,3.7,1,0,Granted,10.1
17/486694,2600,standard,large,strict,3,31,18,27.8,2,0,Abandoned,33.5
17/896977,3700,standard,large,lenient,1,19,13,18.6,1,0,Granted,25.4
17/227169,2800,standard,large,lenient,3,24,13,10.0,3,1,Granted,22.3
17/781299,3700,standard,micro,strict,3,22,11,14.8,1,0,Granted,20.7
17/268794,1700,trackOne,large,moderate,2,21,11,2.8,4,2,Granted,18.6
17/197764,1600,standard,small,moderate,3,14,12,22.5,3,1,Granted,34.8
17/762632,2100,standard,micro,strict,2,28,16,30.6,2,0,Abandoned,34.2
17/785330,3600,standard,small,lenient,2,19,19,19.1,1,0,Granted,24.6
17/352603,3700,standard,large,moderate,3,14,33,11.4,2,0,Abandoned,16.2
17/350750,2600,standard,large,strict,1,13,17,33.4,1,0,Granted,39.5
17/768017,2100,standard,large,strict,3,15,40,27.6,1,0,Granted,33.9
17/695658,3700,standard,large,lenient,3,21,13,10.7,1,0,Granted,16.3
17/322908,2400,pph,small,lenient,5,31,24,5.5,1,0,Granted,12.0
17/625088,3600,standard,large,moderate,3,32,19,29.3,1,0,Granted,34.7
17/423040,3700,standard,small,moderate,5,33,3,21.6,2,0,Abandoned,27.5
17/764209,3600,standard,micro,strict,3,17,12,24.6,3,1,Abandoned,34.3
17/733126,1700,standard,large,lenient,1,25,11,21.0,1,0,Granted,24.1
17/790972,2800,standard,small,moderate,3,13,9,19.2,1,0,Granted,24.4
17/747617,1700,standard,large,moderate,6,30,19,11.0,2,0,Abandoned,14.9
17/381466,2100,standard,small,moderate,4,20,11,21.6,1,0,Granted,27.7
17/454882,1600,standard,small,strict,3,27,22,28.7,1,0,Granted,33.9
17/953085,1600,trackOne,large,moderate,2,19,1,3.5,1,0,Granted,8.7
17/125489,2100,standard,small,moderate,5,26,18,22.0,2,0,Abandoned,44.0
17/120882,2100,standard,small,strict,3,14,24,25.0,1,0,Granted,30.1
17/280998,1600,standard,small,lenient,3,19,10,18.2,3,1,Granted,29.8
17/352440,2800,standard,large,lenient,3,25,18,7.5,1,0,Granted,9.6
17/411663,3700,standard,large,moderate,3,16,11,18.2,2,0,Granted,48.2
17/708607,3700,standard,small,strict,3,18,16,20.1,1,0,Granted,25.7
17/407678,2100,standard,small,moderate,3,19,19,17.2,3,1,Abandoned,25.1
17/586450,1700,standard,large,moderate,4,26,15,14.1,3,1,Granted,25.6
17/983323,2800,standard,large,moderate,3,27,18,11.7,2,0,Abandoned,18.5
17/695601,1700,trackOne,large,moderate,2,17,21,3.3,1,0,Granted,9.0
17/752579,1700,standard,small,moderate,3,31,25,24.5,1,0,Granted,27.0
17/924167,2100,trackOne,large,moderate,3,31,15,3.1,1,0,Granted,8.7
17/797288,1700,standard,small,moderate,3,22,19,22.4,1,0,Granted,27.8
17/837507,1600,trackOne,large,moderate,1,14,15,3.1,1,0,Granted,7.1
17/974440,3700,trackOne,micro,moderate,3,29,17,5.6,4,2,Abandoned,19.7
17/234143,2600,trackOne,large,moderate,3,27,31,3.9,1,0,Granted,7.2
17/929637,3700,standard,large,lenient,3,30,15,17.3,1,0,Granted,23.1
17/870115,3700,standard,small,moderate,4,31,1,13.9,1,0,Granted,16.6
17/749925,2800,standard,small,moderate,3,26,4,23.4,1,0,Granted,29.2
17/489002,2800,trackOne,large,moderate,4,21,17,3.0,3,1,Granted,16.0
17/755553,2400,standard,small,moderate,2,22,20,19.3,1,0,Granted,25.0
17/245949,1600,pph,large,moderate,1,26,17,4.6,2,0,Abandoned,10.4
17/856239,2400,standard,large,lenient,4,26,20,14.3,1,0,Granted,18.9
17/477667,2100,standard,large,moderate,3,19,9,15.2,3,1,Abandoned,24.0
17/119937,2400,standard,large,lenient,3,26,16,20.3,2,0,Abandoned,24.8
17/583209,2100,trackOne,large,moderate,3,15,15,3.1,1,0,Granted,10.7
17/158998,2100,standard,large,lenient,3,13,11,21.9,1,0,Granted,28.1
17/405083,2600,standard,small,moderate,2,15,9,15.6,2,0,Abandoned,21.3
17/336094,2600,standard,large,moderate,6,24,12,22.6,1,0,Granted,28.2
17/455406,1700,standard,large,lenient,3,29,9,13.8,1,0,Granted,17.4
17/997854,1700,trackOne,small,lenient,3,21,17,4.7,1,0,Granted,11.0
17/720925,2100,pph,large,moderate,3,29,11,5.7,1,0,Granted,11.4
17/252174,1600,standard,large,strict,4,16,20,25.5,2,0,Abandoned,32.1
17/385369,1700,standard,large,moderate,3,33,25,25.1,4,2,Abandoned,38.8
17/295495,1700,standard,large,moderate,4,21,21,15.4,2,0,Abandoned,38.5
17/612249,2100,standard,large,moderate,1,28,15,24.4,1,0,Granted,30.0
17/191759,3600,standard,small,moderate,3,26,24,29.5,1,0,Granted,32.8
17/982628,2400,trackOne,large,strict,1,25,15,4.1,2,0,Abandoned,10.5
17/235367,3600,standard,large,moderate,6,20,6,25.3,3,1,Granted,36.9
17/691373,1600,standard,large,moderate,3,26,12,23.1,3,1,Granted,35.5
17/227015,2400,standard,small,moderate,4,27,19,19.6,1,0,Granted,26.1
17/194574,3700,pph,small,strict,3,15,5,4.2,2,0,Abandoned,9.9
17/426322,3600,trackOne,large,moderate,3,15,1,3.2,3,1,Granted,15.3
17/499247,2600,standard,small,strict,3,15,16,31.6,1,0,Granted,36.3
17/399386,2800,standard,large,strict,4,24,32,20.6,1,0,Granted,27.3
17/256847,1700,standard,small,strict,3,27,21,17.0,1,0,Granted,22.1
17/338081,2800,standard,micro,moderate,3,22,22,15.3,2,0,Abandoned,39.3
17/155447,3700,standard,micro,moderate,3,32,27,21.9,1,0,Granted,28.0
17/269799,1700,standard,small,moderate,2,15,18,22.1,1,0,Granted,27.1
17/427286,3600,standard,large,moderate,4,33,20,26.0,3,1,Granted,38.7
17/805734,1700,standard,small,moderate,3,17,9,20.6,3,1,Granted,32.5
17/946675,2800,trackOne,micro,moderate,3,22,17,2.7,1,0,Granted,5.4
17/326025,3600,standard,small,moderate,3,30,7,27.1,3,1,Granted,39.3
17/904734,2400,standard,large,moderate,3,22,12,18.6,3,1,Granted,30.4
17/395148,1600,trackOne,small,moderate,3,24,9,4.6,3,1,Granted,16.7
17/353837,2100,pph,micro,strict,3,29,24,7.4,3,1,Granted,18.7
17/449131,2600,standard,large,lenient,1,19,22,11.2,1,0,Granted,16.2
17/873737,2400,trackOne,large,moderate,3,19,10,5.6,3,1,Abandoned,15.4
17/187347,2400,standard,large,lenient,3,19,8,14.1,3,1,Granted,27.2
17/326987,3600,standard,large,moderate,3,30,13,28.9,1,0,Granted,34.5
17/973113,2400,standard,large,strict,3,19,14,26.2,1,0,Granted,32.7
17/660646,2800,trackOne,micro,moderate,3,33,9,5.2,1,0,Granted,11.4
17/817314,3700,pph,large,lenient,4,27,17,5.4,1,0,Granted,12.3
17/258929,2400,standard,small,strict,2,25,7,17.3,2,0,Abandoned,21.9
17/614774,1600,pph,large,lenient,3,18,26,6.4,1,0,Granted,9.9
17/724026,2400,accelerated,large,moderate,3,18,23,5.6,2,0,Abandoned,10.9
17/187881,1700,standard,micro,moderate,3,25,18,24.8,3,1,Abandoned,33.4
17/402579,1600,pph,small,strict,2,24,8,4.0,2,0,Granted,28.6
17/737043,2100,trackOne,large,moderate,4,19,6,4.3,1,0,Granted,9.9
17/264584,3600,standard,large,moderate,3,15,11,25.0,2,0,Abandoned,30.1
17/172911,2400,standard,small,strict,1,30,16,29.8,1,0,Granted,36.0
17/825687,2600,standard,small,strict,3,18,25,24.0,1,0,Granted,29.5
17/629428,2400,standard,small,moderate,3,26,30,22.0,1,0,Granted,27.9
17/828269,1700,standard,large,moderate,2,13,23,17.0,1,0,Granted,20.4
17/867445,2800,standard,micro,lenient,2,17,25,16.2,1,0,Granted,19.4
17/818127,2800,standard,large,strict,2,20,25,23.9,1,0,Granted,29.5
17/772646,1700,standard,small,strict,3,33,4,27.3,1,0,Granted,32.8
17/456736,3600,standard,large,moderate,1,11,13,19.6,1,0,Granted,24.9
17/957268,2400,standard,small,moderate,4,29,4,16.4,3,1,Granted,28.8
17/940150,3600,standard,micro,strict,3,14,20,24.2,4,2,Abandoned,36.2
17/984545,2400,standard,large,moderate,3,15,30,14.3,1,0,Granted,18.8
17/774500,1700,standard,small,moderate,2,23,31,20.4,2,0,Abandoned,26.0
17/106732,3600,standard,small,moderate,3,32,6,29.5,2,0,Abandoned,35.3
17/151795,1600,standard,large,moderate,3,18,1,25.1,3,1,Granted,37.3
17/638290,3700,trackOne,large,moderate,3,29,18,4.0,3,1,Abandoned,13.7
17/326998,2600,standard,small,lenient,3,30,10,13.1,1,0,Granted,18.1
17/721624,3700,standard,small,lenient,3,21,18,12.3,3,1,Abandoned,22.6
17/125531,2800,standard,small,lenient,3,30,14,8.1,1,0,Granted,13.8
17/948952,1600,standard,large,moderate,4,20,6,19.1,1,0,Granted,25.2
17/950045,3700,standard,micro,strict,4,26,13,30.8,2,0,Abandoned,37.5
17/694039,2100,standard,large,moderate,4,33,8,23.9,1,0,Granted,29.5
17/266663,2400,trackOne,large,lenient,3,24,20,2.5,1,0,Granted,4.7
17/511594,2800,standard,large,lenient,3,26,21,14.1,3,1,Abandoned,22.9
17/633170,1600,standard,large,moderate,3,15,15,14.4,1,0,Granted,20.7
17/957555,1600,standard,small,strict,3,27,11,21.4,3,1,Granted,32.9
17/908882,3600,standard,small,moderate,3,25,26,21.1,3,1,Granted,32.7
17/630465,2600,standard,large,strict,3,13,18,19.4,1,0,Granted,22.6
17/858463,2600,pph,large,lenient,3,23,5,6.4,1,0,Granted,11.8
17/208221,3600,standard,large,moderate,3,19,12,27.1,2,0,Granted,53.5
17/464453,1600,standard,large,lenient,3,30,15,19.9,1,0,Granted,25.8
17/876494,2400,standard,large,moderate,1,12,15,16.7,1,0,Granted,21.9
17/759610,2600,standard,large,lenient,2,20,13,11.2,1,0,Granted,14.0
17/859380,2100,accelerated,large,lenient,3,17,10,5.9,2,0,Abandoned,10.5
17/467065,2400,accelerated,large,moderate,3,27,6,5.9,1,0,Granted,11.6
17/884471,2100,standard,large,moderate,3,32,1,21.0,1,0,Granted,27.4
17/792806,1700,standard,small,lenient,4,25,15,18.8,3,1,Granted,31.2
17/838806,2400,standard,small,lenient,3,27,13,14.2,1,0,Granted,17.0
17/511938,2400,standard,large,moderate,3,24,12,27.3,2,0,Abandoned,32.3
17/955358,2800,standard,small,moderate,2,32,3,18.8,3,1,Abandoned,28.5
17/331266,3700,standard,large,moderate,5,29,31,15.7,1,0,Granted,22.2
17/396578,1700,standard,small,moderate,2,32,11,15.6,1,0,Granted,20.4
17/923393,1600,standard,large,strict,3,20,12,28.8,3,1,Abandoned,38.0
17/389327,3600,standard,micro,moderate,3,21,1,25.2,2,0,Abandoned,30.8
17/669759,1700,standard,small,moderate,2,13,19,15.1,2,0,Abandoned,20.3
17/286663,3600,standard,large,moderate,3,19,9,19.7,1,0,Granted,26.0
17/569821,2600,standard,large,moderate,3,18,13,17.9,2,0,Abandoned,25.5
17/235134,2100,standard,large,moderate,3,13,1,27.2,1,0,Granted,32.7
17/492383,2100,pph,small,moderate,2,19,29,5.2,3,1,Abandoned,15.6
17/679758,3600,standard,small,moderate,3,24,22,29.9,1,0,Granted,36.4
17/127242,3700,standard,large,strict,3,14,6,20.3,4,2,Granted,36.0
17/462876,1700,accelerated,large,strict,3,16,15,5.6,2,0,Abandoned,10.6
17/157277,2400,accelerated,small,strict,4,24,18,3.5,2,0,Abandoned,8.9
17/522781,2800,standard,small,moderate,3,32,33,20.6,1,0,Granted,25.4
17/322182,2800,standard,small,lenient,4,32,10,15.6,1,0,Granted,22.0
17/976914,3600,standard,small,lenient,3,14,19,26.4,3,1,Abandoned,35.0
17/405195,1600,trackOne,small,moderate,3,17,10,3.3,2,0,Abandoned,9.4
17/436619,1700,standard,small,moderate,3,15,6,12.7,1,0,Granted,19.0
17/538357,2100,standard,large,lenient,1,18,30,18.1,1,0,Granted,21.3
17/837547,3700,standard,small,lenient,3,29,16,17.5,3,1,Granted,30.3
17/840071,1600,standard,large,lenient,4,24,12,18.6,1,0,Granted,20.5
17/678593,2800,trackOne,small,strict,3,32,14,3.2,1,0,Granted,5.6
17/338130,3600,standard,small,moderate,4,25,24,24.8,2,0,Granted,53.6
17/740571,1600,trackOne,large,moderate,2,28,20,3.5,2,0,Abandoned,8.9
17/700397,1700,trackOne,large,moderate,2,21,20,3.1,1,0,Granted,8.6
17/823812,2600,pph,large,lenient,5,28,10,5.8,3,1,Granted,16.9
17/670714,2600,standard,micro,lenient,3,26,27,9.2,1,0,Granted,14.9
17/501624,1700,standard,small,moderate,4,34,19,22.2,3,1,Granted,34.7
17/436307,1600,trackOne,micro,moderate,3,29,27,4.2,1,0,Granted,10.3
17/868732,1600,standard,large,moderate,3,13,7,13.7,1,0,Granted,16.0
17/240969,1600,standard,small,moderate,3,14,25,19.5,3,1,Granted,30.9
17/788548,2600,pph,large,lenient,1,13,8,4.6,1,0,Granted,7.5
17/109922,3600,standard,large,moderate,3,21,8,23.7,1,0,Granted,29.4
17/727622,2600,trackOne,large,strict,3,32,22,2.5,2,0,Abandoned,7.6
17/208694,3700,pph,large,moderate,6,28,16,6.9,2,0,Abandoned,12.2
17/588717,3600,standard,large,moderate,3,19,15,33.8,3,1,Abandoned,42.6
17/265417,2800,standard,small,strict,3,16,14,22.2,1,0,Granted,27.3
17/839802,2600,standard,small,lenient,3,27,16,13.2,1,0,Granted,18.5
17/630028,3600,standard,micro,strict,3,18,11,27.2,1,0,Granted,33.6
17/388654,1700,standard,small,lenient,3,33,4,21.6,1,0,Granted,27.5
17/220838,2600,standard,large,lenient,3,32,7,15.6,1,0,Granted,20.6
17/400528,1700,standard,large,moderate,4,25,19,11.0,1,0,Granted,16.6
17/725289,3600,standard,micro,moderate,1,28,11,29.4,2,0,Abandoned,45.7
17/167283,2400,standard,large,strict,4,22,7,22.9,2,0,Granted,53.3
17/993238,3600,standard,large,lenient,3,20,1,27.1,1,0,Granted,32.0
17/812675,1700,trackOne,small,strict,2,28,24,2.5,1,0,Granted,7.4
17/637473,1700,standard,small,strict,6,34,10,32.0,1,0,Granted,38.5
17/578571,3600,standard,small,strict,3,32,14,26.6,3,1,Granted,38.6
17/269517,1600,standard,large,strict,3,30,17,32.2,1,0,Granted,38.0
17/211374,1700,standard,large,moderate,6,33,26,20.8,1,0,Granted,26.8
17/377014,3700,standard,small,lenient,3,23,18,19.4,1,0,Granted,25.7
17/536092,3600,trackOne,small,moderate,3,21,1,2.5,1,0,Granted,8.9
17/560564,2400,standard,micro,lenient,3,31,19,18.2,3,1,Granted,29.9
17/670158,2800,standard,small,moderate,3,16,22,19.4,1,0,Granted,25.4
17/411869,1700,standard,small,strict,3,28,15,24.6,3,1,Granted,36.6
17/308498,2100,accelerated,large,moderate,3,16,10,5.2,1,0,Granted,8.1
17/609752,2400,standard,small,moderate,3,25,18,20.9,2,0,Granted,51.6
17/776554,1600,trackOne,large,moderate,3,33,14,5.0,3,1,Granted,17.5
17/420721,2600,trackOne,large,moderate,1,31,6,4.0,1,0,Granted,8.7
17/412497,3600,trackOne,micro,moderate,3,22,16,3.1,2,0,Abandoned,7.5
17/840054,1600,standard,large,lenient,3,18,8,15.2,1,0,Granted,21.0
17/684685,3600,standard,large,lenient,1,14,16,23.8,1,0,Granted,30.2
17/353204,3700,standard,micro,moderate,3,24,2,18.8,1,0,Granted,24.4
17/277778,1600,standard,large,strict,3,30,18,25.5,1,0,Granted,32.2
17/516698,2800,standard,small,lenient,4,22,24,16.6,3,1,Granted,28.2
17/914011,3600,standard,large,lenient,3,31,13,29.3,1,0,Granted,34.0
17/600623,1700,trackOne,large,strict,3,27,11,4.0,2,0,Abandoned,8.3
17/401680,1700,trackOne,small,strict,3,32,2,5.3,1,0,Granted,8.3
17/178969,2400,trackOne,small,lenient,5,33,16,2.5,1,0,Granted,8.6
17/193764,2100,standard,large,moderate,3,26,21,23.0,3,1,Abandoned,33.1
17/816577,1600,standard,large,lenient,3,25,9,19.3,1,0,Granted,22.9
17/797047,2600,trackOne,large,lenient,3,17,7,4.5,3,1,Granted,16.9
17/132496,1700,standard,large,strict,2,14,11,20.9,2,0,Granted,50.1
17/781407,3700,standard,small,moderate,3,20,22,11.2,2,0,Abandoned,44.8
17/533574,3700,trackOne,small,lenient,4,18,10,3.6,3,1,Granted,16.2
17/261415,3600,standard,micro,moderate,3,28,19,27.6,3,1,Granted,38.4
17/972335,2800,standard,large,moderate,3,30,2,27.6,3,1,Granted,40.6
17/399151,1700,standard,small,lenient,3,13,30,13.6,1,0,Granted,20.8
17/392204,3600,standard,large,moderate,3,16,4,26.6,2,0,Abandoned,58.6
17/279553,2400,standard,small,strict,3,33,22,23.7,1,0,Granted,27.7
17/996387,2400,standard,large,lenient,4,18,9,16.2,1,0,Granted,21.5
17/111129,3600,standard,micro,moderate,2,30,26,22.7,3,1,Granted,34.4
17/336554,2400,standard,small,moderate,4,18,12,14.9,1,0,Granted,20.8
17/418917,3600,standard,small,strict,4,21,26,34.6,3,1,Granted,48.0
17/407285,2100,standard,large,strict,3,31,12,20.3,1,0,Granted,26.1
17/116522,3600,standard,small,moderate,3,13,26,23.0,3,1,Granted,35.2
17/436353,1600,pph,large,lenient,3,17,5,7.1,2,0,Granted,27.7
17/841878,2600,standard,large,moderate,3,25,26,19.8,2,0,Abandoned,25.8
17/301084,2400,standard,large,strict,1,25,15,26.4,3,1,Granted,38.5
17/791956,3600,standard,small,moderate,3,29,3,20.7,1,0,Granted,26.2
17/516599,2600,standard,large,moderate,5,21,21,22.6,1,0,Granted,29.3
17/702001,3600,standard,large,lenient,3,17,17,20.7,1,0,Granted,26.6
17/442181,2400,standard,large,moderate,3,29,14,25.9,1,0,Granted,30.5
17/929167,1700,standard,large,moderate,4,32,26,21.8,3,1,Granted,34.6
17/359460,2100,pph,small,lenient,3,26,20,4.5,2,0,Abandoned,32.3
17/746530,1700,standard,small,strict,3,20,1,22.7,1,0,Granted,29.3
17/447113,2400,standard,large,strict,3,26,1,20.2,2,0,Granted,46.9
17/238194,3700,pph,micro,lenient,3,14,10,6.2,1,0,Granted,12.2
17/281085,1600,standard,small,strict,3,30,2,32.3,1,0,Granted,38.5
17/645934,2100,pph,small,moderate,2,19,15,5.1,1,0,Granted,10.4
17/151755,2100,standard,large,lenient,3,32,16,23.7,1,0,Granted,29.7
17/624782,3600,trackOne,micro,moderate,3,26,5,3.6,3,1,Granted,15.5
17/130615,1600,standard,large,moderate,2,26,20,19.5,2,0,Abandoned,24.7
17/393359,3700,pph,small,lenient,4,14,21,5.9,1,0,Granted,12.4
17/357097,1700,standard,small,moderate,3,31,13,18.1,2,0,Abandoned,21.7
17/549057,2600,standard,micro,strict,3,25,2,25.6,3,1,Abandoned,36.0
17/168427,3700,standard,small,moderate,3,21,13,14.7,2,0,Abandoned,20.5
17/889320,2800,accelerated,micro,strict,3,25,19,4.6,1,0,Granted,7.3
17/145950,3600,standard,small,moderate,3,31,29,32.1,1,0,Granted,36.7
17/742045,2600,standard,large,strict,1,14,23,18.3,3,1,Granted,31.3
17/825235,2400,standard,large,moderate,3,32,19,26.7,4,2,Granted,43.0
17/546322,2600,standard,small,lenient,3,14,1,13.0,1,0,Granted,19.0
17/579359,2800,standard,small,strict,2,29,22,16.9,2,0,Abandoned,22.3
17/705852,1700,standard,micro,moderate,1,22,19,23.2,3,1,Granted,35.7
17/771302,2100,trackOne,large,strict,2,21,10,2.5,1,0,Granted,8.5
17/329640,3700,standard,large,strict,3,18,6,13.5,1,0,Granted,18.7
17/878599,1600,standard,large,moderate,3,24,7,22.4,1,0,Granted,27.7
17/275424,2800,standard,small,moderate,3,27,13,17.4,2,0,Abandoned,37.1
17/163955,2600,standard,large,moderate,4,31,26,19.4,3,1,Abandoned,28.2
17/635861,2400,standard,large,moderate,1,24,12,24.0,3,1,Granted,36.1
17/367967,1600,standard,small,moderate,3,33,22,22.3,2,0,Granted,52.8
17/292857,1600,standard,micro,moderate,3,17,30,16.5,1,0,Granted,21.7
17/610927,3600,standard,large,moderate,3,24,11,26.1,1,0,Granted,31.7
17/308035,2800,standard,small,lenient,4,20,13,12.9,1,0,Granted,19.1
17/622951,2600,standard,large,lenient,3,32,25,19.8,3,1,Granted,31.9
17/369512,3700,pph,large,moderate,3,32,11,6.1,1,0,Granted,10.6
17/997599,2600,trackOne,large,moderate,3,23,11,3.1,3,1,Granted,15.1
17/641772,2800,standard,large,moderate,3,33,11,19.1,1,0,Granted,22.5
17/335614,1700,standard,large,moderate,2,20,16,21.0,2,0,Abandoned,26.7
17/170812,3600,trackOne,large,moderate,4,30,21,2.9,1,0,Granted,6.0
17/408867,1600,standard,large,strict,3,23,13,29.4,1,0,Granted,34.8
17/719679,2800,standard,large,lenient,2,31,11,15.5,3,1,Granted,28.5
17/907986,2100,pph,large,strict,4,33,11,4.5,4,2,Granted,20.9
17/566332,3700,trackOne,large,lenient,3,29,10,2.9,1,0,Granted,7.8
17/183156,2600,standard,large,strict,3,17,22,22.8,2,0,Abandoned,30.0
17/789111,3600,trackOne,large,strict,3,31,16,2.8,3,1,Granted,14.9
17/175879,3700,standard,large,lenient,3,24,22,16.9,2,0,Granted,47.9
17/195215,2800,standard,small,strict,2,32,5,18.3,3,1,Granted,29.9
17/107561,2400,standard,large,moderate,2,15,19,22.0,2,0,Granted,48.0
17/988326,2400,standard,large,lenient,2,12,13,20.1,3,1,Granted,33.5
17/602920,3600,accelerated,large,moderate,4,15,15,5.5,1,0,Granted,11.0
17/477543,3600,standard,large,moderate,3,24,32,25.5,3,1,Granted,38.3
17/834920,2800,trackOne,micro,moderate,2,17,12,4.1,1,0,Granted,7.1
17/764721,1700,standard,small,moderate,2,12,34,24.8,1,0,Granted,30.6
17/603737,2100,standard,large,lenient,3,33,27,21.0,1,0,Granted,27.1
17/494021,3700,standard,large,moderate,2,16,14,22.8,3,1,Granted,36.3
17/606961,2400,standard,large,lenient,3,28,12,20.8,2,0,Abandoned,26.5
17/240402,1600,standard,large,moderate,3,21,15,29.3,3,1,Abandoned,37.6
17/350817,2400,standard,large,strict,3,28,10,25.4,1,0,Granted,32.1
17/217255,1600,pph,large,moderate,2,20,1,6.1,1,0,Granted,9.5
17/976846,2600,standard,large,strict,3,28,11,20.7,1,0,Granted,25.6
17/318122,1600,standard,large,moderate,4,21,2,17.2,3,1,Granted,29.3
17/506614,3600,trackOne,large,strict,2,18,17,3.3,3,1,Granted,14.2
17/222095,3700,trackOne,small,strict,4,15,8,3.0,1,0,Granted,9.4
17/513894,2100,pph,micro,moderate,3,24,14,4.0,3,1,Granted,16.4
17/398117,1700,standard,large,moderate,1,18,11,15.6,1,0,Granted,21.8
17/650332,2800,standard,large,lenient,2,13,13,6.0,1,0,Granted,11.8
17/576273,1700,standard,small,moderate,2,25,10,14.8,1,0,Granted,19.2
17/551311,3600,standard,small,moderate,3,26,18,32.7,1,0,Granted,39.6
17/932213,2400,trackOne,large,moderate,3,32,1,2.5,1,0,Granted,9.2
17/419777,2600,standard,large,strict,3,25,7,17.1,1,0,Granted,23.5
17/205903,2400,standard,micro,strict,3,26,22,24.2,3,1,Granted,36.1
17/671659,2600,standard,small,lenient,3,21,15,16.5,3,1,Granted,28.6
17/308649,1600,standard,large,lenient,3,26,8,15.2,1,0,Granted,20.9
17/647944,1600,standard,large,strict,3,25,13,27.1,3,1,Granted,39.9
17/200679,1700,trackOne,small,lenient,3,29,14,4.9,2,0,Abandoned,10.4
17/746464,2600,standard,large,strict,3,18,29,17.0,1,0,Granted,22.3
17/637769,3600,standard,large,moderate,3,33,14,25.0,1,0,Granted,31.4
17/808673,2600,trackOne,large,moderate,2,16,8,4.5,1,0,Granted,7.7
17/983588,3600,standard,large,moderate,3,16,20,34.0,3,1,Granted,46.7
17/480513,3700,trackOne,large,lenient,3,23,16,3.9,2,0,Granted,29.8
17/238463,1600,standard,large,strict,3,19,18,27.4,2,0,Abandoned,32.0
17/959634,2800,standard,large,lenient,3,24,13,11.4,1,0,Granted,17.7
17/715551,2100,standard,large,lenient,4,17,6,14.0,3,1,Granted,25.5
17/224062,3700,pph,small,strict,4,16,19,5.9,1,0,Granted,8.8
17/889463,2800,standard,small,strict,2,14,18,24.2,1,0,Granted,30.4
17/264710,3600,standard,small,moderate,1,30,11,23.5,3,1,Granted,36.2
17/197910,2600,standard,small,lenient,2,12,15,15.0,2,0,Abandoned,21.0
17/926911,1600,standard,small,moderate,3,24,31,20.8,1,0,Granted,26.4
17/822392,3600,pph,small,lenient,5,29,23,5.7,2,0,Abandoned,11.3
17/922432,2800,standard,large,moderate,3,23,21,17.4,1,0,Granted,22.7
17/892921,2100,trackOne,small,moderate,2,24,19,5.6,4,2,Abandoned,18.6
17/476244,2400,standard,small,lenient,3,27,11,14.0,1,0,Granted,18.8
17/505271,3600,standard,large,moderate,4,32,21,26.7,2,0,Abandoned,32.6
17/756207,2100,standard,large,moderate,3,27,2,23.1,3,1,Granted,34.2
17/355647,3600,standard,small,moderate,3,14,18,22.6,1,0,Granted,29.2
17/962871,2800,standard,small,moderate,4,18,9,14.3,3,1,Granted,27.1
17/951944,3600,standard,large,moderate,3,29,11,22.9,1,0,Granted,29.1
17/471828,1700,standard,small,moderate,4,20,11,14.8,3,1,Abandoned,24.1
17/639368,1700,standard,large,strict,3,14,26,26.9,1,0,Granted,33.0
17/466585,2400,standard,large,moderate,1,26,10,25.2,2,0,Granted,54.8
17/534187,3700,standard,large,moderate,3,17,22,14.0,3,1,Granted,25.3
17/581193,2600,trackOne,large,moderate,3,31,27,4.2,1,0,Granted,10.1
17/360275,2600,standard,small,moderate,3,23,19,12.5,1,0,Granted,18.5
17/241487,2600,standard,large,strict,3,17,18,20.2,1,0,Granted,26.3
17/862635,2100,standard,micro,moderate,2,19,6,27.6,1,0,Granted,32.3
17/834663,1700,standard,large,moderate,2,26,7,12.0,1,0,Granted,17.2
17/892877,3600,standard,small,strict,3,21,9,30.6,3,1,Granted,43.7
17/555014,3600,standard,small,moderate,2,17,24,22.2,1,0,Granted,26.1
17/831532,2400,standard,micro,strict,3,18,7,27.2,2,0,Granted,51.6
17/718943,3600,trackOne,large,strict,4,20,9,2.5,3,1,Granted,14.6
17/435122,2600,accelerated,small,moderate,6,29,21,3.5,2,0,Abandoned,30.2
17/371981,2100,standard,small,strict,2,18,12,33.7,3,1,Abandoned,43.1
17/203160,2600,standard,small,moderate,3,17,16,23.7,2,0,Granted,50.6
17/119579,1700,standard,small,lenient,3,26,17,16.4,3,1,Abandoned,25.4
17/250953,1700,standard,large,lenient,1,31,18,21.4,3,1,Abandoned,29.9
17/160293,2800,trackOne,large,strict,3,24,19,2.8,3,1,Granted,17.0
17/512633,1600,standard,large,lenient,3,15,11,23.9,3,1,Granted,36.2
17/191331,3600,pph,small,lenient,5,32,28,7.2,3,1,Granted,18.8
17/112166,2600,standard,micro,moderate,3,24,6,18.1,1,0,Granted,24.4
17/820653,3700,standard,micro,moderate,1,27,8,14.8,1,0,Granted,20.6
17/124950,3600,pph,large,moderate,3,26,22,5.7,1,0,Granted,12.3
17/151216,3700,standard,large,strict,3,16,23,16.4,4,2,Granted,32.5
17/973876,2400,trackOne,large,moderate,4,34,12,2.6,2,0,Abandoned,35.3
17/232122,2400,trackOne,large,strict,4,24,9,4.3,1,0,Granted,7.5
17/390836,2800,standard,large,lenient,3,20,17,17.5,2,0,Abandoned,22.7
17/447201,1600,standard,large,moderate,5,33,16,19.8,3,1,Granted,31.4
17/358312,2400,pph,large,moderate,1,13,8,5.6,3,1,Abandoned,14.8
17/929537,3700,standard,large,moderate,3,18,24,15.0,3,1,Granted,26.4
17/737005,3700,standard,large,lenient,3,33,17,20.2,3,1,Granted,34.1
17/876547,2400,standard,large,strict,3,27,41,26.6,1,0,Granted,31.9
17/266959,3700,standard,micro,moderate,2,27,3,18.0,3,1,Granted,30.8
17/388473,2400,standard,small,moderate,3,14,6,17.5,1,0,Granted,20.5
17/270016,3600,standard,micro,moderate,3,31,2,23.9,1,0,Granted,29.7
17/892631,3700,pph,small,lenient,3,16,21,6.5,1,0,Granted,12.7
17/971934,2400,standard,small,moderate,3,22,16,16.9,3,1,Granted,28.3
17/624405,1600,standard,micro,moderate,5,30,16,23.4,3,1,Granted,35.0
17/354610,3700,standard,small,moderate,4,31,22,19.7,1,0,Granted,25.3
17/276127,2100,trackOne,large,moderate,3,13,7,2.8,3,1,Granted,15.3
17/408468,2800,trackOne,small,moderate,3,15,14,3.5,1,0,Granted,9.4
17/142649,2100,standard,large,lenient,3,30,13,21.5,1,0,Granted,27.5
17/779133,2800,standard,small,lenient,3,25,11,16.1,1,0,Granted,21.5
17/544357,2400,trackOne,large,strict,4,31,4,5.3,3,1,Granted,17.3
17/703307,2800,standard,micro,lenient,3,29,10,18.5,1,0,Granted,23.6
17/909324,2100,trackOne,small,strict,2,30,5,3.9,3,1,Granted,16.0
17/508378,1700,trackOne,small,strict,1,16,6,3.6,1,0,Granted,6.4
17/184526,2400,standard,large,strict,3,16,23,22.8,3,1,Abandoned,31.6
17/205549,1600,standard,large,moderate,2,23,2,23.2,1,0,Granted,28.8
17/575787,2100,pph,large,moderate,1,28,11,5.9,2,0,Abandoned,10.1
17/494505,2600,pph,large,moderate,4,30,22,6.4,1,0,Granted,13.9
17/744389,1600,standard,small,lenient,3,19,8,17.9,3,1,Granted,30.3
17/921309,1600,standard,large,moderate,3,16,26,14.7,1,0,Granted,19.1
17/619155,2400,standard,small,strict,3,33,20,18.8,3,1,Abandoned,28.3
17/919667,1600,standard,small,moderate,3,32,12,25.0,3,1,Granted,36.1
17/821713,2100,standard,large,moderate,1,20,8,22.8,2,0,Abandoned,28.1
17/586710,2600,standard,small,strict,4,32,25,22.6,3,1,Granted,34.2
17/852111,2400,pph,large,strict,4,28,16,4.5,3,1,Granted,16.0
17/130194,2400,standard,large,strict,4,25,29,23.1,1,0,Granted,28.2
17/256141,3700,trackOne,large,lenient,3,20,12,3.1,1,0,Granted,5.5
17/583517,3600,trackOne,large,strict,3,31,25,2.5,3,1,Abandoned,12.0
17/983948,3700,standard,large,moderate,3,29,8,17.8,3,1,Granted,30.2
17/652336,3700,standard,small,moderate,3,28,26,18.8,1,0,Granted,25.0
17/785454,2100,accelerated,large,strict,3,15,2,6.8,2,0,Abandoned,13.4
17/722938,1600,standard,large,strict,3,31,20,31.1,1,0,Granted,37.0
17/389296,3700,standard,small,moderate,2,12,30,18.7,1,0,Granted,23.5
17/842151,2600,trackOne,large,moderate,3,33,24,3.4,1,0,Granted,8.3
17/463733,2100,standard,large,strict,4,16,21,19.3,3,1,Granted,32.4
17/982286,1700,trackOne,large,moderate,4,18,11,2.6,3,1,Granted,14.0
17/178410,2400,standard,large,moderate,3,30,18,16.7,1,0,Granted,22.4
17/812661,2400,standard,small,moderate,5,26,18,22.9,1,0,Granted,27.8
17/649273,2100,standard,large,strict,3,13,10,25.1,3,1,Granted,37.1
17/178784,2800,standard,small,moderate,3,23,15,23.0,3,1,Granted,36.4
17/749233,2100,standard,large,moderate,3,26,5,20.1,3,1,Granted,32.4
17/813968,2100,standard,micro,strict,2,14,6,13.9,4,2,Granted,29.7
17/822828,2800,standard,large,strict,3,27,6,22.8,1,0,Granted,27.3
17/689325,2600,standard,small,lenient,3,29,8,19.5,1,0,Granted,25.9
17/120569,2600,standard,large,lenient,4,23,1,16.8,1,0,Granted,22.3
17/635114,3600,standard,large,lenient,3,23,4,16.2,1,0,Granted,22.4
17/186898,2400,trackOne,small,moderate,3,29,16,4.6,2,0,Abandoned,29.9
17/470369,2100,standard,large,strict,5,29,13,23.9,2,0,Abandoned,62.6
17/464277,3600,standard,large,moderate,2,16,15,26.9,1,0,Granted,33.1
17/227293,2600,standard,large,moderate,3,16,19,16.4,1,0,Granted,21.6
17/922479,1600,standard,large,lenient,1,25,18,17.5,3,1,Granted,30.5
17/958008,2400,standard,large,moderate,3,16,15,25.8,1,0,Granted,31.0
17/756822,1600,standard,large,lenient,3,31,17,15.9,2,0,Abandoned,50.6
17/948865,2800,standard,large,moderate,3,22,6,17.7,1,0,Granted,24.2
17/830103,3700,standard,large,moderate,3,26,11,14.3,1,0,Granted,17.4
17/837548,2600,standard,large,strict,2,16,19,19.1,3,1,Granted,31.2
17/574584,1700,standard,small,strict,6,23,11,23.3,1,0,Granted,28.1
17/540258,1600,standard,small,strict,3,20,13,40.3,2,0,Abandoned,45.1
17/982198,2400,trackOne,small,moderate,3,14,19,3.2,1,0,Granted,8.6
17/988164,1700,standard,large,moderate,3,13,19,20.7,1,0,Granted,26.1
17/279919,1600,standard,small,moderate,2,25,17,25.6,2,0,Abandoned,58.6
17/268583,3600,standard,small,moderate,4,26,28,36.9,3,1,Granted,49.9
17/828985,1700,standard,large,lenient,3,33,15,15.4,1,0,Granted,21.0
17/570857,2600,trackOne,small,moderate,3,25,16,6.0,3,1,Granted,17.2
17/856141,1600,standard,small,strict,2,26,34,19.5,3,1,Granted,32.0
17/893975,2100,standard,large,moderate,1,26,23,21.1,3,1,Granted,32.2
17/652970,2100,standard,large,strict,4,22,31,29.1,3,1,Abandoned,38.5
17/605770,3700,trackOne,large,strict,3,13,2,3.1,4,2,Granted,20.0
17/619556,2600,standard,micro,moderate,3,23,9,16.8,3,1,Granted,28.4
17/508936,2400,standard,large,moderate,3,18,16,17.9,1,0,Granted,23.7
17/647345,1700,trackOne,large,moderate,3,31,15,2.5,2,0,Abandoned,7.5
17/792414,3700,standard,small,lenient,4,18,19,16.0,3,1,Granted,29.5
17/786480,2100,accelerated,small,strict,3,25,4,4.9,3,1,Granted,16.8
17/971602,2100,trackOne,small,lenient,3,24,5,3.3,1,0,Granted,9.7
17/278573,2100,standard,large,moderate,2,19,16,29.8,3,1,Granted,42.6
17/102678,3600,standard,small,lenient,4,18,22,23.5,1,0,Granted,30.0
17/435739,2100,standard,large,lenient,4,27,6,20.5,2,0,Abandoned,26.6
17/686155,2600,standard,micro,strict,3,33,1,22.2,1,0,Granted,27.7
17/247485,2100,pph,large,moderate,4,23,13,7.6,1,0,Granted,9.8
17/520809,3700,trackOne,large,moderate,4,28,18,4.8,1,0,Granted,7.5
17/724960,2600,standard,micro,strict,3,30,18,17.8,2,0,Granted,46.5
17/721898,2600,standard,large,strict,4,16,11,23.2,2,0,Granted,43.6
17/606748,2100,standard,large,moderate,3,16,1,23.9,2,0,Abandoned,29.8
17/344657,2100,standard,large,moderate,3,18,9,15.5,1,0,Granted,19.0
17/472318,1700,standard,large,moderate,3,33,12,21.6,3,1,Granted,33.7
17/677239,1600,standard,micro,strict,3,23,20,18.9,3,1,Abandoned,28.7
17/108307,2600,standard,small,moderate,3,20,2,15.3,1,0,Granted,21.3
17/147468,2600,trackOne,large,strict,4,25,17,3.1,2,0,Abandoned,8.0
17/323757,2800,standard,large,moderate,3,30,9,27.7,3,1,Granted,40.0
17/485670,2800,standard,small,lenient,2,25,8,17.6,1,0,Granted,24.6
17/198782,2800,standard,large,lenient,3,15,23,15.9,1,0,Granted,19.1
17/199398,1600,standard,large,moderate,5,27,25,20.6,3,1,Granted,33.2
17/251084,1700,standard,large,moderate,4,21,30,24.7,1,0,Granted,31.1
17/708415,2800,trackOne,small,lenient,3,27,19,4.0,1,0,Granted,10.5
17/809952,3600,standard,small,strict,2,19,12,27.5,3,1,Abandoned,35.4
17/339397,3700,standard,large,strict,3,27,12,17.1,3,1,Granted,28.6
17/755142,1600,standard,small,moderate,3,20,18,21.7,4,2,Granted,36.8
17/805037,1600,standard,large,strict,3,18,16,19.3,1,0,Granted,24.8
17/586422,1600,standard,micro,strict,2,29,12,24.1,1,0,Granted,30.1
17/404248,2100,standard,small,strict,4,17,21,24.4,1,0,Granted,30.6
17/743299,2100,standard,small,lenient,3,16,8,19.1,1,0,Granted,22.5
17/374526,2600,standard,large,strict,6,33,1,27.4,3,1,Granted,39.0
17/387056,2800,standard,large,lenient,5,23,20,14.9,3,1,Granted,27.9
17/129803,2800,standard,small,moderate,3,18,21,18.0,1,0,Granted,21.2
17/696867,1600,standard,small,moderate,4,32,8,23.3,3,1,Granted,35.9
17/353294,3600,standard,large,moderate,3,29,15,16.5,1,0,Granted,22.5
17/979887,1600,standard,small,moderate,2,22,27,19.8,2,0,Abandoned,26.1
17/861273,2100,standard,small,strict,3,23,14,19.9,1,0,Granted,24.7
17/497085,2600,standard,large,moderate,3,16,23,13.4,2,0,Abandoned,41.5
17/934868,3600,trackOne,large,lenient,3,22,1,3.9,1,0,Granted,10.5
17/402078,2800,standard,large,lenient,3,30,29,14.5,1,0,Granted,20.5
17/235029,2800,trackOne,micro,lenient,5,19,12,4.5,1,0,Granted,9.5
17/511712,2600,standard,large,moderate,3,29,22,19.1,1,0,Granted,24.2
17/443892,2400,standard,large,moderate,3,16,1,19.5,3,1,Granted,31.7
17/280298,3600,standard,small,lenient,3,33,17,19.1,1,0,Granted,21.2
17/903723,1600,standard,large,strict,3,16,22,31.8,2,0,Granted,55.7
17/702711,1700,standard,small,lenient,3,30,18,21.8,3,1,Granted,35.0
17/329724,1700,standard,small,moderate,2,31,13,20.2,3,1,Abandoned,30.2
17/459002,3600,standard,large,lenient,3,16,7,28.3,3,1,Granted,40.6
17/742183,2800,standard,small,lenient,2,30,14,6.0,1,0,Granted,12.2
17/509136,2600,standard,micro,strict,3,32,14,31.3,1,0,Granted,36.9
17/156135,1700,standard,large,lenient,4,27,21,18.3,1,0,Granted,24.3
17/136792,1600,standard,small,lenient,3,13,22,25.1,3,1,Granted,36.9
17/762236,2600,pph,large,moderate,3,31,9,6.1,3,1,Granted,19.7
17/715809,1600,standard,large,strict,3,19,15,23.0,3,1,Granted,35.5
17/611737,2800,standard,large,strict,3,14,1,20.2,1,0,Granted,25.9
17/901831,2400,standard,micro,strict,2,22,10,16.8,2,0,Abandoned,22.7
17/791675,2100,pph,large,moderate,4,16,15,6.5,1,0,Granted,12.6
17/884591,2400,standard,large,strict,1,17,28,29.4,3,1,Abandoned,38.7
17/661740,1700,standard,small,moderate,3,29,12,24.3,3,1,Granted,36.1
17/812736,2800,standard,micro,lenient,1,11,1,12.6,1,0,Granted,15.9
17/124460,1700,standard,small,moderate,3,27,12,19.2,1,0,Granted,25.4
17/950120,2100,standard,small,moderate,3,15,13,17.5,3,1,Granted,28.7
17/694031,3600,standard,large,moderate,4,27,5,35.2,3,1,Granted,48.3
17/879978,3700,standard,small,strict,3,28,3,22.8,3,1,Granted,35.1
17/122618,1700,standard,small,lenient,3,30,12,12.2,1,0,Granted,17.6
17/620434,2600,trackOne,small,moderate,3,21,13,4.1,3,1,Granted,16.8
17/505302,2600,trackOne,micro,moderate,4,32,26,3.3,1,0,Granted,9.4
17/260829,2800,standard,small,moderate,3,22,28,20.2,3,1,Granted,31.5
17/608172,2400,standard,large,strict,3,15,18,17.4,3,1,Granted,29.7
17/631920,2600,standard,small,strict,3,21,12,17.9,1,0,Granted,23.9
17/615799,2600,trackOne,large,lenient,3,15,20,3.0,3,1,Abandoned,12.3
17/923803,2400,standard,large,strict,3,30,15,21.1,1,0,Granted,27.0
17/333860,2400,standard,small,strict,4,19,3,30.5,1,0,Granted,35.1
17/526746,3700,standard,micro,lenient,3,13,13,24.1,1,0,Granted,29.1
17/196095,2100,accelerated,large,moderate,5,26,15,4.0,1,0,Granted,7.1
17/659171,1600,standard,large,moderate,3,28,18,21.8,4,2,Abandoned,35.7
17/630693,1600,standard,small,moderate,3,15,29,20.1,2,0,Abandoned,26.3
17/240274,1700,standard,large,strict,3,13,27,25.8,1,0,Granted,30.5
17/443244,2100,standard,large,moderate,3,28,20,18.1,3,1,Granted,29.9
17/786861,3700,standard,micro,strict,3,21,8,19.2,1,0,Granted,24.4
17/964501,2600,standard,small,lenient,2,15,11,20.8,1,0,Granted,23.4
17/134043,1600,standard,large,moderate,3,20,15,29.2,2,0,Abandoned,34.1
17/346176,3600,standard,large,lenient,2,19,18,26.1,1,0,Granted,32.0
17/346029,1600,standard,micro,lenient,4,29,13,15.8,2,0,Granted,42.9
17/793145,3700,standard,large,strict,2,18,11,15.0,3,1,Granted,27.3
17/818953,3600,standard,micro,strict,3,13,23,29.6,3,1,Granted,41.9
17/852058,2400,standard,large,lenient,5,31,3,18.2,1,0,Granted,22.8
17/960510,2600,standard,large,moderate,3,31,21,26.0,2,0,Abandoned,32.6
17/589990,2100,standard,large,lenient,4,28,39,26.0,3,1,Granted,39.0
17/544412,3700,standard,large,lenient,3,14,28,19.1,1,0,Granted,23.7
17/526906,1700,standard,small,moderate,3,16,19,15.9,2,0,Abandoned,21.7
17/426266,2100,standard,small,moderate,3,31,10,20.6,2,0,Granted,46.6
17/786542,2100,trackOne,small,moderate,3,21,22,4.9,2,0,Granted,35.3
17/321378,1700,standard,micro,lenient,1,29,10,15.4,1,0,Granted,21.5
17/913009,2800,trackOne,small,moderate,3,27,24,3.2,2,0,Abandoned,9.1
17/398642,2800,standard,micro,strict,6,29,14,13.1,1,0,Granted,19.3
17/429190,1600,standard,large,moderate,4,22,26,18.3,2,0,Abandoned,23.2
17/117220,2400,standard,small,moderate,1,16,5,20.6,1,0,Granted,26.2
17/880659,3600,standard,large,lenient,5,17,14,21.7,1,0,Granted,28.2
17/957570,1600,standard,large,lenient,3,21,14,17.5,1,0,Granted,23.8
17/244421,3700,standard,large,strict,1,29,7,26.3,3,1,Granted,41.1
17/729439,1700,standard,small,moderate,2,24,15,25.2,1,0,Granted,32.5
17/484068,2800,trackOne,large,lenient,3,33,12,4.3,1,0,Granted,8.4
17/530479,2600,standard,large,lenient,3,27,1,16.4,1,0,Granted,22.0
17/472355,2100,trackOne,large,strict,4,31,6,3.0,1,0,Granted,8.0
17/168463,1700,standard,large,moderate,3,18,14,24.4,1,0,Granted,30.8
17/660145,2600,standard,small,moderate,3,33,20,15.5,3,1,Granted,27.9
17/377403,2600,standard,large,moderate,3,28,13,13.5,1,0,Granted,18.5
17/627057,3700,pph,large,moderate,3,31,27,6.0,1,0,Granted,11.9
17/780824,2600,pph,large,strict,3,23,14,6.6,2,0,Abandoned,12.8
17/249832,1700,standard,large,lenient,3,22,3,19.5,1,0,Granted,24.6
17/221444,2600,standard,large,moderate,3,25,7,20.5,3,1,Granted,31.9
17/307580,2100,standard,micro,moderate,3,17,22,16.1,1,0,Granted,22.1
17/149715,2800,standard,large,strict,4,23,12,20.2,2,0,Abandoned,25.4
17/537522,2100,trackOne,small,lenient,3,19,12,5.0,1,0,Granted,8.4
17/684168,3700,standard,small,moderate,3,18,24,17.5,1,0,Granted,24.2
17/279658,2800,standard,small,strict,3,31,15,24.5,2,0,Abandoned,29.1
17/718664,1700,standard,large,strict,3,22,21,28.7,1,0,Granted,33.9
17/560528,2100,standard,micro,lenient,2,26,17,19.6,1,0,Granted,25.8
17/521465,3700,standard,large,strict,2,17,23,33.1,1,0,Granted,38.6
17/458279,2600,pph,large,moderate,4,16,12,6.5,1,0,Granted,12.7
17/107509,1700,standard,large,moderate,3,18,16,26.1,1,0,Granted,28.7
17/779827,3600,standard,large,strict,3,33,15,31.8,3,1,Granted,43.1
17/385934,1600,standard,large,lenient,3,20,7,15.7,3,1,Granted,26.6
17/392560,1700,standard,large,strict,3,24,12,20.9,3,1,Abandoned,29.7
17/680417,2600,standard,small,moderate,3,28,11,17.8,1,0,Granted,23.5
17/643604,2800,standard,micro,lenient,3,15,9,14.8,1,0,Granted,20.7
17/366015,1600,standard,large,lenient,3,29,7,10.1,2,0,Abandoned,16.2
17/209412,3700,trackOne,small,strict,3,16,13,4.4,1,0,Granted,7.1
17/690623,1600,standard,micro,lenient,3,22,14,23.6,2,0,Abandoned,28.5
17/663365,2800,pph,small,moderate,3,18,18,4.1,1,0,Granted,9.1
17/116636,2600,standard,large,strict,3,19,18,18.9,2,0,Abandoned,25.6
17/998235,1600,standard,small,strict,3,16,6,28.0,2,0,Abandoned,33.9
17/208183,2400,standard,large,moderate,2,31,14,15.2,2,0,Abandoned,38.4
17/539824,2100,trackOne,large,moderate,3,19,18,3.9,1,0,Granted,10.2
17/644007,3600,standard,large,strict,3,27,5,25.9,1,0,Granted,32.0
17/762066,2600,standard,large,moderate,4,16,24,15.8,1,0,Granted,20.8
17/501815,2800,standard,large,moderate,3,28,18,6.0,3,1,Granted,17.0
17/471896,3700,standard,large,lenient,3,19,14,14.9,1,0,Granted,20.2
17/996452,2600,standard,large,moderate,1,29,13,21.2,2,0,Abandoned,26.4
17/151665,2600,standard,micro,lenient,3,16,9,14.2,3,1,Granted,26.0
17/836073,3600,standard,large,moderate,3,32,19,24.9,1,0,Granted,30.9
17/967844,2800,trackOne,large,moderate,4,19,4,3.1,2,0,Abandoned,8.1
17/281399,2800,standard,large,moderate,3,16,21,19.1,3,1,Granted,31.8
17/873132,2600,standard,small,moderate,3,26,27,18.7,3,1,Abandoned,28.1
17/231456,3700,standard,large,moderate,3,21,13,14.9,1,0,Granted,21.3
17/211820,1600,pph,large,strict,3,16,2,5.2,1,0,Granted,10.7
17/365916,2800,standard,large,moderate,4,33,21,18.9,3,1,Granted,31.8
17/681532,1600,standard,large,lenient,5,18,7,25.5,3,1,Granted,37.5
17/230039,2800,standard,large,lenient,3,30,17,8.6,3,1,Granted,21.1
17/816289,3600,trackOne,small,lenient,3,21,13,3.7,1,0,Granted,8.3
17/126002,2400,standard,small,moderate,3,21,23,22.1,3,1,Granted,33.8
17/119872,2100,trackOne,large,moderate,3,13,25,3.7,3,1,Granted,15.7
17/138169,3700,standard,large,strict,1,26,23,19.2,4,2,Granted,34.5
17/366067,3600,pph,small,lenient,3,30,14,4.0,1,0,Granted,10.6
17/845295,2800,standard,large,moderate,3,14,17,18.7,3,1,Granted,32.0
17/721223,3600,standard,micro,moderate,3,33,6,28.6,1,0,Granted,33.2
17/901908,3700,standard,large,moderate,2,25,1,17.1,3,1,Granted,28.5
17/713664,1700,standard,micro,moderate,3,29,3,13.3,3,1,Abandoned,22.4
17/969959,2100,standard,small,moderate,2,20,11,20.7,3,1,Abandoned,31.0
17/842584,2400,standard,large,moderate,6,29,20,19.5,3,1,Abandoned,28.5
17/978150,3600,standard,micro,moderate,2,17,15,29.1,3,1,Granted,40.9
17/951014,2800,trackOne,large,moderate,3,13,3,2.9,2,0,Abandoned,9.2
17/461241,2600,trackOne,small,strict,3,28,1,3.4,3,1,Granted,15.4
17/202853,1600,standard,large,moderate,4,16,16,20.1,3,1,Granted,32.2
17/844760,2400,standard,large,moderate,2,12,1,18.4,1,0,Granted,24.0
17/729273,2600,standard,small,moderate,2,20,26,12.6,1,0,Granted,19.2
17/478209,2400,pph,large,lenient,3,20,25,5.2,2,0,Abandoned,27.6
17/281876,2400,standard,small,moderate,2,20,6,18.3,1,0,Granted,24.7
17/193952,1700,pph,small,moderate,3,15,18,4.9,3,1,Granted,17.7
17/929665,3600,standard,large,strict,1,17,8,24.1,3,1,Granted,36.0
17/453524,2100,standard,large,lenient,3,33,4,21.0,3,1,Granted,34.7
17/428908,2100,standard,micro,moderate,2,14,15,20.9,4,2,Granted,38.1
17/162814,2400,trackOne,large,moderate,3,19,9,3.6,1,0,Granted,10.4
17/781013,2100,standard,small,moderate,4,30,10,16.8,3,1,Granted,27.9
17/331092,3700,trackOne,large,moderate,1,19,23,4.0,2,0,Abandoned,9.2
17/124592,1600,standard,large,strict,6,25,18,24.6,1,0,Granted,30.8
17/294100,2400,standard,large,moderate,3,21,24,19.6,1,0,Granted,25.7
17/786015,3700,standard,small,lenient,3,25,13,18.9,1,0,Granted,23.9
17/213480,1700,standard,large,lenient,2,12,3,21.0,1,0,Granted,27.2
17/209463,1600,standard,large,strict,3,33,18,24.2,1,0,Granted,29.1
17/217659,2800,standard,small,moderate,6,16,4,10.8,3,1,Granted,22.9
17/500857,2600,standard,large,lenient,2,28,22,21.4,2,0,Abandoned,26.8
17/851901,2600,standard,large,moderate,4,19,19,14.9,1,0,Granted,21.7
17/697779,2400,standard,small,strict,3,28,13,25.3,2,0,Abandoned,52.2
17/708622,2100,standard,large,lenient,3,16,1,21.6,3,1,Granted,34.3
17/520720,2400,standard,small,moderate,3,25,22,17.4,1,0,Granted,22.5
17/610392,2600,trackOne,small,strict,6,34,5,3.7,2,0,Abandoned,9.8
17/544840,1700,standard,large,lenient,3,24,23,13.7,1,0,Granted,19.9
17/696302,1600,trackOne,large,moderate,2,12,18,5.2,1,0,Granted,10.3
17/800304,1700,standard,large,moderate,3,23,25,17.1,3,1,Granted,28.8
17/772426,2400,standard,large,moderate,3,20,13,21.7,1,0,Granted,27.2
17/808349,2600,standard,large,moderate,3,26,2,19.3,1,0,Granted,25.0
17/393625,2600,standard,large,lenient,3,29,10,14.9,1,0,Granted,17.7
17/369830,2600,trackOne,small,moderate,3,22,19,4.4,1,0,Granted,11.2
17/793347,1600,standard,large,strict,4,33,5,21.7,1,0,Granted,26.4
17/996071,2400,trackOne,large,lenient,2,32,10,2.8,1,0,Granted,7.9
17/584725,2800,standard,large,lenient,4,32,8,24.3,1,0,Granted,30.2
17/542027,2400,trackOne,micro,lenient,3,15,28,2.7,3,1,Granted,15.5
17/230321,3700,standard,large,moderate,1,14,15,14.1,1,0,Granted,19.9
17/104831,2100,trackOne,large,moderate,3,17,9,3.0,2,0,Abandoned,8.0
17/881008,1600,standard,micro,moderate,3,29,13,23.8,2,0,Abandoned,28.1
17/481519,2800,standard,small,lenient,5,28,15,11.7,1,0,Granted,16.9
17/802323,2600,standard,large,moderate,2,16,1,17.7,1,0,Granted,23.0
17/621172,2600,standard,large,moderate,3,19,7,19.6,1,0,Granted,24.9
17/369580,3700,standard,large,strict,3,17,14,25.5,2,0,Abandoned,57.0
17/119097,1700,standard,small,lenient,6,33,15,26.3,3,1,Granted,37.9
17/933936,3600,standard,small,lenient,4,25,8,22.5,1,0,Granted,29.2
17/209902,3600,standard,small,strict,4,21,19,31.0,3,1,Granted,42.0
17/642453,1700,standard,large,moderate,3,13,20,20.0,1,0,Granted,25.6
17/952073,2800,standard,small,lenient,2,25,8,25.7,1,0,Granted,31.8
17/303674,1600,standard,large,moderate,3,29,13,13.3,1,0,Granted,19.7
17/932809,1700,trackOne,small,strict,3,31,28,2.7,1,0,Granted,8.8
17/949766,2400,trackOne,large,lenient,3,17,20,3.2,3,1,Granted,16.9
17/939001,1600,pph,large,lenient,2,22,4,5.7,1,0,Granted,11.2
17/654824,3700,standard,large,lenient,4,21,3,21.9,3,1,Abandoned,31.4
17/750439,1600,standard,small,moderate,2,29,19,25.7,3,1,Granted,37.4
17/202613,3600,pph,large,moderate,2,27,29,5.9,3,1,Granted,18.4
17/353877,1600,trackOne,small,moderate,3,25,30,3.3,3,1,Granted,15.5
17/962621,2100,standard,small,moderate,3,22,24,23.5,1,0,Granted,29.3
17/139022,2100,standard,large,moderate,3,19,1,25.6,1,0,Granted,31.6
17/877823,2600,pph,large,lenient,5,27,33,6.8,1,0,Granted,12.5
17/862321,2400,trackOne,large,lenient,3,29,16,5.0,3,1,Granted,17.9
17/257862,3600,standard,small,lenient,3,17,1,30.3,1,0,Granted,35.5
17/621296,2800,pph,small,moderate,3,32,9,4.9,1,0,Granted,7.1
17/454624,2100,standard,small,moderate,4,21,19,18.9,1,0,Granted,24.6
17/625875,1600,trackOne,small,lenient,3,17,7,2.8,1,0,Granted,8.9
17/483987,2600,standard,small,lenient,3,21,25,11.6,3,1,Granted,23.6
17/753832,2100,standard,small,moderate,2,31,25,21.8,1,0,Granted,26.4
17/840964,2800,trackOne,small,strict,2,32,19,3.8,3,1,Granted,16.2
17/869334,2600,standard,large,strict,3,23,15,30.4,3,1,Abandoned,40.4
17/945832,2100,standard,small,moderate,3,14,14,29.1,1,0,Granted,35.7
17/458633,1700,standard,large,lenient,3,16,8,19.4,1,0,Granted,24.0
17/297553,1600,standard,small,moderate,2,29,21,23.7,1,0,Granted,29.4
17/186853,2100,standard,large,strict,2,29,2,23.1,1,0,Granted,30.3
17/268449,3700,standard,small,lenient,4,17,12,14.4,1,0,Granted,20.2
17/467282,2600,standard,large,moderate,3,29,1,22.7,1,0,Granted,24.9
17/627053,2100,pph,small,moderate,5,30,8,7.0,1,0,Granted,12.9
17/206151,1700,standard,large,strict,3,25,25,20.1,3,1,Granted,32.1
17/236809,3600,standard,micro,strict,3,17,6,39.9,2,0,Abandoned,46.7
17/962695,1700,trackOne,small,moderate,3,23,23,3.1,3,1,Abandoned,13.7
17/467657,1600,standard,small,moderate,4,27,12,25.5,3,1,Granted,37.9
17/224393,3700,accelerated,large,moderate,3,29,5,4.2,3,1,Granted,16.6
17/169519,1600,standard,small,strict,2,16,20,22.5,2,0,Abandoned,26.5
17/659194,1600,standard,small,strict,3,22,12,27.8,1,0,Granted,34.2
17/108826,1600,trackOne,large,moderate,2,16,9,2.7,1,0,Granted,7.6
17/783773,2800,standard,large,lenient,2,15,1,14.9,1,0,Granted,20.5
17/713778,2800,pph,small,lenient,6,36,21,5.9,1,0,Granted,9.0
17/472622,2100,standard,large,moderate,3,22,7,18.0,1,0,Granted,23.9
17/161015,1700,standard,large,lenient,3,25,1,17.1,1,0,Granted,22.4
17/747681,2600,standard,large,lenient,3,26,14,20.4,1,0,Granted,25.8
17/550741,2600,standard,small,lenient,2,26,28,16.7,2,0,Abandoned,23.0
17/710592,2400,standard,small,moderate,3,33,14,17.2,3,1,Granted,29.9
17/537982,1700,pph,large,strict,3,23,20,5.4,3,1,Granted,16.2
17/941918,2400,standard,micro,strict,3,31,29,26.6,3,1,Granted,38.7
17/882953,2600,standard,large,moderate,2,16,33,27.7,4,2,Granted,44.8
17/802617,2600,trackOne,large,moderate,2,29,2,5.0,1,0,Granted,10.1
17/419553,2100,standard,small,moderate,2,17,28,27.2,1,0,Granted,33.1
17/276759,1700,standard,small,lenient,3,31,16,18.1,1,0,Granted,24.1
17/871905,3600,standard,small,lenient,3,28,5,20.7,1,0,Granted,26.4
17/146650,1600,standard,small,moderate,3,13,23,16.8,3,1,Granted,29.8
17/185563,3600,standard,small,moderate,3,18,21,22.4,1,0,Granted,28.2
17/854296,2100,standard,large,strict,3,21,29,21.8,3,1,Granted,34.2
17/911747,2800,trackOne,large,lenient,5,34,4,4.5,3,1,Granted,16.4
17/238723,3600,standard,large,lenient,3,27,16,14.6,1,0,Granted,19.9
17/902437,2400,trackOne,large,lenient,3,28,12,4.6,3,1,Granted,19.1
17/477924,3600,trackOne,micro,lenient,3,30,18,3.6,1,0,Granted,8.2
17/816769,2600,accelerated,large,moderate,5,28,15,6.0,1,0,Granted,11.9
17/654823,1600,standard,large,strict,2,19,17,29.6,4,2,Granted,46.7
17/274548,3700,standard,large,strict,4,29,1,19.8,2,0,Abandoned,24.2
17/223158,2100,pph,small,moderate,5,16,1,6.7,2,0,Granted,28.8
17/882816,2800,standard,small,strict,2,27,9,22.0,4,2,Abandoned,34.7
17/200500,2800,standard,large,moderate,1,23,21,11.5,1,0,Granted,17.2
17/325057,2100,standard,small,strict,4,22,2,28.4,1,0,Granted,34.0
17/776963,3700,pph,small,lenient,3,26,21,6.5,2,0,Abandoned,11.8
17/600924,1600,standard,large,strict,3,16,15,27.9,1,0,Granted,33.6
17/627863,3700,pph,large,moderate,2,19,18,6.1,2,0,Abandoned,35.4
17/143026,2100,trackOne,large,strict,3,33,17,3.2,1,0,Granted,9.9
17/267142,3600,trackOne,micro,strict,3,20,13,3.1,1,0,Granted,9.1
17/395274,2400,pph,large,moderate,3,29,19,5.4,2,0,Abandoned,10.0
17/613134,2600,standard,large,moderate,4,24,10,14.2,2,0,Abandoned,19.1
17/318185,2600,standard,large,strict,2,15,11,27.7,1,0,Granted,33.7
17/268948,1700,standard,large,lenient,2,26,24,27.0,4,2,Granted,42.3
17/876398,3700,pph,large,lenient,3,28,23,4.8,2,0,Abandoned,9.7
17/987746,2100,trackOne,large,moderate,3,29,3,2.5,3,1,Granted,14.8
17/690453,3700,standard,large,moderate,3,31,27,17.4,3,1,Abandoned,27.1
17/442739,2400,standard,small,moderate,3,26,34,14.0,1,0,Granted,21.2
17/806937,3600,standard,large,moderate,1,19,11,28.3,1,0,Granted,34.5
17/421272,1700,standard,large,lenient,3,28,14,15.7,3,1,Granted,29.0
17/672707,2800,standard,large,strict,3,14,16,27.9,1,0,Granted,34.2
17/908400,2100,standard,micro,moderate,6,35,8,22.0,2,0,Abandoned,45.6
17/489867,2800,standard,small,moderate,3,15,26,13.4,1,0,Granted,20.3
17/121005,2800,trackOne,small,strict,3,13,15,3.9,2,0,Abandoned,10.8
17/904033,2100,standard,large,moderate,3,25,22,22.1,3,1,Granted,34.2
17/230139,2600,standard,small,lenient,2,22,7,14.8,4,2,Granted,32.3
17/342293,1700,standard,small,strict,3,22,19,22.3,3,1,Granted,34.0
17/782178,2400,trackOne,small,lenient,2,13,31,5.0,1,0,Granted,12.0
17/805996,2800,standard,small,lenient,3,18,22,15.5,1,0,Granted,21.9
17/953868,1600,standard,micro,moderate,2,20,7,19.5,3,1,Abandoned,30.0
17/229187,2400,standard,micro,lenient,3,22,8,14.9,1,0,Granted,18.7
17/585467,2800,standard,large,moderate,4,29,8,15.3,3,1,Granted,26.7
17/325479,3600,standard,small,moderate,4,23,14,26.8,3,1,Abandoned,35.3
17/909455,1600,standard,large,moderate,4,27,11,27.3,1,0,Granted,33.0
17/191568,3600,standard,small,lenient,3,22,13,23.0,3,1,Granted,35.9
17/407593,1600,standard,large,lenient,3,20,10,21.3,2,0,Abandoned,26.6
17/151943,2800,standard,large,moderate,2,31,17,16.9,3,1,Granted,29.3
17/136648,2100,standard,large,moderate,3,29,13,30.0,2,0,Abandoned,35.7
17/319456,1600,standard,large,moderate,3,33,10,21.9,1,0,Granted,27.1
17/721152,1600,standard,small,strict,3,33,18,28.5,2,0,Abandoned,34.6
17/789923,3600,standard,large,moderate,3,21,12,25.6,2,0,Abandoned,30.8
17/246282,2800,standard,large,strict,3,30,16,12.1,3,1,Abandoned,22.7
17/138559,3600,standard,small,lenient,4,27,4,24.0,1,0,Granted,29.5
17/869451,1700,trackOne,small,moderate,2,25,16,3.5,1,0,Granted,9.5
17/455973,2600,standard,small,moderate,3,14,11,18.7,2,0,Abandoned,22.7
17/143326,1700,standard,large,moderate,3,15,1,18.2,1,0,Granted,24.1
17/132546,2600,trackOne,small,moderate,3,14,21,3.5,1,0,Granted,9.8
17/195099,1700,trackOne,small,lenient,3,26,12,3.4,1,0,Granted,7.9
17/558662,3600,trackOne,large,moderate,1,13,24,4.3,1,0,Granted,10.1
17/358805,2400,standard,large,moderate,3,25,6,21.3,2,0,Abandoned,49.0
17/336952,3600,pph,large,lenient,3,26,14,8.7,4,2,Abandoned,21.5
17/721715,1600,trackOne,micro,lenient,6,18,7,4.5,1,0,Granted,6.7
17/511469,1600,standard,large,moderate,3,32,15,17.4,1,0,Granted,22.8
17/572936,1700,standard,micro,strict,3,15,26,27.1,2,0,Abandoned,32.9
17/100680,2600,standard,large,moderate,3,13,18,17.0,3,1,Granted,29.9
17/689876,1600,standard,small,moderate,3,14,38,28.5,3,1,Abandoned,38.6
17/767060,1700,trackOne,small,moderate,3,27,14,3.5,1,0,Granted,9.3
17/637772,1700,standard,large,moderate,3,20,11,14.5,2,0,Granted,40.6
17/265399,1600,standard,small,strict,3,25,2,24.4,1,0,Granted,30.2
17/778122,1700,standard,large,moderate,3,17,6,30.3,2,0,Abandoned,56.4
17/530408,2800,standard,small,moderate,1,23,9,9.7,3,1,Granted,21.5
17/135271,2400,standard,large,moderate,3,18,8,25.2,3,1,Granted,38.3
17/659070,3600,standard,micro,moderate,2,13,9,24.8,1,0,Granted,31.4
17/792385,3600,trackOne,small,moderate,3,30,15,4.3,2,0,Abandoned,9.6
17/697946,3700,standard,large,moderate,2,22,24,21.5,3,1,Granted,33.6
17/184669,3600,standard,large,moderate,4,28,1,36.9,1,0,Granted,41.9
17/350824,2100,standard,small,moderate,1,17,13,17.9,3,1,Granted,30.8
17/475264,2600,standard,large,moderate,3,19,33,7.4,3,1,Granted,20.2
17/354036,2100,standard,small,moderate,4,28,24,14.4,2,0,Abandoned,21.1
17/771877,2800,standard,small,lenient,3,24,20,12.0,2,0,Abandoned,18.4
17/157095,1700,trackOne,large,moderate,3,33,17,2.8,1,0,Granted,6.2
17/342891,1600,trackOne,small,lenient,4,17,20,4.2,1,0,Granted,9.2
17/721721,2600,trackOne,large,moderate,4,33,20,2.8,3,1,Granted,15.3
17/968407,2400,standard,small,moderate,3,30,27,25.9,1,0,Granted,30.4
17/445461,3700,trackOne,micro,moderate,3,24,13,4.0,1,0,Granted,8.9
17/249836,2400,standard,large,lenient,3,26,7,18.0,1,0,Granted,23.5
17/804762,3600,standard,large,strict,3,23,7,18.1,3,1,Abandoned,26.8
17/524492,3600,standard,large,moderate,2,32,20,25.2,3,1,Granted,37.5
17/488660,3700,standard,large,moderate,3,13,21,16.9,1,0,Granted,22.4
17/540208,1700,trackOne,micro,strict,2,32,26,3.6,2,0,Abandoned,10.7
17/217029,2400,trackOne,small,lenient,3,16,8,2.5,3,1,Granted,15.9
17/522871,3700,trackOne,small,strict,3,13,1,4.5,2,0,Abandoned,10.4
17/788113,2400,standard,small,moderate,6,21,17,27.6,3,1,Granted,39.7
17/791848,1600,standard,large,strict,3,20,7,22.7,2,0,Granted,50.9
17/502425,3700,standard,large,moderate,3,25,16,18.7,1,0,Granted,25.0
17/820722,3700,standard,large,lenient,4,22,13,12.7,1,0,Granted,18.8
17/643581,1700,trackOne,large,moderate,3,22,21,3.7,3,1,Abandoned,13.0
17/243447,1600,standard,large,lenient,3,16,1,13.8,1,0,Granted,19.6
17/844693,2400,standard,small,lenient,2,28,25,21.2,1,0,Granted,27.9
17/141447,1600,standard,large,moderate,3,24,11,21.4,3,1,Granted,32.9
17/290844,3600,standard,small,strict,3,30,25,27.1,1,0,Granted,32.6
17/191101,2400,pph,large,lenient,3,19,1,5.6,1,0,Granted,11.1
17/512849,3600,standard,large,lenient,3,29,13,29.8,1,0,Granted,36.0
17/735180,1600,pph,small,strict,5,25,25,5.2,1,0,Granted,10.6
17/558457,1600,standard,large,moderate,3,21,30,23.9,1,0,Granted,28.5
17/256743,1700,standard,small,moderate,4,31,22,16.4,1,0,Granted,21.7
17/937626,2100,standard,large,moderate,3,15,1,21.1,2,0,Abandoned,47.9
17/171371,2400,standard,large,lenient,5,20,11,30.9,2,0,Abandoned,36.4
17/688523,3700,standard,small,strict,3,25,9,9.5,2,0,Abandoned,34.6
17/508866,1700,trackOne,large,moderate,2,17,15,2.5,1,0,Granted,8.2
17/120577,3600,standard,small,moderate,3,31,10,33.3,3,1,Granted,45.0
17/256216,3600,standard,large,moderate,3,20,14,23.3,1,0,Granted,29.7
17/873673,3700,standard,large,moderate,3,20,1,18.6,3,1,Granted,31.5
17/717562,3700,standard,small,moderate,3,14,14,17.4,1,0,Granted,19.7
17/577273,2800,trackOne,large,lenient,3,14,15,3.1,3,1,Abandoned,12.6
17/982863,3700,standard,small,moderate,3,19,14,21.2,3,1,Granted,33.2
17/927996,2600,standard,small,moderate,3,32,18,20.2,3,1,Abandoned,29.1
17/259397,2600,standard,small,moderate,2,18,3,22.1,2,0,Abandoned,28.8
17/208087,3700,standard,small,moderate,3,27,23,20.4,1,0,Granted,27.2
17/620783,2100,standard,large,lenient,3,30,19,12.9,2,0,Abandoned,35.9
17/552530,2800,standard,small,strict,3,23,9,22.2,1,0,Granted,24.6
17/341767,2100,standard,micro,moderate,2,25,18,22.0,2,0,Abandoned,26.5
17/862991,2800,standard,large,lenient,6,17,34,14.0,2,0,Abandoned,19.0
17/939556,3600,standard,small,moderate,3,16,2,19.7,1,0,Granted,25.5
17/380379,3600,standard,small,moderate,3,23,21,28.4,1,0,Granted,30.9
17/301963,2400,standard,small,strict,1,28,7,25.2,2,0,Abandoned,30.6
17/872937,1700,trackOne,large,lenient,4,14,17,4.4,1,0,Granted,10.5
17/521721,2600,standard,large,lenient,1,30,10,19.4,1,0,Granted,25.8
17/533384,2100,accelerated,small,moderate,2,30,7,6.4,1,0,Granted,9.7
17/329177,1600,standard,small,moderate,3,19,18,25.5,2,0,Abandoned,31.2
17/977167,3700,trackOne,large,strict,2,26,27,4.5,1,0,Granted,7.1
17/296557,2400,pph,large,moderate,3,27,17,4.7,1,0,Granted,7.2
17/269319,1700,trackOne,small,moderate,3,17,7,2.5,1,0,Granted,4.6
17/422858,2600,standard,large,lenient,3,22,6,15.3,1,0,Granted,21.5
17/504586,2800,standard,large,lenient,4,30,25,12.8,3,1,Granted,25.4
17/331985,2400,standard,large,strict,3,27,18,20.3,3,1,Granted,33.1
17/691909,3700,trackOne,small,strict,3,26,11,3.2,3,1,Abandoned,12.0
17/819826,1700,standard,large,strict,3,18,4,21.1,4,2,Granted,37.3
17/249634,3600,standard,large,strict,3,33,31,26.7,2,0,Abandoned,31.2
17/346036,2600,standard,small,moderate,3,27,23,19.2,1,0,Granted,25.0
17/792216,3600,standard,small,moderate,2,22,6,22.0,2,0,Abandoned,26.5
17/337797,1600,standard,large,lenient,4,19,19,17.3,1,0,Granted,20.5
17/392273,2800,standard,micro,strict,2,13,6,18.7,3,1,Granted,30.6
17/629131,2400,standard,large,lenient,3,27,16,18.1,1,0,Granted,24.1
17/436738,3700,standard,small,lenient,1,16,9,12.4,3,1,Granted,26.0
17/410037,2800,trackOne,large,moderate,4,24,20,3.2,2,0,Granted,35.2
17/971112,1600,standard,large,strict,3,27,6,31.2,3,1,Granted,44.3
17/687245,1700,standard,small,moderate,3,22,11,26.0,3,1,Granted,37.5
17/229199,2400,pph,large,strict,3,16,19,7.4,2,0,Abandoned,12.9
17/186683,3600,standard,large,moderate,6,24,8,27.7,1,0,Granted,33.6
17/201108,3700,standard,large,lenient,2,18,26,11.9,3,1,Granted,24.6
17/549956,1700,pph,small,moderate,3,23,19,6.4,1,0,Granted,9.2
17/768186,1600,standard,large,lenient,3,21,9,30.2,1,0,Granted,36.5
17/790670,2800,standard,small,moderate,3,31,1,26.1,3,1,Granted,38.9
17/418279,3600,standard,small,strict,3,23,9,30.1,2,0,Abandoned,56.8
17/426233,1600,trackOne,small,lenient,3,26,11,4.0,1,0,Granted,10.1
17/281001,2800,standard,large,lenient,5,30,18,22.7,1,0,Granted,26.1
17/356100,1600,standard,large,moderate,3,33,3,25.3,3,1,Granted,37.4
17/653836,2400,standard,small,strict,3,28,13,26.3,1,0,Granted,32.9
17/241528,3700,standard,large,strict,4,28,19,20.3,4,2,Granted,35.9
17/556511,3600,accelerated,small,lenient,2,27,5,4.9,1,0,Granted,7.6
17/980655,3600,standard,large,lenient,3,15,12,25.7,1,0,Granted,31.7
17/401375,2600,trackOne,small,strict,3,13,9,3.6,1,0,Granted,8.9
17/399260,3700,standard,micro,moderate,2,24,1,18.4,1,0,Granted,24.3
17/255813,2400,pph,large,moderate,3,20,8,5.5,3,1,Granted,17.9
17/333183,2400,standard,small,moderate,3,24,20,15.1,1,0,Granted,20.2
17/567116,1600,standard,large,moderate,3,20,16,27.3,1,0,Granted,33.9
17/333384,3700,standard,small,lenient,3,22,4,14.4,1,0,Granted,17.2
17/213533,2800,standard,small,strict,3,30,18,24.9,3,1,Abandoned,35.0
17/669018,1600,trackOne,large,moderate,1,25,23,3.3,1,0,Granted,8.9
17/705760,3600,standard,large,strict,4,14,24,26.3,1,0,Granted,31.4
17/547384,1700,standard,large,moderate,4,20,15,20.5,3,1,Granted,32.5
17/337952,2800,standard,large,moderate,3,15,13,13.4,2,0,Abandoned,18.2
17/682534,3600,standard,micro,lenient,3,26,16,17.2,1,0,Granted,23.1
17/887573,2600,standard,small,moderate,4,27,13,17.3,1,0,Granted,23.5
17/421570,2800,standard,small,lenient,4,24,21,12.6,2,0,Granted,36.5
17/287259,2100,standard,large,strict,3,14,5,29.2,3,1,Abandoned,39.1
17/121814,2800,accelerated,small,moderate,3,21,1,5.6,1,0,Granted,11.6
17/810728,2400,standard,large,moderate,3,14,8,17.4,3,1,Abandoned,27.1
17/447222,3700,pph,large,lenient,4,29,28,4.0,1,0,Granted,10.3
17/946317,2400,standard,large,strict,3,14,17,22.2,4,2,Abandoned,36.6
17/588789,3600,standard,small,strict,3,19,17,18.3,1,0,Granted,24.2
17/758911,1600,standard,small,moderate,3,26,14,21.6,1,0,Granted,26.9
17/547165,3600,standard,small,moderate,3,21,7,23.5,2,0,Abandoned,30.2
17/495647,1700,standard,large,lenient,3,15,17,13.1,2,0,Abandoned,39.6
17/610874,2400,standard,large,lenient,2,19,17,18.3,1,0,Granted,25.1
17/697385,3600,standard,large,moderate,2,18,24,27.8,3,1,Granted,39.2
17/788400,3700,standard,small,lenient,3,20,14,11.8,1,0,Granted,18.3
17/358848,2100,standard,large,moderate,3,24,1,27.5,1,0,Granted,33.1
17/302627,2600,trackOne,small,strict,3,27,15,4.2,1,0,Granted,8.6
17/752404,2800,standard,large,lenient,3,24,6,24.1,1,0,Granted,31.4
17/633249,3600,standard,micro,lenient,3,15,7,25.5,1,0,Granted,31.5
17/888251,3700,accelerated,large,lenient,6,23,10,4.6,1,0,Granted,10.7
17/547259,3600,standard,large,strict,3,25,12,31.7,3,1,Granted,43.1
17/533923,2100,standard,large,moderate,1,21,13,14.3,1,0,Granted,21.1
17/690227,2800,standard,small,lenient,2,30,8,15.6,1,0,Granted,21.5
17/688934,3600,standard,small,moderate,2,15,15,25.0,1,0,Granted,31.2
17/943112,2600,accelerated,large,moderate,2,16,20,4.0,2,0,Abandoned,9.7
17/956974,2800,pph,large,strict,3,32,18,7.9,1,0,Granted,13.5
17/858328,2100,standard,large,strict,3,24,22,26.1,3,1,Granted,38.3
17/164468,3600,trackOne,small,moderate,2,14,32,2.7,1,0,Granted,8.5
17/270373,2100,standard,large,moderate,2,17,15,23.8,1,0,Granted,30.2
17/786711,3600,trackOne,small,moderate,3,31,21,3.4,3,1,Granted,17.2
17/996748,2800,standard,small,lenient,2,17,3,8.8,1,0,Granted,15.6
17/369164,2800,trackOne,small,lenient,1,23,19,4.0,1,0,Granted,9.3
17/582236,2800,standard,micro,lenient,3,18,27,16.5,1,0,Granted,21.9
17/151196,1700,trackOne,large,moderate,1,20,4,2.5,1,0,Granted,5.6
17/425116,2600,standard,large,moderate,3,15,23,19.7,3,1,Granted,32.1
17/377299,2400,accelerated,small,moderate,3,27,9,6.6,2,0,Granted,40.2
17/376072,2800,standard,large,moderate,2,12,4,12.0,3,1,Granted,24.3
17/580972,2100,standard,large,strict,3,22,31,27.0,1,0,Granted,33.8
17/237031,3600,standard,small,lenient,2,23,7,22.0,1,0,Granted,28.2
17/900318,1600,standard,large,moderate,3,13,9,28.8,1,0,Granted,33.9
17/475417,1600,standard,large,strict,3,32,18,16.0,3,1,Granted,29.1
17/947960,2600,standard,micro,moderate,3,32,7,20.3,1,0,Granted,24.5
17/229817,2400,standard,small,strict,1,20,20,30.9,2,0,Abandoned,35.7
17/563298,3600,standard,large,moderate,3,31,30,26.3,1,0,Granted,32.3
17/743558,1600,standard,large,moderate,3,17,28,26.0,1,0,Granted,31.7
17/411796,1600,standard,large,lenient,4,14,20,21.1,3,1,Granted,34.0
17/476667,2400,standard,large,moderate,2,28,17,20.4,3,1,Abandoned,30.5
17/684455,2800,pph,large,moderate,4,19,15,5.1,4,2,Abandoned,17.9
17/984261,2100,trackOne,large,strict,3,32,11,3.5,3,1,Abandoned,13.6
17/249388,2400,standard,large,moderate,3,33,16,17.9,2,0,Abandoned,23.4
17/280946,2600,standard,small,strict,2,26,14,20.8,3,1,Granted,32.7
17/908843,3600,standard,large,lenient,3,30,21,22.8,1,0,Granted,28.5
17/994849,2600,standard,micro,moderate,3,32,1,16.9,1,0,Granted,23.3
17/432930,1700,standard,small,moderate,3,24,1,19.4,3,1,Granted,30.9
17/254383,1600,standard,large,lenient,3,18,24,20.9,1,0,Granted,26.6
17/356678,2800,standard,small,moderate,3,23,21,17.1,2,0,Granted,36.6
17/237709,3600,standard,large,lenient,3,21,2,18.5,3,1,Granted,30.8
17/275144,2600,standard,small,moderate,3,15,17,22.8,1,0,Granted,29.7
17/536018,3600,standard,small,moderate,3,13,13,25.9,1,0,Granted,32.3
17/916699,3700,standard,large,lenient,3,13,22,10.2,1,0,Granted,16.8
17/439329,2800,standard,large,lenient,2,16,6,6.0,1,0,Granted,11.8
17/200785,2400,standard,large,strict,3,22,18,23.7,1,0,Granted,29.5
17/224560,2600,standard,small,moderate,4,22,10,17.5,1,0,Granted,24.3
17/592382,2800,pph,large,moderate,4,26,22,7.1,1,0,Granted,13.4
17/867638,2800,trackOne,small,moderate,3,32,21,3.0,2,0,Abandoned,9.3
17/461313,1700,standard,small,moderate,3,21,5,13.2,1,0,Granted,18.9
17/126107,3600,standard,small,strict,3,21,25,28.0,1,0,Granted,34.9
17/283223,2800,standard,small,lenient,3,26,18,17.0,2,0,Granted,42.1
17/215972,2100,standard,large,moderate,3,17,12,29.3,3,1,Granted,40.5
17/440460,2400,standard,large,strict,3,18,19,29.2,2,0,Abandoned,35.2
17/713446,3600,standard,micro,moderate,3,28,23,31.3,3,1,Granted,43.9
17/642432,2100,standard,small,moderate,3,14,30,28.9,3,1,Granted,43.3
17/388234,2100,standard,large,strict,2,14,12,24.2,3,1,Granted,36.8
17/572925,2600,standard,large,strict,3,27,19,23.7,1,0,Granted,29.4
17/793138,2100,standard,large,lenient,3,32,24,17.6,4,2,Granted,33.5
17/666276,2100,standard,small,moderate,2,27,7,22.8,1,0,Granted,28.0
17/445235,2800,pph,large,strict,3,28,26,7.6,2,0,Granted,31.3
17/525815,2600,standard,large,lenient,3,18,2,11.6,2,0,Abandoned,42.0
17/812496,1600,standard,small,moderate,3,33,29,27.0,1,0,Granted,32.4
17/517529,2100,standard,large,lenient,3,21,17,18.4,2,0,Abandoned,23.6
17/526857,2600,standard,small,moderate,3,19,16,19.9,2,0,Abandoned,26.3
17/591720,2800,pph,micro,moderate,2,25,26,4.2,1,0,Granted,6.9
17/828517,2100,pph,large,lenient,4,23,25,4.4,2,0,Granted,37.8
17/356670,2600,standard,small,strict,3,18,29,29.0,3,1,Granted,40.7
17/519038,1700,standard,micro,moderate,3,23,8,22.5,1,0,Granted,29.9
17/261143,1600,accelerated,large,moderate,2,27,14,4.6,1,0,Granted,9.3
17/299447,2100,standard,small,lenient,3,27,1,22.6,1,0,Granted,27.9
17/377791,2100,standard,large,lenient,3,24,16,16.0,1,0,Granted,21.6
17/258798,1600,standard,large,moderate,3,14,11,30.2,3,1,Granted,43.3
17/588283,2400,accelerated,large,lenient,3,15,17,3.9,1,0,Granted,9.1
17/247328,3600,standard,small,strict,3,28,15,29.6,2,0,Abandoned,34.6
17/290289,2600,standard,small,moderate,4,29,15,13.2,2,0,Abandoned,46.1
17/628303,2600,standard,micro,moderate,2,28,17,12.7,1,0,Granted,19.5
17/517823,2600,standard,large,moderate,3,19,24,19.3,1,0,Granted,25.1
17/511703,3700,standard,small,moderate,3,29,28,17.1,1,0,Granted,22.9
17/610375,2400,trackOne,large,moderate,5,35,24,4.2,1,0,Granted,11.0
17/191732,2800,standard,small,moderate,1,30,32,13.3,2,0,Abandoned,16.8
17/534298,2600,standard,large,lenient,3,16,18,13.5,1,0,Granted,19.9
17/595384,1600,standard,large,lenient,3,15,10,20.4,1,0,Granted,27.2
17/731148,2100,standard,small,moderate,1,31,19,21.9,2,0,Abandoned,27.7
17/601958,2400,standard,large,lenient,3,27,16,15.7,1,0,Granted,18.3
17/439127,1700,standard,large,moderate,4,14,14,27.4,1,0,Granted,33.5
17/281161,2400,standard,large,strict,4,22,8,19.3,3,1,Granted,32.6
17/964971,3600,trackOne,large,moderate,3,27,18,3.8,3,1,Granted,16.1
17/157322,3700,standard,small,strict,2,18,19,25.0,2,0,Abandoned,30.1
17/841963,1600,standard,large,strict,3,29,22,24.7,3,1,Granted,37.6
17/195008,2100,standard,large,strict,3,29,26,27.6,3,1,Granted,39.8
17/646707,2100,standard,small,moderate,4,27,17,22.3,1,0,Granted,30.1
17/198995,1700,standard,large,lenient,3,14,18,15.8,3,1,Abandoned,23.7
17/974740,2800,standard,micro,lenient,4,32,22,17.6,1,0,Granted,21.3
17/908296,2400,standard,large,strict,4,16,26,18.8,2,0,Abandoned,45.5
17/414895,3600,standard,large,lenient,3,26,11,20.4,3,1,Granted,32.7
17/577646,1600,trackOne,large,moderate,6,34,14,4.0,1,0,Granted,7.5
17/411419,3700,standard,large,strict,3,23,15,19.3,1,0,Granted,25.2
17/517820,2400,trackOne,small,moderate,3,23,13,4.6,2,0,Abandoned,8.8
17/712041,1600,standard,large,moderate,1,12,21,16.5,1,0,Granted,21.6
17/647135,2100,standard,large,moderate,3,20,20,22.9,2,0,Granted,52.0
17/292892,1600,standard,small,strict,6,20,20,29.7,3,1,Granted,40.9
17/567078,2600,standard,micro,strict,4,31,17,18.0,1,0,Granted,24.7
17/932216,2600,standard,small,lenient,4,34,29,18.7,3,1,Abandoned,28.8
17/682682,2800,pph,large,moderate,3,14,13,8.5,1,0,Granted,13.5
17/881093,1600,standard,large,lenient,6,34,20,17.9,1,0,Granted,23.5
17/851331,2100,standard,small,lenient,5,31,13,23.7,1,0,Granted,29.1
17/563865,3600,trackOne,micro,lenient,2,16,11,5.5,1,0,Granted,10.8
17/789238,2100,standard,large,moderate,3,19,11,30.9,1,0,Granted,35.5
17/740479,3600,standard,small,lenient,2,13,21,17.2,1,0,Granted,22.5
17/157355,1600,pph,small,moderate,4,20,17,5.8,3,1,Granted,16.9
17/740835,2400,trackOne,large,moderate,3,28,17,4.4,3,1,Granted,18.5
17/809492,2800,standard,large,moderate,3,20,18,18.1,2,0,Abandoned,23.5
17/469495,2800,standard,large,lenient,3,25,1,10.3,1,0,Granted,15.9
17/912265,3700,standard,small,strict,3,32,8,25.5,1,0,Granted,31.8
17/371393,2400,standard,small,lenient,4,22,20,19.0,1,0,Granted,25.6
17/191972,2600,standard,large,moderate,3,19,22,23.6,3,1,Granted,36.5
17/373653,1700,standard,large,moderate,3,19,8,18.7,1,0,Granted,25.8
17/804228,2100,standard,large,moderate,2,30,17,25.7,3,1,Granted,37.5
17/957902,3700,standard,large,moderate,5,31,23,18.2,2,0,Abandoned,23.0
17/365819,2800,standard,micro,moderate,3,28,13,11.7,1,0,Granted,17.9
17/832861,3600,standard,micro,moderate,4,15,9,35.9,2,0,Abandoned,42.1
17/303841,1700,standard,large,moderate,3,33,7,23.0,2,0,Granted,49.2
17/803966,1600,standard,large,strict,2,31,14,27.4,1,0,Granted,32.3
17/925760,3600,standard,small,strict,2,30,44,32.7,1,0,Granted,35.7
17/963274,2100,standard,large,strict,3,16,23,32.9,3,1,Granted,44.7
17/713505,2100,standard,small,moderate,4,23,16,18.3,1,0,Granted,23.0
17/806840,3700,standard,large,moderate,3,32,20,16.7,2,0,Abandoned,24.8
17/145334,2100,standard,large,strict,3,20,20,26.7,1,0,Granted,32.6
17/596502,2100,standard,large,lenient,4,30,16,10.4,1,0,Granted,13.6
17/766254,1600,accelerated,small,lenient,3,21,12,4.4,1,0,Granted,7.2
17/372303,3700,trackOne,micro,moderate,3,16,9,4.7,3,1,Granted,16.5
17/545961,2100,standard,small,moderate,3,25,6,28.7,3,1,Granted,41.2
17/264302,3700,standard,small,moderate,3,29,23,22.2,3,1,Granted,34.4
17/184463,2800,standard,micro,lenient,3,19,15,11.5,2,0,Abandoned,17.0
17/912681,3700,standard,large,moderate,4,31,4,20.0,1,0,Granted,23.5
17/849127,3600,standard,small,lenient,3,15,29,27.9,1,0,Granted,32.9
17/412435,3600,trackOne,large,strict,2,12,18,2.6,3,1,Granted,14.7
17/691234,3600,standard,large,moderate,3,13,12,37.3,1,0,Granted,42.6
17/418390,2800,standard,large,moderate,3,13,4,6.2,2,0,Abandoned,12.3
17/946782,3700,standard,small,lenient,3,30,4,22.0,3,1,Granted,34.2
17/929037,2600,standard,large,lenient,3,24,3,13.0,3,1,Abandoned,21.2
17/580466,3700,standard,small,lenient,3,23,22,15.2,2,0,Abandoned,20.8
17/532008,2100,trackOne,large,strict,3,32,12,2.5,3,1,Granted,15.1
17/662403,2800,standard,small,strict,3,24,23,12.5,1,0,Granted,18.5
17/417470,2600,standard,large,strict,2,22,29,25.3,1,0,Granted,31.3
17/973457,2100,trackOne,micro,moderate,3,26,4,4.0,3,1,Granted,15.3
17/238987,2800,standard,small,lenient,6,21,13,15.2,1,0,Granted,20.3
17/944636,1700,standard,large,strict,3,14,17,19.9,1,0,Granted,25.9
17/294379,2100,standard,small,moderate,4,33,7,21.1,1,0,Granted,25.8
17/219739,2400,standard,large,moderate,3,30,20,16.9,2,0,Abandoned,46.4
17/752662,2400,standard,small,moderate,3,16,9,12.5,1,0,Granted,18.0
17/372347,2100,standard,small,moderate,3,28,21,26.8,1,0,Granted,32.9
17/296922,2100,standard,small,lenient,3,27,25,20.5,1,0,Granted,26.5
17/156675,2400,standard,small,strict,2,29,9,31.4,1,0,Granted,37.0
17/351089,2600,standard,small,lenient,3,14,23,26.6,1,0,Granted,30.1
17/453295,3700,standard,small,moderate,6,30,7,18.3,2,0,Abandoned,23.2
17/626899,2100,trackOne,small,lenient,3,27,21,3.6,1,0,Granted,9.5
17/102037,2600,standard,large,moderate,3,30,5,6.0,3,1,Granted,18.8
17/727454,3600,standard,large,moderate,5,30,29,25.2,1,0,Granted,31.0
17/545110,3600,standard,small,moderate,3,24,23,22.0,1,0,Granted,27.5
17/284019,2800,trackOne,large,strict,4,29,20,4.2,2,0,Abandoned,31.9
17/748380,3700,standard,large,moderate,2,21,26,23.8,3,1,Granted,36.0
17/489922,2600,standard,small,lenient,3,25,1,19.4,1,0,Granted,25.9
17/346863,3700,standard,small,moderate,3,33,6,15.0,4,2,Abandoned,28.6
17/280482,3700,standard,large,moderate,3,30,10,17.5,3,1,Granted,29.4
17/364939,2600,standard,large,strict,3,17,29,22.9,1,0,Granted,28.5
17/183011,2400,standard,large,lenient,5,16,9,9.3,1,0,Granted,12.3
17/244480,2400,accelerated,small,lenient,4,31,4,3.8,1,0,Granted,9.9
17/456036,2800,standard,large,strict,3,25,8,26.5,1,0,Granted,32.9
17/850862,2800,standard,large,moderate,3,21,29,17.5,1,0,Granted,22.0
17/935117,2400,standard,large,strict,2,28,17,31.5,4,2,Granted,46.4
17/213872,2400,standard,large,moderate,4,19,19,17.6,1,0,Granted,21.3
17/257140,1600,standard,large,moderate,2,15,14,22.0,3,1,Granted,34.1
17/571581,3700,standard,large,strict,3,13,18,20.9,1,0,Granted,26.7
17/138203,1600,standard,large,moderate,3,17,28,14.5,1,0,Granted,20.3
17/265351,3700,pph,large,strict,4,32,3,5.6,3,1,Abandoned,13.9
17/526839,1600,trackOne,micro,strict,3,19,12,2.6,1,0,Granted,5.3
17/793094,1600,trackOne,large,strict,2,15,20,3.6,1,0,Granted,5.8
17/274389,1600,standard,large,strict,3,24,10,28.2,2,0,Abandoned,33.0
17/491426,1600,standard,large,moderate,1,13,13,19.5,1,0,Granted,25.8
17/882513,3600,pph,large,strict,3,30,32,7.3,3,1,Granted,19.2
17/854420,2800,standard,small,moderate,5,15,22,17.0,3,1,Granted,30.2
17/122845,1600,standard,large,lenient,1,28,11,20.7,1,0,Granted,26.7
17/445576,2100,standard,large,strict,3,30,13,24.9,1,0,Granted,29.8
17/458382,2400,standard,large,strict,1,16,3,17.8,1,0,Granted,23.7
17/871677,1600,pph,large,lenient,3,14,10,7.3,1,0,Granted,11.1
17/876860,2800,standard,large,moderate,3,20,12,21.5,3,1,Granted,35.9
17/696973,3700,standard,large,lenient,1,11,19,19.8,2,0,Abandoned,24.7
17/120271,2600,standard,large,moderate,2,14,28,22.4,3,1,Granted,34.1
17/768676,1600,standard,large,moderate,4,24,18,27.1,1,0,Granted,33.5
17/396885,2600,trackOne,small,lenient,3,31,18,3.7,1,0,Granted,8.9
17/286892,1600,trackOne,large,strict,1,27,29,4.4,3,1,Granted,16.5
17/382444,3600,pph,small,moderate,5,25,13,5.2,3,1,Granted,17.3
17/240233,1700,standard,small,moderate,3,31,12,15.3,3,1,Granted,28.3
17/629940,3700,standard,large,moderate,6,30,15,22.3,3,1,Granted,34.7
17/861968,1700,standard,large,moderate,3,26,22,18.5,1,0,Granted,24.2
17/255478,3700,pph,large,moderate,2,22,20,7.1,2,0,Abandoned,12.5
17/789667,2600,standard,small,moderate,6,23,27,25.1,3,1,Granted,37.6
17/604671,1700,standard,large,strict,3,30,16,27.7,3,1,Granted,39.3
17/406194,2600,trackOne,large,moderate,2,26,23,4.9,3,1,Granted,17.0
17/176513,1600,standard,micro,lenient,3,25,12,14.1,1,0,Granted,16.7
17/160681,1600,standard,small,lenient,2,30,22,19.2,1,0,Granted,24.3
17/766487,1600,standard,large,lenient,3,30,4,18.8,2,0,Abandoned,22.9
17/406042,2100,standard,large,moderate,2,30,13,37.0,3,1,Granted,47.4
17/281524,2800,standard,large,lenient,3,33,13,10.1,4,2,Granted,26.2
17/951075,2100,standard,small,lenient,3,16,22,24.8,1,0,Granted,31.1
17/154224,2800,standard,large,lenient,3,23,1,11.2,1,0,Granted,16.8
17/777387,2600,standard,small,moderate,6,30,21,12.1,2,0,Abandoned,48.6
17/677618,2400,standard,large,moderate,3,14,14,23.1,2,0,Abandoned,27.6
17/239387,1700,standard,large,lenient,3,31,22,18.6,3,1,Granted,30.8
17/600621,1700,trackOne,small,strict,2,23,1,3.5,3,1,Granted,15.4
17/912817,1700,standard,large,strict,6,29,8,20.1,1,0,Granted,24.6
17/425876,2100,standard,small,moderate,3,15,10,28.3,2,0,Abandoned,34.1
17/889718,1600,standard,large,moderate,3,15,3,20.6,1,0,Granted,26.2
17/569850,2100,pph,large,strict,4,29,19,4.0,3,1,Granted,16.1
17/608080,2800,standard,small,strict,3,20,11,20.0,3,1,Granted,32.5
17/369782,1700,standard,small,moderate,3,27,9,21.7,1,0,Granted,27.5
17/787342,2600,standard,micro,moderate,3,24,4,24.8,1,0,Granted,31.1
17/536024,3700,standard,large,moderate,3,16,6,19.4,3,1,Granted,31.3
17/675947,1700,accelerated,small,lenient,1,11,8,5.0,1,0,Granted,8.0
17/541383,1600,standard,micro,strict,1,13,16,26.2,1,0,Granted,32.6
17/960128,2600,trackOne,large,strict,3,24,6,4.0,3,1,Granted,16.6
17/416062,1700,standard,large,moderate,2,13,14,25.0,1,0,Granted,30.9
17/867475,3700,standard,large,strict,3,25,22,23.4,1,0,Granted,30.0
17/412102,3600,trackOne,large,moderate,2,26,15,3.0,4,2,Abandoned,16.7
17/808853,2600,trackOne,large,strict,3,13,10,3.4,3,1,Granted,15.8
17/965434,2800,standard,small,moderate,6,29,20,21.8,1,0,Granted,27.4
17/720980,1600,standard,micro,moderate,5,28,17,13.9,1,0,Granted,20.3
17/986889,2600,trackOne,large,moderate,3,26,9,3.4,1,0,Granted,9.6
17/969564,2100,trackOne,large,lenient,2,17,21,3.6,1,0,Granted,9.5
17/137402,2600,standard,large,moderate,2,26,18,18.8,4,2,Granted,35.2
17/309180,2100,standard,micro,moderate,3,14,23,23.6,4,2,Granted,40.4
17/872938,3600,standard,large,lenient,2,14,19,17.6,2,0,Abandoned,22.9
17/826901,1700,trackOne,micro,moderate,3,25,26,2.5,1,0,Granted,6.9
17/351225,2600,standard,small,lenient,2,12,19,17.0,1,0,Granted,22.8
17/376420,2800,standard,small,lenient,3,31,18,15.5,3,1,Granted,28.5
17/783912,2800,standard,large,moderate,3,23,26,12.8,3,1,Granted,26.4
17/809109,2600,trackOne,large,strict,4,34,23,3.3,2,0,Abandoned,9.9
17/537307,1700,standard,large,lenient,3,16,14,15.8,4,2,Abandoned,31.5
17/327657,3700,standard,large,moderate,3,18,6,16.5,1,0,Granted,21.7
17/899223,2600,pph,small,lenient,3,17,16,6.6,1,0,Granted,12.9
17/257995,2800,standard,small,moderate,3,30,12,18.3,3,1,Abandoned,27.1
17/903396,1700,standard,large,moderate,6,32,19,15.3,4,2,Abandoned,30.3
17/803637,3700,standard,micro,moderate,3,13,6,26.0,4,2,Granted,41.9
17/476461,2600,standard,small,moderate,3,26,14,18.0,3,1,Granted,28.5
17/613445,2800,standard,large,lenient,2,31,8,12.3,1,0,Granted,17.7
17/830101,1600,trackOne,large,strict,3,18,15,2.8,1,0,Granted,7.7
17/243886,2600,standard,large,strict,3,16,34,21.9,1,0,Granted,27.8
17/473865,2400,standard,large,strict,3,20,19,26.6,3,1,Abandoned,37.2
17/276820,1700,trackOne,small,lenient,3,13,31,3.4,3,1,Granted,16.5
17/788554,2600,standard,large,lenient,2,30,1,19.0,1,0,Granted,23.3
17/279652,1600,standard,large,lenient,3,16,20,21.0,1,0,Granted,25.5
17/443115,2800,standard,small,strict,4,25,13,21.0,1,0,Granted,27.7
17/585448,1600,standard,large,strict,3,32,5,27.8,1,0,Granted,33.7
17/581776,2800,trackOne,large,lenient,3,33,21,2.8,1,0,Granted,6.0
17/243982,2100,pph,large,strict,3,20,1,4.9,2,0,Abandoned,9.6
17/922540,2100,standard,large,strict,2,15,7,25.9,1,0,Granted,32.2
17/145606,3700,standard,large,strict,3,15,1,20.9,1,0,Granted,25.6
17/160294,3600,standard,large,moderate,3,32,13,21.3,3,1,Abandoned,31.1
17/908440,1700,standard,small,lenient,3,15,1,12.0,1,0,Granted,17.9
17/907336,2600,accelerated,small,moderate,3,14,3,4.2,3,1,Granted,17.5
17/149489,1600,standard,small,lenient,3,16,19,20.2,3,1,Granted,32.7
17/409096,3600,standard,large,moderate,3,25,12,23.7,4,2,Abandoned,37.0
17/968880,2100,standard,large,moderate,4,27,16,14.9,1,0,Granted,18.1
17/362196,1700,standard,large,moderate,6,31,11,18.7,3,1,Granted,30.3
17/621433,1700,standard,small,lenient,1,11,17,16.1,1,0,Granted,21.7
17/735567,2100,trackOne,large,lenient,4,33,11,2.8,3,1,Granted,15.0
17/800802,2600,standard,large,lenient,1,15,15,8.6,4,2,Abandoned,22.8
17/483039,2100,standard,micro,moderate,2,25,22,20.8,3,1,Granted,32.1
17/799696,1700,standard,large,moderate,3,21,2,21.3,1,0,Granted,27.1
17/122238,2400,standard,small,moderate,5,24,1,18.1,3,1,Abandoned,26.4
17/751856,1700,accelerated,large,lenient,4,19,7,5.4,1,0,Granted,11.5
17/163121,2400,standard,small,lenient,1,28,14,15.3,3,1,Granted,27.1
17/661265,2100,standard,large,moderate,2,31,17,18.0,1,0,Granted,23.3
17/433600,2600,standard,small,lenient,3,17,16,14.0,1,0,Granted,19.7
17/380038,1600,standard,micro,moderate,2,26,11,23.3,1,0,Granted,26.6
17/749058,1600,pph,large,lenient,3,13,22,6.9,1,0,Granted,12.9
17/458176,2600,standard,large,lenient,3,28,18,14.4,3,1,Granted,25.8
17/436788,2600,standard,large,strict,2,27,19,14.5,3,1,Granted,27.3
17/650096,2100,standard,micro,strict,2,29,3,36.6,1,0,Granted,41.7
17/944454,2100,standard,large,moderate,1,20,13,23.6,1,0,Granted,30.0
17/546972,2400,standard,large,moderate,1,11,30,20.6,1,0,Granted,27.3
17/865966,2400,standard,small,moderate,3,32,13,16.3,1,0,Granted,22.3
17/628882,2100,standard,large,lenient,1,22,12,15.3,3,1,Abandoned,25.2
17/664380,2400,standard,large,moderate,3,14,21,17.9,1,0,Granted,24.3
17/640748,1700,standard,large,lenient,4,27,31,13.0,1,0,Granted,19.4
17/493417,2400,standard,micro,strict,3,21,7,34.1,1,0,Granted,40.2
17/851403,1600,standard,small,moderate,2,12,3,24.7,2,0,Abandoned,49.8
17/606157,2600,trackOne,large,moderate,2,28,1,3.0,3,1,Abandoned,12.7
17/931728,3600,accelerated,large,lenient,3,33,3,5.6,1,0,Granted,7.5
17/806440,1700,standard,small,moderate,4,30,22,14.8,1,0,Granted,17.9
17/576995,2100,standard,small,strict,4,20,12,25.3,3,1,Granted,38.4
17/948847,2100,standard,large,strict,3,25,19,27.1,1,0,Granted,33.2
17/831805,2100,standard,small,moderate,3,25,9,20.5,4,2,Granted,36.5
17/768398,1600,standard,large,lenient,3,17,11,17.9,1,0,Granted,23.8
17/548913,2600,standard,large,lenient,3,26,20,23.2,3,1,Abandoned,32.9
17/508237,2400,standard,small,strict,4,20,10,18.6,3,1,Granted,31.6
17/467793,2100,standard,small,moderate,3,17,9,24.3,3,1,Abandoned,33.1
17/378259,1700,trackOne,large,moderate,4,29,28,4.2,2,0,Abandoned,9.8
17/999431,1600,trackOne,micro,lenient,3,32,11,3.6,1,0,Granted,6.9
17/110581,2600,standard,small,moderate,6,18,26,19.0,3,1,Abandoned,29.3
17/686900,2400,standard,large,moderate,3,31,5,22.1,1,0,Granted,27.5
17/888347,2100,standard,small,lenient,4,28,31,23.6,2,0,Abandoned,29.5
17/647190,2400,standard,small,strict,3,33,26,28.5,4,2,Granted,44.8
17/549248,2100,pph,large,moderate,3,22,13,4.8,1,0,Granted,10.3
17/272196,3600,standard,small,strict,2,32,18,19.3,1,0,Granted,24.9
17/741738,2800,standard,small,moderate,3,14,22,19.9,2,0,Abandoned,25.4
17/514966,1700,standard,large,lenient,2,31,21,18.0,1,0,Granted,20.9
17/831176,2600,standard,large,moderate,3,33,18,14.2,3,1,Granted,25.5
17/207290,2100,standard,small,lenient,4,21,26,16.9,1,0,Granted,20.0
17/997205,2600,pph,large,moderate,4,17,24,4.5,2,0,Abandoned,9.8
17/285377,1700,standard,large,moderate,2,14,25,13.0,1,0,Granted,18.3
17/793945,2100,standard,large,moderate,1,27,17,20.8,1,0,Granted,26.6
17/473369,1700,standard,small,lenient,2,21,19,8.1,1,0,Granted,10.5
17/993563,1700,pph,large,strict,3,32,12,6.2,1,0,Granted,11.5
17/350575,2800,standard,large,moderate,3,16,16,16.8,1,0,Granted,19.8
17/622038,2600,standard,small,moderate,2,27,13,21.1,1,0,Granted,26.2
17/850167,3700,standard,large,strict,3,31,3,27.6,3,1,Granted,39.3
17/191289,2600,standard,large,moderate,3,27,9,25.4,1,0,Granted,31.3
17/242124,1700,trackOne,large,moderate,5,35,16,2.8,1,0,Granted,8.7
17/505202,3700,pph,large,moderate,3,16,17,6.8,3,1,Granted,19.0
17/960802,3700,standard,small,strict,3,17,9,22.4,1,0,Granted,29.4
17/486213,2400,standard,large,strict,3,13,15,24.0,2,0,Abandoned,30.1
17/444946,1600,standard,micro,moderate,3,30,10,23.6,2,0,Abandoned,28.4
17/829373,2600,standard,small,lenient,3,23,15,13.6,2,0,Abandoned,19.3
17/946220,1600,pph,large,moderate,3,15,22,8.8,1,0,Granted,15.3
17/947497,2800,standard,large,moderate,3,21,29,17.5,4,2,Granted,33.9
17/113923,3600,standard,small,lenient,2,16,11,20.2,1,0,Granted,23.8
17/547805,3600,standard,large,moderate,3,33,22,30.8,1,0,Granted,36.7
17/846978,3700,standard,large,lenient,5,26,12,17.0,3,1,Granted,29.7
17/643888,3600,standard,large,moderate,2,20,23,31.6,1,0,Granted,37.1
17/278455,3700,standard,micro,moderate,3,20,24,16.1,3,1,Granted,28.6
17/274625,1600,standard,large,moderate,2,14,5,21.5,1,0,Granted,27.5
17/531460,2100,standard,large,strict,4,18,17,28.2,1,0,Granted,34.2
17/489822,3700,standard,micro,moderate,3,25,15,13.9,1,0,Granted,19.5
17/264344,2400,standard,large,moderate,1,25,13,21.9,2,0,Abandoned,27.5
17/792322,1600,trackOne,micro,moderate,6,30,18,4.8,1,0,Granted,9.8
17/638983,1600,standard,large,lenient,3,24,7,15.4,1,0,Granted,20.4
17/895987,2400,standard,small,moderate,3,20,19,15.2,1,0,Granted,18.6
17/694326,1600,standard,small,lenient,3,25,13,19.5,1,0,Granted,24.3
17/731428,3600,standard,small,lenient,3,19,20,27.8,1,0,Granted,34.3
17/927109,3700,standard,large,moderate,3,18,14,17.4,1,0,Granted,20.2
17/800873,1600,standard,large,lenient,3,31,7,16.3,1,0,Granted,22.1
17/472110,3600,standard,small,moderate,3,13,3,31.7,2,0,Granted,59.9
17/973019,2100,standard,large,lenient,5,24,24,23.9,1,0,Granted,28.3
17/577187,2100,standard,micro,moderate,4,23,15,18.3,3,1,Granted,29.9
17/666598,1700,standard,large,lenient,2,14,21,9.1,3,1,Granted,21.7
17/233996,2600,standard,large,strict,1,12,15,15.0,2,0,Abandoned,20.3
17/814825,3600,standard,large,strict,6,19,6,31.5,3,1,Abandoned,40.4
17/373977,3700,standard,large,moderate,5,17,20,20.9,1,0,Granted,26.1
17/963258,3600,standard,large,moderate,3,19,28,18.0,2,0,Abandoned,39.5
17/450545,1600,accelerated,micro,lenient,2,25,13,4.8,1,0,Granted,8.3
17/379738,2100,standard,large,moderate,3,31,17,23.0,1,0,Granted,28.1
17/467754,1600,standard,small,lenient,3,16,25,25.0,2,0,Abandoned,46.7
17/917611,2800,standard,large,moderate,3,15,1,16.5,1,0,Granted,22.3
17/187444,2100,trackOne,small,lenient,4,20,16,3.3,1,0,Granted,6.4
17/388389,3600,trackOne,large,moderate,3,28,15,5.0,1,0,Granted,10.9
17/831328,2100,standard,small,moderate,3,22,11,26.4,3,1,Granted,37.5
17/288746,2100,standard,large,moderate,2,23,16,14.1,1,0,Granted,19.1
17/314944,3700,standard,small,strict,3,33,17,26.1,2,0,Abandoned,31.9
17/719204,3600,trackOne,micro,moderate,3,28,14,3.8,3,1,Abandoned,13.1
17/797900,1600,standard,large,moderate,2,31,14,25.4,3,1,Granted,36.5
17/515145,3700,standard,large,moderate,2,30,15,13.0,1,0,Granted,18.7
17/886893,2800,standard,large,lenient,3,25,17,12.5,1,0,Granted,19.4
17/861904,2600,standard,small,lenient,4,18,17,12.3,2,0,Abandoned,16.9
17/511658,2400,standard,micro,lenient,1,25,13,22.7,3,1,Granted,34.9
17/257564,2600,pph,large,moderate,3,31,17,6.2,1,0,Granted,9.2
17/984681,1600,standard,small,lenient,2,19,14,22.3,4,2,Granted,39.1
17/592272,1700,standard,small,strict,3,16,13,26.6,2,0,Abandoned,32.2
17/635221,2600,standard,small,lenient,3,33,8,9.3,3,1,Abandoned,18.7
17/583635,2600,standard,small,moderate,3,26,20,25.4,3,1,Abandoned,35.8
17/215555,2400,standard,small,strict,3,16,12,32.8,1,0,Granted,37.9
17/299730,3600,standard,large,moderate,3,29,26,23.3,1,0,Granted,29.5
17/112083,2600,standard,large,strict,4,30,15,24.1,1,0,Granted,30.7
17/652256,2400,standard,large,strict,5,27,11,21.4,1,0,Granted,26.1
17/293145,3600,standard,large,strict,2,25,27,32.4,3,1,Granted,43.7
17/957990,1700,pph,large,strict,3,14,17,6.2,3,1,Granted,18.5
17/533351,3600,accelerated,small,moderate,3,19,11,4.7,1,0,Granted,11.5
17/149374,1700,accelerated,large,strict,3,20,8,5.4,2,0,Abandoned,9.6
17/151819,2800,standard,micro,moderate,3,17,28,14.2,2,0,Abandoned,20.6
17/933300,2400,standard,small,moderate,3,27,25,21.3,2,0,Abandoned,47.9
17/294149,2400,standard,large,moderate,2,30,8,20.5,3,1,Abandoned,28.0
17/284506,3600,standard,small,lenient,3,32,4,21.3,1,0,Granted,26.6
17/348687,3600,standard,small,strict,3,15,29,40.6,3,1,Abandoned,48.4
17/405027,3600,standard,micro,strict,2,23,17,31.4,2,0,Abandoned,37.2
17/534952,1600,standard,large,moderate,3,30,13,26.6,1,0,Granted,31.8
17/164778,3700,standard,large,moderate,3,25,31,9.6,1,0,Granted,15.6
17/830931,2800,trackOne,large,moderate,3,31,10,4.1,2,0,Abandoned,10.4
17/322573,2100,pph,large,strict,3,18,1,7.6,1,0,Granted,13.8
17/915212,2600,standard,large,lenient,1,26,12,12.4,1,0,Granted,17.2
17/409774,2600,standard,large,lenient,3,20,21,19.2,1,0,Granted,26.3
17/518687,2100,trackOne,micro,lenient,3,30,16,5.1,3,1,Granted,17.1
17/345753,2400,trackOne,micro,lenient,2,28,26,3.8,1,0,Granted,10.4
17/542578,1600,standard,micro,moderate,5,15,23,27.1,1,0,Granted,33.1
17/594605,2400,standard,micro,moderate,6,17,12,28.8,2,0,Granted,55.0
17/965983,2400,trackOne,small,moderate,5,32,15,4.4,1,0,Granted,10.8
17/608234,2400,standard,small,moderate,3,29,14,27.4,3,1,Granted,40.7
17/296412,1700,standard,large,moderate,3,26,2,21.2,4,2,Abandoned,34.8
17/676894,2600,standard,large,lenient,3,26,18,11.0,2,0,Abandoned,15.7
17/253354,2100,trackOne,micro,strict,3,33,1,3.3,2,0,Abandoned,8.4
17/852782,2100,trackOne,small,moderate,3,17,26,2.9,2,0,Abandoned,27.3
17/806293,2400,standard,large,moderate,4,14,12,12.0,1,0,Granted,18.5
17/592891,2800,standard,small,moderate,3,25,6,11.1,1,0,Granted,16.4
17/799138,2600,standard,small,moderate,3,25,1,17.4,1,0,Granted,24.7
17/675089,3600,standard,small,lenient,3,23,20,22.6,1,0,Granted,28.0
17/947688,2100,standard,large,moderate,3,15,5,19.6,1,0,Granted,25.1
17/208935,2400,standard,small,moderate,3,21,15,25.4,2,0,Abandoned,49.0
17/582410,1600,standard,large,moderate,6,32,18,23.8,2,0,Abandoned,29.9
17/651363,3700,standard,large,moderate,6,29,19,19.6,3,1,Granted,32.6
17/749079,2400,standard,large,moderate,1,19,7,14.4,1,0,Granted,21.1
17/566125,3600,trackOne,large,strict,3,19,12,2.7,3,1,Granted,15.4
17/270051,3700,pph,large,lenient,1,31,3,5.2,3,1,Abandoned,16.1
17/534343,3700,standard,small,lenient,5,18,7,9.2,3,1,Granted,21.1
17/238109,1700,standard,large,lenient,2,16,6,14.1,1,0,Granted,20.2
17/911701,3700,standard,large,strict,4,19,2,24.9,1,0,Granted,29.9
17/429320,2400,standard,small,moderate,1,12,23,17.3,2,0,Abandoned,22.8
17/688221,2400,standard,large,moderate,3,22,19,21.4,1,0,Granted,27.1
17/936771,3600,standard,small,moderate,5,20,1,20.9,3,1,Granted,32.9
17/389669,3700,standard,large,lenient,4,18,15,15.1,1,0,Granted,20.9
17/997869,1600,standard,large,strict,6,25,19,28.8,2,0,Abandoned,55.3
17/380048,3700,standard,small,moderate,3,22,19,15.2,3,1,Granted,25.9
17/960418,3600,standard,large,moderate,4,34,16,28.6,1,0,Granted,34.9
17/670053,2400,standard,large,lenient,3,15,18,22.1,1,0,Granted,28.0
17/951158,1600,standard,large,moderate,3,27,16,25.8,1,0,Granted,31.2
17/987149,1700,trackOne,large,lenient,3,22,16,3.8,1,0,Granted,11.0
17/762843,3700,accelerated,large,strict,3,19,24,5.2,1,0,Granted,10.9
17/553642,2400,standard,small,strict,3,17,15,26.4,1,0,Granted,29.4
17/564269,2400,standard,small,moderate,3,15,17,21.4,1,0,Granted,24.7
17/389458,2400,standard,small,strict,1,13,3,22.5,2,0,Abandoned,27.2
17/994070,2100,standard,small,lenient,3,24,27,22.3,1,0,Granted,28.9
17/775552,3600,standard,small,lenient,3,29,11,18.6,3,1,Granted,31.7
17/499507,3600,trackOne,large,moderate,3,14,16,2.7,1,0,Granted,8.6
17/387672,2800,standard,small,moderate,3,33,23,24.3,1,0,Granted,29.9
17/522703,2600,accelerated,small,moderate,5,15,13,4.3,3,1,Abandoned,14.1
17/219437,3600,standard,small,lenient,3,19,18,25.1,3,1,Abandoned,35.5
17/338583,2400,standard,small,moderate,3,29,6,28.1,1,0,Granted,33.9
17/669487,3700,standard,large,moderate,4,19,18,21.2,1,0,Granted,26.2
17/137941,2400,standard,large,strict,3,27,16,30.6,3,1,Abandoned,39.5
17/973242,3600,standard,large,moderate,2,29,10,34.5,3,1,Granted,46.7
17/525806,1600,trackOne,micro,moderate,3,18,5,3.5,1,0,Granted,10.0
17/617469,1600,standard,large,lenient,3,29,11,12.9,2,0,Granted,36.2
17/880831,1700,standard,large,strict,3,21,2,21.8,3,1,Granted,34.2
17/856473,2100,trackOne,small,lenient,1,29,1,2.7,1,0,Granted,6.8
17/239570,3600,pph,large,lenient,3,15,17,6.3,1,0,Granted,11.8
17/283210,3600,standard,large,lenient,3,27,18,29.3,3,1,Granted,42.5
17/843353,2100,standard,micro,strict,3,20,1,24.4,1,0,Granted,31.4
17/143296,3600,standard,large,moderate,1,27,15,27.1,1,0,Granted,33.7
17/581818,2400,standard,small,moderate,3,28,21,24.9,2,0,Granted,51.7
17/379836,2100,standard,large,moderate,3,22,25,22.2,3,1,Granted,33.9
17/436272,3700,standard,large,lenient,5,17,7,9.8,1,0,Granted,14.5
17/802782,2100,standard,small,moderate,3,13,1,16.9,3,1,Granted,29.3
17/587895,2800,standard,small,lenient,2,24,1,17.5,1,0,Granted,23.9
17/323915,3700,trackOne,large,lenient,5,30,17,3.4,2,0,Abandoned,8.0
17/845646,2800,standard,small,moderate,3,13,34,19.2,1,0,Granted,22.0
17/121845,1600,standard,small,moderate,2,21,12,24.6,1,0,Granted,31.2
17/449150,1600,standard,micro,moderate,2,21,12,17.6,3,1,Abandoned,25.6
17/150032,2100,pph,small,strict,3,17,15,5.1,2,0,Abandoned,10.1
17/662441,1700,standard,large,moderate,3,31,13,10.2,1,0,Granted,12.9
17/443420,2600,accelerated,large,lenient,3,31,19,5.7,1,0,Granted,8.9
17/731172,1600,trackOne,small,moderate,3,22,1,3.1,3,1,Granted,16.8
17/285674,3700,standard,large,strict,4,32,3,28.8,2,0,Abandoned,51.0
17/418827,3700,standard,large,moderate,3,15,20,7.4,2,0,Abandoned,12.3
17/225403,1600,accelerated,large,strict,3,15,16,4.2,2,0,Abandoned,9.3
17/352697,1600,pph,large,strict,3,33,23,5.5,1,0,Granted,11.6
17/196815,1700,standard,small,moderate,3,15,20,8.8,1,0,Granted,15.3
17/677059,2800,standard,small,moderate,3,21,19,12.7,1,0,Granted,15.0
17/391159,3600,standard,large,moderate,3,29,15,24.6,1,0,Granted,30.6
17/405287,2800,standard,large,moderate,3,13,6,14.0,1,0,Granted,19.6
17/278181,2100,pph,large,moderate,3,33,26,5.0,1,0,Granted,8.2
17/767868,2400,standard,large,lenient,3,21,14,18.4,2,0,Abandoned,23.7
17/580539,2100,standard,small,moderate,3,32,8,18.2,1,0,Granted,24.0
17/914584,2600,trackOne,large,moderate,3,31,32,2.5,2,0,Abandoned,27.5
17/875118,2600,standard,large,moderate,2,17,3,22.1,1,0,Granted,27.9
17/893081,3600,accelerated,micro,moderate,4,34,1,3.8,1,0,Granted,9.4
17/932821,2600,standard,small,strict,2,19,15,18.6,1,0,Granted,24.0
17/987634,2600,standard,small,moderate,1,28,2,7.7,2,0,Abandoned,14.3
17/629759,2600,standard,large,lenient,3,14,29,19.8,1,0,Granted,21.6
17/880000,1700,pph,large,moderate,3,17,15,4.7,2,0,Abandoned,10.2
17/210256,2800,standard,small,lenient,3,18,19,20.2,1,0,Granted,25.8
17/320637,1700,standard,small,lenient,3,26,20,15.4,1,0,Granted,22.4
17/180345,2600,standard,small,moderate,1,23,16,26.3,3,1,Abandoned,35.5
17/930561,1700,standard,small,moderate,3,26,15,22.5,2,0,Abandoned,26.7
17/937495,2600,standard,large,strict,3,13,18,27.0,3,1,Abandoned,37.5
17/610550,1600,standard,large,moderate,2,29,18,23.3,1,0,Granted,28.9
17/480706,3700,trackOne,micro,strict,3,17,15,3.6,3,1,Granted,16.2
17/964198,2100,standard,large,strict,3,24,26,26.0,1,0,Granted,31.1
17/133928,1600,standard,micro,moderate,3,28,13,18.6,1,0,Granted,25.5
17/385281,2400,trackOne,small,lenient,3,15,3,2.5,3,1,Granted,15.8
17/983723,1700,standard,large,strict,2,23,12,22.2,1,0,Granted,27.2
17/412099,1600,standard,large,strict,3,13,12,28.2,3,1,Granted,40.4
17/973063,2800,standard,large,strict,2,25,8,22.8,3,1,Granted,34.6
17/598896,3600,standard,large,moderate,3,14,14,22.1,1,0,Granted,27.9
17/941396,1600,standard,small,strict,2,12,10,22.5,4,2,Abandoned,34.7
17/350403,3700,standard,large,moderate,3,28,7,14.3,3,1,Granted,25.4
17/353521,2800,standard,small,strict,3,32,23,22.1,2,0,Abandoned,49.7
17/854992,2400,standard,small,strict,2,23,13,18.9,4,2,Granted,35.0
17/103360,3600,trackOne,large,moderate,5,34,9,3.7,1,0,Granted,9.7
17/483036,2800,standard,large,strict,3,22,5,26.9,3,1,Granted,39.6
17/574768,2100,standard,large,strict,3,17,17,22.7,2,0,Abandoned,51.3
17/878948,1700,standard,small,strict,3,23,21,18.7,4,2,Abandoned,34.0
17/826223,2100,standard,small,lenient,2,28,9,12.6,3,1,Granted,24.9
17/184904,2600,standard,small,lenient,4,26,14,12.4,1,0,Granted,17.6
17/650199,2100,standard,large,lenient,1,11,25,13.3,3,1,Granted,26.2
17/787697,3700,standard,large,moderate,3,29,8,17.2,1,0,Granted,20.6
17/366992,2100,trackOne,large,moderate,3,18,21,5.0,3,1,Granted,16.4
17/975667,3700,standard,small,lenient,3,33,41,10.1,1,0,Granted,15.7
17/930295,2800,trackOne,large,moderate,3,19,1,3.1,3,1,Granted,15.6
17/696002,2100,standard,large,lenient,3,22,14,23.8,2,0,Abandoned,28.9
17/254667,3600,standard,small,moderate,2,28,21,12.1,1,0,Granted,18.8
17/157519,2400,standard,large,strict,3,19,7,23.2,1,0,Granted,29.2
17/397291,3600,standard,micro,strict,3,26,31,33.2,1,0,Granted,38.0
17/625803,3700,standard,large,moderate,3,33,7,15.7,1,0,Granted,21.0
17/411903,1700,trackOne,large,strict,3,16,13,2.5,2,0,Granted,35.4
17/162513,2800,standard,large,moderate,2,23,20,21.2,2,0,Abandoned,26.4
17/303225,1700,standard,small,lenient,3,22,7,18.0,3,1,Granted,31.5
17/558066,2100,standard,micro,strict,4,15,7,23.4,3,1,Granted,34.9
17/121724,1600,standard,large,moderate,1,30,6,24.1,2,0,Abandoned,29.4
17/876724,2600,standard,large,moderate,4,18,14,25.4,2,0,Abandoned,29.5
17/841329,2600,standard,small,lenient,3,22,21,10.7,1,0,Granted,16.2
17/613908,1600,standard,small,moderate,3,32,7,27.3,4,2,Abandoned,39.7
17/659581,3700,accelerated,small,moderate,3,22,15,4.5,4,2,Granted,21.1
17/312610,2800,standard,small,moderate,2,23,1,6.0,3,1,Granted,18.5
17/797322,2600,standard,small,lenient,3,23,1,18.0,3,1,Granted,30.1
17/664929,1700,standard,large,lenient,5,15,14,21.5,2,0,Abandoned,26.9
17/981537,1700,standard,large,moderate,3,32,13,24.3,3,1,Abandoned,33.8
17/151263,2800,standard,large,lenient,3,20,14,12.4,1,0,Granted,17.9
17/964266,1600,standard,large,strict,3,31,9,18.7,2,0,Abandoned,24.3
17/308185,1600,standard,small,lenient,3,20,16,13.8,2,0,Granted,42.4
17/943099,2100,standard,large,strict,3,18,21,30.8,3,1,Granted,43.1
17/533773,2600,standard,large,moderate,3,30,26,25.3,1,0,Granted,32.3
17/933284,1700,standard,small,strict,3,19,11,18.4,1,0,Granted,23.9
17/630200,3700,trackOne,large,moderate,2,13,28,2.9,1,0,Granted,9.6
17/181763,2400,standard,large,strict,3,28,8,31.9,2,0,Abandoned,38.0
17/198465,2800,standard,small,moderate,2,21,17,13.4,1,0,Granted,19.7
17/352189,3700,accelerated,small,lenient,3,14,4,3.5,2,0,Abandoned,7.5
17/889623,3700,standard,small,strict,3,24,11,20.6,1,0,Granted,23.4
17/669097,1700,trackOne,small,strict,4,29,14,4.2,3,1,Abandoned,13.9
17/487623,2100,standard,large,lenient,3,26,17,10.8,1,0,Granted,16.9
17/523157,2600,standard,small,lenient,3,27,23,18.1,1,0,Granted,20.8
17/159928,3700,standard,large,moderate,3,31,6,24.5,2,0,Abandoned,28.0
17/408377,1700,standard,small,moderate,3,30,20,11.4,1,0,Granted,17.7
17/885217,1700,standard,large,moderate,3,13,11,10.9,2,0,Abandoned,15.9
17/923025,2100,standard,large,moderate,3,17,21,20.0,1,0,Granted,26.3
17/721239,3600,standard,large,strict,3,22,14,28.5,3,1,Abandoned,38.2
17/919016,3600,standard,large,moderate,3,32,16,23.7,1,0,Granted,28.8
17/629688,2400,standard,large,strict,4,18,15,25.1,3,1,Abandoned,33.3
17/578618,2600,standard,small,moderate,4,16,29,12.4,1,0,Granted,16.7
17/217926,3700,pph,small,moderate,1,17,13,4.4,2,0,Granted,29.9
17/969037,3700,pph,small,lenient,3,32,17,4.3,3,1,Abandoned,12.6
17/981384,3700,trackOne,small,moderate,3,17,14,3.4,1,0,Granted,6.0
17/153870,3700,trackOne,small,lenient,3,17,1,3.2,4,2,Granted,20.4
17/900342,2600,standard,micro,moderate,2,17,23,23.1,3,1,Granted,34.2
17/503437,2400,standard,large,strict,3,19,11,23.7,3,1,Abandoned,33.2
17/356915,3700,standard,large,moderate,3,14,18,19.6,1,0,Granted,26.0
17/712579,1700,standard,micro,strict,5,23,8,23.8,1,0,Granted,30.0
17/383749,2100,standard,large,moderate,6,23,10,17.3,1,0,Granted,23.1
17/685138,1700,pph,small,lenient,3,25,2,5.2,3,1,Granted,17.5
17/425905,1600,standard,small,moderate,6,31,1,20.0,2,0,Abandoned,24.8
17/989800,2600,standard,large,moderate,3,20,30,6.0,1,0,Granted,9.4
17/300321,2400,pph,small,strict,2,21,11,6.1,4,2,Abandoned,18.6
17/485078,1600,trackOne,large,lenient,3,33,8,3.1,2,0,Abandoned,8.2
17/126855,2800,standard,small,lenient,2,15,11,20.4,1,0,Granted,25.8
17/825445,2800,standard,small,moderate,3,32,17,6.0,1,0,Granted,12.8
17/978892,2400,trackOne,small,moderate,2,24,29,4.3,2,0,Abandoned,30.0
17/113995,2400,standard,small,moderate,3,16,9,18.3,1,0,Granted,22.8
17/926268,1700,standard,large,moderate,3,24,21,19.3,2,0,Abandoned,24.8
17/830005,1700,standard,large,strict,3,16,21,24.4,1,0,Granted,30.0
17/478519,2100,standard,large,lenient,4,34,22,23.7,2,0,Abandoned,28.8
17/789370,1600,standard,small,moderate,3,14,23,22.9,2,0,Abandoned,28.4
17/697968,1700,trackOne,small,lenient,3,30,16,4.6,1,0,Granted,8.1
17/899021,2100,standard,large,moderate,3,20,27,27.9,1,0,Granted,33.6
17/505601,3700,standard,small,moderate,5,30,15,18.6,1,0,Granted,23.5
17/908651,3700,trackOne,small,lenient,4,20,21,2.5,1,0,Granted,8.8
17/707387,2600,standard,small,moderate,2,23,4,20.0,1,0,Granted,25.8
17/676130,2100,standard,large,lenient,3,21,14,23.5,1,0,Granted,29.1
17/139712,1600,trackOne,small,strict,4,29,11,3.3,3,1,Granted,15.2
17/818915,3700,standard,micro,moderate,3,33,1,16.6,1,0,Granted,22.5
17/907514,2100,standard,small,moderate,3,15,17,12.9,3,1,Granted,26.0
17/338529,3700,trackOne,small,moderate,3,21,8,2.8,3,1,Granted,14.4
17/244567,2100,standard,large,strict,2,15,4,30.1,1,0,Granted,35.8
17/444404,2800,standard,large,strict,3,13,29,18.0,3,1,Granted,30.9
17/343483,2600,standard,large,moderate,3,28,15,23.5,1,0,Granted,29.8
17/493299,1700,pph,large,moderate,3,26,21,7.8,1,0,Granted,13.7
17/700259,3600,standard,large,lenient,5,18,16,23.7,3,1,Granted,36.1
17/855635,2400,standard,small,strict,3,17,15,20.1,3,1,Abandoned,29.3
17/883975,2800,standard,large,strict,3,13,15,17.7,1,0,Granted,24.0
17/429392,2100,standard,large,moderate,1,27,20,19.2,3,1,Granted,31.5
17/599906,2600,standard,large,lenient,3,27,10,15.8,1,0,Granted,18.7
17/982946,3600,trackOne,large,strict,3,19,15,3.8,1,0,Granted,10.6
17/426895,2800,trackOne,large,moderate,3,16,27,3.2,1,0,Granted,6.2
17/184697,3600,trackOne,large,strict,3,25,16,4.3,3,1,Granted,16.7
17/664840,1700,standard,small,moderate,3,13,8,17.1,1,0,Granted,23.7
17/178166,2400,standard,small,lenient,2,14,10,18.4,1,0,Granted,21.8
17/132836,1600,standard,small,lenient,2,29,19,17.1,3,1,Granted,29.2
17/365806,2800,standard,small,moderate,2,24,10,14.7,4,2,Abandoned,28.6
17/900238,2400,standard,large,moderate,3,30,15,24.2,3,1,Granted,36.5
17/129640,2800,standard,small,lenient,3,13,14,14.0,2,0,Abandoned,18.9
17/593843,2400,trackOne,small,moderate,3,14,17,2.8,4,2,Granted,20.6
17/824277,2400,standard,large,lenient,6,27,5,8.6,3,1,Abandoned,18.6
17/907146,2800,standard,large,moderate,4,29,15,23.8,1,0,Granted,28.8
17/335127,2100,trackOne,large,strict,2,31,20,4.1,1,0,Granted,7.2
17/375927,2800,standard,large,moderate,3,17,12,16.4,1,0,Granted,21.9
17/495018,3700,standard,large,strict,4,20,15,23.1,3,1,Abandoned,32.1
17/232484,2800,standard,large,strict,3,27,12,20.0,1,0,Granted,26.5
17/233789,1700,standard,small,moderate,5,30,3,19.7,1,0,Granted,26.6
17/480855,2100,standard,large,lenient,2,21,19,24.0,1,0,Granted,29.2
17/616522,2800,pph,large,moderate,1,20,18,5.1,4,2,Granted,23.5
17/400580,2800,standard,large,strict,2,24,31,13.0,2,0,Abandoned,18.0
17/271462,1600,standard,large,strict,3,19,25,20.3,1,0,Granted,26.5
17/963453,2800,standard,large,lenient,1,27,6,13.1,1,0,Granted,18.6
17/902768,1600,standard,small,moderate,1,14,6,23.3,1,0,Granted,29.2
17/456270,2800,standard,small,lenient,3,15,15,15.1,1,0,Granted,18.6
17/870670,2800,standard,large,strict,3,22,24,16.3,3,1,Granted,29.0
17/402341,1700,standard,large,strict,4,31,34,25.1,1,0,Granted,31.9
17/982017,1700,accelerated,large,moderate,3,24,17,5.3,2,0,Abandoned,11.1
17/650150,3700,trackOne,large,moderate,3,17,20,3.0,1,0,Granted,5.4
17/174748,3600,standard,small,strict,3,28,5,28.3,3,1,Granted,40.7
17/830646,3700,standard,large,lenient,4,24,27,6.9,1,0,Granted,12.2
17/476409,2800,standard,large,lenient,2,18,8,12.1,2,0,Abandoned,16.8
17/509825,3700,standard,small,lenient,3,23,26,12.0,3,1,Granted,23.2
17/561392,1700,pph,small,moderate,1,23,12,5.4,1,0,Granted,8.7
17/480650,2100,standard,large,moderate,3,31,22,22.7,1,0,Granted,29.9
17/530888,3600,standard,micro,moderate,3,22,17,27.3,1,0,Granted,33.7
17/309553,1700,standard,large,lenient,3,25,20,23.8,1,0,Granted,30.2
17/208260,2400,standard,large,strict,3,31,7,20.4,3,1,Abandoned,30.8
17/954973,2400,standard,small,moderate,3,27,15,6.0,2,0,Granted,35.0
17/545308,2800,standard,large,moderate,3,13,5,13.9,1,0,Granted,20.0
17/377294,3700,standard,large,lenient,3,26,26,11.0,1,0,Granted,17.7
17/404861,2600,trackOne,small,strict,3,32,7,4.4,1,0,Granted,6.4
17/363726,3600,standard,micro,strict,3,13,15,33.5,4,2,Abandoned,46.9
17/803171,2400,standard,small,lenient,3,15,11,21.4,1,0,Granted,27.9
17/607534,3600,standard,large,moderate,3,28,15,23.3,1,0,Granted,28.3
17/440093,1600,standard,micro,moderate,3,22,21,20.2,1,0,Granted,23.6
17/149425,1700,accelerated,small,strict,3,18,26,3.5,3,1,Abandoned,11.3
17/965990,3700,standard,small,lenient,3,15,2,19.6,4,2,Granted,36.5
17/747608,2800,standard,small,moderate,3,21,19,16.5,3,1,Granted,28.9
17/891731,2600,standard,large,moderate,4,20,26,13.2,1,0,Granted,17.8
17/325218,2600,trackOne,large,strict,3,20,7,5.1,3,1,Granted,18.2
17/232843,1700,standard,small,moderate,3,16,16,18.0,1,0,Granted,21.4
17/612959,1600,standard,large,strict,4,19,31,28.6,3,1,Granted,39.2
17/176297,2100,trackOne,small,moderate,2,16,9,2.7,2,0,Abandoned,33.7
17/572361,3700,standard,large,moderate,3,15,18,17.4,3,1,Granted,30.3
17/790592,1600,standard,large,strict,6,27,21,28.5,3,1,Granted,42.1
17/862455,2600,standard,large,moderate,5,17,11,15.8,1,0,Granted,21.5
17/182473,2100,trackOne,small,lenient,3,23,15,2.6,1,0,Granted,8.8
17/822033,2600,standard,micro,moderate,3,17,11,14.5,1,0,Granted,17.6
17/956112,1600,standard,large,strict,2,26,3,26.2,3,1,Granted,40.0
17/252808,2600,pph,large,moderate,3,27,10,5.7,1,0,Granted,8.2
17/188431,1600,standard,large,moderate,4,30,9,22.2,1,0,Granted,28.5
17/903789,2600,standard,large,moderate,2,25,24,22.3,2,0,Abandoned,28.0
17/594197,1700,trackOne,large,moderate,4,33,14,2.8,1,0,Granted,9.2
17/537795,2800,standard,small,moderate,2,32,9,17.1,1,0,Granted,22.5
17/872901,3700,accelerated,small,lenient,3,22,16,3.9,1,0,Granted,5.8
17/260390,2800,standard,micro,moderate,3,32,12,15.6,3,1,Abandoned,26.2
17/453206,2800,trackOne,large,strict,3,23,17,4.2,4,2,Abandoned,15.9
17/697007,2400,trackOne,large,moderate,3,26,8,2.7,1,0,Granted,8.6
17/895198,2600,standard,large,moderate,4,18,7,19.0,1,0,Granted,24.3
17/650710,2600,trackOne,large,strict,4,15,9,3.3,3,1,Granted,16.7
17/140239,3700,trackOne,small,strict,2,18,7,2.8,1,0,Granted,9.0
17/919751,1700,standard,large,lenient,1,29,9,9.8,1,0,Granted,15.0
17/236473,2600,trackOne,micro,lenient,2,30,7,2.5,3,1,Granted,15.3
17/270800,3700,standard,large,lenient,6,27,17,13.0,2,0,Abandoned,18.1
17/558754,2100,standard,large,strict,3,13,19,15.5,4,2,Granted,32.7
17/347527,1600,standard,large,moderate,3,20,23,25.4,1,0,Granted,30.9
17/881237,2800,pph,large,lenient,2,20,12,5.9,1,0,Granted,12.8
17/122400,2800,standard,small,moderate,3,16,9,12.6,1,0,Granted,18.6
17/203768,2100,pph,small,moderate,3,31,7,6.3,1,0,Granted,9.3
17/458743,1700,pph,large,moderate,4,21,22,4.9,1,0,Granted,10.9
17/566759,2100,standard,small,moderate,2,20,15,21.3,1,0,Granted,26.1
17/448497,2100,standard,large,strict,4,27,40,24.7,2,0,Abandoned,30.3
17/447277,1600,trackOne,large,strict,4,18,13,4.3,1,0,Granted,6.6
17/889123,1700,standard,small,strict,3,15,27,26.7,1,0,Granted,32.4
17/378230,2600,standard,large,lenient,5,28,16,10.6,1,0,Granted,14.0
17/458087,1700,standard,large,moderate,2,31,17,17.9,2,0,Abandoned,23.9
17/450734,1600,standard,small,strict,1,26,12,25.7,2,0,Granted,57.9
17/919141,2100,trackOne,large,moderate,2,25,22,3.0,3,1,Granted,15.2
17/214605,2600,standard,micro,lenient,3,21,22,15.7,1,0,Granted,20.6
17/132098,3600,standard,large,moderate,3,24,1,16.9,1,0,Granted,22.3
17/932210,2800,standard,large,moderate,4,25,13,9.2,2,0,Abandoned,14.1
17/945264,2800,standard,large,moderate,3,23,11,12.0,1,0,Granted,18.0
17/167053,2800,trackOne,large,lenient,3,25,21,3.3,1,0,Granted,5.5
17/320240,1700,standard,large,strict,3,18,14,21.1,2,0,Granted,46.1
17/450711,2600,standard,large,moderate,3,19,10,20.2,4,2,Abandoned,35.0
17/682326,3700,accelerated,large,lenient,3,20,10,4.9,2,0,Abandoned,30.5
17/922236,2400,standard,large,strict,3,32,14,25.5,3,1,Granted,37.5
17/832621,2800,standard,small,strict,2,19,12,17.5,3,1,Granted,29.9
17/854313,3700,standard,micro,moderate,3,33,17,15.6,1,0,Granted,21.6
17/335724,3700,standard,large,moderate,4,34,10,24.1,3,1,Granted,36.2
17/130022,3600,standard,small,moderate,3,26,9,20.1,1,0,Granted,26.3
17/138823,2600,standard,large,moderate,3,17,8,15.6,3,1,Abandoned,25.4
17/893669,2400,trackOne,large,lenient,3,32,12,4.3,1,0,Granted,7.6
17/811323,1600,standard,micro,moderate,3,33,6,15.3,1,0,Granted,20.6
17/604832,1700,standard,large,lenient,2,12,19,14.9,3,1,Abandoned,24.1
17/964693,2800,standard,large,lenient,3,26,20,8.7,1,0,Granted,12.1
17/604955,1700,standard,small,strict,5,15,29,30.5,1,0,Granted,37.6
17/677471,1700,trackOne,large,lenient,2,21,1,3.6,1,0,Granted,6.4
17/446385,3600,trackOne,large,moderate,3,15,24,3.7,3,1,Granted,17.5
17/884087,2800,standard,small,moderate,3,20,10,10.1,1,0,Granted,15.8
17/154152,3600,standard,large,strict,3,32,21,24.1,2,0,Granted,48.7
17/941510,2100,standard,micro,moderate,3,19,18,21.6,1,0,Granted,28.0
17/982157,1600,standard,small,moderate,3,21,12,23.1,1,0,Granted,29.5
17/543698,1700,standard,large,lenient,4,20,23,12.6,2,0,Abandoned,17.4
17/792820,1700,standard,large,strict,3,23,25,21.0,3,1,Abandoned,31.4
17/469710,2400,standard,large,strict,3,23,13,27.7,2,0,Abandoned,33.5
17/834040,3600,standard,large,strict,3,24,7,27.1,3,1,Abandoned,36.1
17/411265,2400,standard,small,moderate,2,22,15,17.5,1,0,Granted,22.7
17/143719,2800,standard,large,moderate,3,22,23,12.0,2,0,Abandoned,37.5
17/560830,2600,pph,micro,strict,5,35,24,6.0,1,0,Granted,11.5
17/361960,2100,standard,small,moderate,5,27,23,29.2,1,0,Granted,35.6
17/761221,2100,standard,small,moderate,3,28,17,16.6,1,0,Granted,22.9
17/493563,1600,standard,large,lenient,2,24,12,17.0,3,1,Granted,30.0
17/270620,2100,standard,large,moderate,2,26,18,14.8,2,0,Abandoned,18.4
17/254636,1700,standard,large,lenient,3,24,12,18.4,1,0,Granted,24.1
17/876568,3700,standard,large,lenient,3,31,14,18.9,1,0,Granted,25.7
17/254702,2400,trackOne,small,moderate,3,20,1,4.7,1,0,Granted,11.0
17/585382,3600,standard,large,moderate,3,27,4,25.0,2,0,Granted,55.2
17/568732,3600,pph,small,strict,3,31,7,6.6,1,0,Granted,12.4
17/128182,1700,standard,large,lenient,2,21,20,27.4,1,0,Granted,32.7
17/248310,2800,standard,small,moderate,3,23,12,12.2,3,1,Granted,24.5
17/345918,1700,standard,large,strict,5,28,25,19.4,1,0,Granted,26.0
17/556336,1700,standard,large,moderate,3,27,22,19.7,1,0,Granted,25.9
17/500365,3600,standard,small,strict,4,22,15,32.0,3,1,Abandoned,40.9
17/594803,2100,trackOne,large,lenient,3,18,9,2.9,1,0,Granted,9.5
17/284888,2800,standard,small,moderate,1,17,22,13.7,2,0,Abandoned,19.6
17/304190,2800,standard,micro,lenient,2,26,31,13.4,4,2,Abandoned,27.2
17/563359,2100,standard,small,strict,3,18,17,23.9,4,2,Abandoned,37.1
17/853897,3700,standard,micro,moderate,4,17,31,23.0,1,0,Granted,29.3
17/948307,3700,standard,small,moderate,3,31,20,20.5,1,0,Granted,23.5
17/125195,3600,standard,large,moderate,3,18,11,26.8,3,1,Granted,38.1
17/960512,1700,standard,small,strict,3,25,1,23.1,1,0,Granted,29.7
17/166229,1600,standard,large,strict,4,22,10,20.8,3,1,Abandoned,30.6
17/344287,1700,standard,small,lenient,2,20,13,15.5,1,0,Granted,19.1
17/817988,2400,standard,large,moderate,3,27,11,20.1,1,0,Granted,26.2
17/741033,1600,standard,large,moderate,4,30,2,24.8,1,0,Granted,29.1
17/752766,1700,trackOne,large,moderate,2,16,11,3.7,3,1,Abandoned,13.1
17/130354,2800,standard,large,moderate,3,15,12,14.8,2,0,Granted,40.1
17/465625,2800,standard,large,moderate,2,17,8,16.4,3,1,Granted,29.1
17/423568,2100,standard,large,moderate,3,19,4,17.3,2,0,Granted,47.6
17/813248,3700,standard,micro,moderate,3,21,1,19.9,1,0,Granted,23.4
17/750604,1600,standard,small,moderate,3,32,20,16.0,1,0,Granted,19.9
17/462314,1600,standard,large,strict,3,28,19,12.5,1,0,Granted,18.3
17/494442,1700,standard,small,moderate,3,27,20,15.4,1,0,Granted,20.8
17/240503,1700,accelerated,small,lenient,3,27,29,5.0,1,0,Granted,9.9
17/694547,1700,standard,large,strict,4,30,9,27.6,1,0,Granted,33.3
17/441966,2100,standard,micro,strict,2,24,14,28.3,3,1,Granted,40.3
17/296058,2100,standard,micro,strict,2,27,25,13.3,1,0,Granted,18.6
17/473571,2800,standard,large,lenient,3,31,9,12.2,3,1,Granted,25.1
17/639490,3600,standard,large,lenient,3,32,17,25.7,1,0,Granted,28.3
17/260854,3700,standard,micro,strict,6,32,20,18.1,1,0,Granted,24.8
17/184559,2400,standard,large,lenient,3,26,11,15.4,3,1,Granted,27.6
17/683839,3700,standard,small,moderate,1,21,10,15.0,2,0,Abandoned,19.7
17/216282,1600,standard,large,strict,3,29,16,21.9,2,0,Abandoned,27.0
17/688051,1700,standard,large,strict,5,16,29,17.9,1,0,Granted,24.3
17/258809,1600,standard,large,moderate,2,18,26,19.1,3,1,Abandoned,27.1
17/183991,2100,standard,micro,lenient,3,25,11,23.6,1,0,Granted,27.5
17/719840,3700,standard,small,lenient,4,32,12,16.4,3,1,Granted,27.7
17/238392,1700,standard,small,lenient,3,23,15,12.8,1,0,Granted,18.7
17/511513,1600,standard,large,lenient,2,21,17,17.0,1,0,Granted,21.1
17/912093,3700,standard,small,moderate,3,28,13,17.2,3,1,Abandoned,26.1
17/669111,2600,accelerated,large,moderate,2,13,20,6.3,3,1,Granted,18.4
17/677830,3700,standard,large,moderate,3,21,13,7.9,3,1,Abandoned,18.4
17/635667,2800,standard,small,moderate,2,26,32,20.4,3,1,Granted,31.6
17/580363,2600,standard,large,lenient,3,20,21,12.6,1,0,Granted,19.3
17/989783,3700,standard,large,moderate,3,32,17,23.8,3,1,Granted,35.9
17/509988,3600,standard,large,moderate,3,23,12,17.3,2,0,Abandoned,22.3
17/118936,2600,standard,small,moderate,4,34,18,13.8,2,0,Abandoned,19.1
17/824640,3700,trackOne,large,lenient,5,20,2,3.7,1,0,Granted,10.2
17/107278,2400,standard,large,lenient,1,28,8,10.7,1,0,Granted,14.5
17/130034,2600,standard,small,moderate,3,28,5,24.4,3,1,Granted,36.3
17/984788,3600,standard,large,moderate,3,28,15,21.1,2,0,Abandoned,25.8
17/503291,2100,standard,micro,strict,5,31,9,25.7,2,0,Abandoned,30.9
17/279575,2800,trackOne,small,moderate,3,26,16,4.5,2,0,Abandoned,38.2
17/239285,2600,pph,small,strict,3,23,27,6.1,1,0,Granted,9.1
17/675915,2800,standard,small,lenient,4,23,11,17.3,1,0,Granted,23.0
17/303484,1600,accelerated,large,strict,3,28,24,4.5,3,1,Granted,17.3
17/745794,1600,standard,large,moderate,3,27,12,18.2,3,1,Granted,30.8
17/440399,1600,standard,small,lenient,3,16,15,28.7,2,0,Abandoned,34.0
17/800631,1600,trackOne,large,moderate,3,18,16,2.5,4,2,Abandoned,16.6
17/822300,2100,standard,large,strict,3,19,16,15.9,2,0,Abandoned,21.9
17/573586,2800,standard,large,moderate,3,25,6,18.4,1,0,Granted,24.2
17/196692,3600,standard,large,moderate,3,33,11,24.2,1,0,Granted,31.7
17/288711,3600,standard,small,strict,3,29,7,19.1,1,0,Granted,25.6
17/597411,3600,standard,small,lenient,4,21,26,28.9,1,0,Granted,35.3
17/374930,1600,pph,large,moderate,4,26,7,5.6,3,1,Abandoned,16.2
17/360113,1700,standard,micro,moderate,3,26,22,14.2,1,0,Granted,20.0
17/213544,2400,standard,small,moderate,3,33,21,23.9,3,1,Granted,36.4
17/553926,2400,standard,large,moderate,2,22,1,30.3,1,0,Granted,37.0
17/464526,3700,standard,large,moderate,3,17,9,11.2,3,1,Granted,23.6
17/725458,1700,standard,micro,moderate,4,33,14,14.5,2,0,Abandoned,19.6
17/517740,3600,pph,large,moderate,3,25,24,6.2,1,0,Granted,10.2
17/735605,1700,standard,large,lenient,3,29,17,20.1,1,0,Granted,26.0
17/121925,2400,accelerated,large,moderate,3,30,24,6.7,3,1,Granted,19.3
17/979941,1700,standard,micro,lenient,2,12,7,20.1,1,0,Granted,25.8
17/555664,1600,standard,large,moderate,1,20,10,17.4,1,0,Granted,23.0
17/795061,3700,standard,micro,strict,5,16,17,25.0,1,0,Granted,28.1
17/383353,2600,trackOne,large,strict,2,14,10,2.5,2,0,Abandoned,29.0
17/240096,3600,standard,micro,lenient,5,34,18,17.6,3,1,Granted,30.3
17/667109,2600,standard,large,moderate,2,12,24,16.1,1,0,Granted,22.7
17/694232,3700,standard,small,moderate,2,22,11,20.5,1,0,Granted,26.3
17/381993,2800,standard,large,strict,3,14,14,14.8,2,0,Abandoned,20.0
17/674650,2400,standard,large,moderate,2,27,5,21.2,1,0,Granted,28.3
17/918025,3600,standard,small,strict,3,29,14,38.9,1,0,Granted,44.3
17/589169,3600,standard,small,moderate,1,23,8,15.2,1,0,Granted,20.4
17/665340,2800,standard,small,moderate,5,23,3,22.6,2,0,Abandoned,27.9
17/336417,1600,pph,large,moderate,4,28,1,6.0,2,0,Abandoned,28.5
17/918612,2800,standard,small,moderate,3,16,12,18.6,1,0,Granted,24.3
17/867299,2400,standard,small,moderate,4,28,8,21.4,1,0,Granted,26.2
17/802183,3700,standard,small,strict,4,28,13,17.6,3,1,Abandoned,26.0
17/577800,3600,trackOne,large,lenient,2,19,29,3.2,1,0,Granted,9.6
17/175127,1600,trackOne,small,strict,4,33,15,3.3,1,0,Granted,8.1
17/777921,1700,pph,small,moderate,4,27,11,4.5,1,0,Granted,10.5
17/755151,2100,trackOne,small,lenient,3,22,10,4.3,1,0,Granted,11.0
17/391089,2400,pph,small,lenient,4,29,15,5.4,1,0,Granted,10.5
17/504557,3600,standard,large,moderate,2,15,18,25.4,3,1,Granted,37.2
17/469672,2800,standard,large,moderate,4,14,12,12.2,1,0,Granted,18.2
17/921780,2800,standard,micro,lenient,6,35,16,11.9,3,1,Granted,22.7
17/337125,2600,standard,small,strict,4,34,8,21.4,1,0,Granted,27.5
17/532294,1700,standard,large,lenient,3,25,25,14.3,1,0,Granted,19.6
17/300528,3700,trackOne,large,strict,5,27,32,4.3,1,0,Granted,9.1
17/979883,2600,standard,large,strict,2,24,25,22.8,1,0,Granted,28.6
17/617043,3600,standard,small,lenient,3,17,14,18.4,1,0,Granted,24.2
17/415804,2400,standard,large,lenient,3,29,23,13.7,2,0,Abandoned,42.9
17/707715,2600,trackOne,small,lenient,2,24,17,4.9,1,0,Granted,8.6
17/129486,1600,standard,micro,strict,3,24,16,21.9,1,0,Granted,27.8
17/231348,2800,standard,small,strict,2,16,31,25.4,3,1,Abandoned,34.0
17/750724,1700,pph,large,moderate,4,34,31,5.3,1,0,Granted,10.7
17/542920,2400,accelerated,large,strict,2,28,23,3.5,1,0,Granted,8.9
17/726672,3600,standard,small,moderate,3,21,20,19.0,1,0,Granted,24.4
17/152996,2800,standard,large,strict,5,22,20,17.1,2,0,Abandoned,43.6
17/494934,2100,trackOne,large,moderate,5,32,17,2.9,3,1,Abandoned,11.5
17/517624,2600,trackOne,large,moderate,4,29,1,2.7,1,0,Granted,6.5
17/696691,3700,standard,large,lenient,2,32,12,13.8,3,1,Granted,25.5
17/259731,2400,standard,small,strict,2,27,21,25.1,1,0,Granted,30.7
17/603815,1600,standard,large,strict,4,33,14,27.4,1,0,Granted,34.9
17/573756,1700,standard,large,strict,5,21,21,16.6,4,2,Granted,33.0
17/501216,2100,standard,small,moderate,2,23,17,19.0,1,0,Granted,24.0
17/323283,2600,trackOne,large,moderate,3,27,20,4.5,3,1,Granted,15.9
17/348547,3600,standard,large,moderate,3,30,10,29.6,1,0,Granted,36.5
17/759565,2100,standard,large,strict,2,18,1,25.0,2,0,Abandoned,53.6
17/332463,1700,pph,small,moderate,3,28,14,5.0,3,1,Granted,17.1
17/571355,2400,standard,large,lenient,2,15,23,19.6,1,0,Granted,25.0
17/513518,2100,pph,small,moderate,2,18,15,5.4,1,0,Granted,11.1
17/502270,3600,standard,micro,moderate,3,24,14,23.1,3,1,Granted,35.1
17/133138,2800,standard,large,strict,4,16,1,29.0,1,0,Granted,36.1
17/407161,2600,standard,large,moderate,4,31,9,18.8,2,0,Abandoned,24.2
17/486606,2400,standard,small,strict,5,22,14,24.5,1,0,Granted,29.7
17/626727,2100,standard,large,moderate,3,28,12,16.7,3,1,Abandoned,25.5
17/229800,2800,standard,large,strict,6,19,8,23.4,3,1,Granted,33.4
17/387462,2800,trackOne,large,moderate,2,13,19,3.5,1,0,Granted,8.9
17/979388,2600,standard,large,moderate,3,31,20,19.4,1,0,Granted,26.8
17/742499,3700,standard,small,strict,4,20,3,18.9,1,0,Granted,23.8
17/672080,2600,accelerated,large,strict,3,27,3,5.1,3,1,Granted,16.3
17/217261,2600,standard,small,lenient,3,33,9,20.3,1,0,Granted,27.0
17/643146,1600,standard,large,strict,2,13,10,29.0,3,1,Granted,41.4
17/260259,2400,trackOne,large,moderate,3,17,12,3.1,3,1,Granted,15.2
17/737372,2600,standard,small,moderate,5,31,28,21.9,3,1,Abandoned,31.9
17/406364,3600,standard,large,moderate,3,17,17,18.9,3,1,Granted,30.8
17/975186,3600,standard,large,moderate,3,20,22,31.9,1,0,Granted,38.1
17/791234,2800,standard,micro,moderate,3,18,10,12.5,1,0,Granted,18.5
17/599960,2400,standard,micro,strict,4,33,13,18.3,1,0,Granted,25.3
17/126458,2600,standard,micro,moderate,3,22,17,16.5,3,1,Granted,29.3
17/547099,3700,standard,small,strict,3,29,8,17.4,3,1,Granted,29.1
17/202424,2800,standard,large,strict,3,32,29,20.8,1,0,Granted,26.4
17/109450,2100,pph,micro,moderate,4,26,27,5.2,1,0,Granted,10.4
17/958174,1700,standard,large,lenient,3,29,18,19.9,3,1,Granted,32.7
17/845708,2800,standard,large,moderate,1,22,20,20.6,1,0,Granted,22.4
17/851426,1600,standard,large,strict,2,15,21,28.2,2,0,Abandoned,51.9
17/363577,1700,standard,large,strict,2,19,15,19.7,2,0,Abandoned,25.3
17/387862,3600,standard,small,moderate,3,30,21,27.6,1,0,Granted,31.1
17/540008,1600,pph,small,strict,3,18,6,5.8,1,0,Granted,12.5
17/198882,1700,standard,small,lenient,5,17,25,14.2,1,0,Granted,20.0
17/717890,2100,standard,small,moderate,3,31,20,18.1,1,0,Granted,22.5
17/492258,2600,standard,micro,moderate,3,18,6,15.7,1,0,Granted,20.1
17/521863,2800,standard,large,lenient,3,31,17,13.2,1,0,Granted,19.6
17/973050,3700,standard,large,lenient,2,32,10,16.3,3,1,Abandoned,25.7
17/521430,2100,pph,micro,lenient,2,32,12,4.0,1,0,Granted,7.1
17/413137,2800,standard,micro,moderate,2,32,25,14.1,2,0,Abandoned,19.3
17/644994,3700,standard,micro,strict,4,21,18,17.1,2,0,Granted,40.5
17/946479,1600,standard,large,strict,3,14,18,23.3,2,0,Abandoned,27.7
17/726026,2800,pph,large,strict,4,18,4,6.0,1,0,Granted,9.2
17/313443,2400,standard,large,moderate,5,31,14,22.6,1,0,Granted,28.6
17/953355,2400,standard,small,moderate,3,33,9,28.3,1,0,Granted,33.1
17/937161,3700,trackOne,small,moderate,3,29,16,5.0,1,0,Granted,10.0
17/227525,2800,trackOne,small,moderate,3,26,18,2.8,3,1,Granted,13.8
17/473301,1700,standard,small,strict,3,25,12,24.0,1,0,Granted,29.7
17/720063,1600,trackOne,large,moderate,6,20,14,3.8,1,0,Granted,10.9
17/262155,2400,standard,large,lenient,1,25,7,19.0,1,0,Granted,21.9
17/467732,1600,standard,large,moderate,3,29,11,24.0,3,1,Granted,37.0
17/271327,1700,standard,large,moderate,3,16,24,19.3,1,0,Granted,23.7
17/489963,3600,standard,large,lenient,3,33,17,29.4,1,0,Granted,32.5
17/727090,1700,standard,large,moderate,4,29,13,20.6,1,0,Granted,26.0
17/586442,3700,trackOne,large,strict,3,33,16,3.5,3,1,Abandoned,12.9
17/747865,2100,standard,large,moderate,2,29,35,20.5,2,0,Abandoned,25.6
17/966147,2800,trackOne,small,moderate,3,24,31,3.7,3,1,Granted,16.2
17/503072,3700,standard,small,lenient,3,29,3,12.6,2,0,Abandoned,18.2
17/540824,2600,standard,large,moderate,3,22,11,18.6,3,1,Granted,30.4
17/478397,2600,trackOne,large,lenient,1,19,15,4.8,1,0,Granted,11.1
17/193138,2100,standard,large,moderate,3,17,17,16.7,2,0,Granted,42.5
17/321736,2100,standard,small,lenient,3,31,1,17.2,1,0,Granted,24.4
17/193191,2400,standard,small,lenient,3,27,19,16.3,2,0,Abandoned,45.3
17/677832,2600,standard,large,strict,3,16,16,20.0,1,0,Granted,25.6
17/416204,2400,pph,small,strict,3,30,8,6.1,1,0,Granted,9.7
17/344436,2400,standard,micro,moderate,3,23,6,26.1,4,2,Granted,43.5
17/471132,2100,trackOne,small,lenient,2,19,29,3.3,3,1,Granted,15.6
17/515232,1600,standard,small,moderate,3,22,15,14.0,2,0,Abandoned,19.0
17/606943,2800,standard,small,lenient,3,23,5,16.1,3,1,Granted,30.1
17/488550,3600,standard,small,moderate,5,15,14,31.5,1,0,Granted,34.5
17/620558,2800,standard,large,strict,6,21,1,17.2,3,1,Granted,30.5
17/339088,3600,standard,large,moderate,3,23,17,24.8,3,1,Granted,38.4
17/255940,2100,standard,small,strict,3,23,16,28.3,1,0,Granted,34.2
17/193931,2800,pph,small,moderate,3,13,15,7.6,4,2,Granted,22.8
17/464238,2400,standard,micro,lenient,6,29,16,15.2,1,0,Granted,18.6
17/875155,1700,trackOne,small,strict,4,18,12,2.9,1,0,Granted,7.0
17/789085,2100,standard,large,strict,2,25,3,25.6,2,0,Abandoned,54.9
17/333994,1600,standard,large,lenient,3,32,23,17.1,1,0,Granted,19.6
17/669104,1700,standard,large,lenient,3,21,23,15.2,1,0,Granted,21.7
17/469645,3700,standard,small,moderate,3,22,19,18.8,1,0,Granted,26.6
17/104147,3700,trackOne,large,lenient,1,31,26,5.2,1,0,Granted,8.3
17/548968,2100,trackOne,large,strict,5,20,23,3.8,2,0,Abandoned,9.6
17/771543,2400,pph,large,moderate,3,26,29,8.2,4,2,Granted,23.5
17/355086,2600,pph,large,moderate,3,28,45,4.6,1,0,Granted,11.4
17/282968,1700,standard,small,moderate,2,31,25,15.3,1,0,Granted,20.7
17/219606,3700,standard,large,moderate,3,32,12,19.7,4,2,Granted,35.3
17/159071,3700,standard,small,moderate,2,13,19,13.2,1,0,Granted,18.2
17/545606,1700,standard,large,moderate,6,36,7,23.9,2,0,Abandoned,58.2
17/203837,2600,standard,small,moderate,4,23,10,18.8,3,1,Granted,31.0
17/844458,3600,standard,micro,moderate,1,26,10,26.0,1,0,Granted,32.5
17/522908,3700,standard,small,moderate,2,27,7,17.4,2,0,Abandoned,38.0
17/294141,2800,standard,small,moderate,6,16,15,18.2,1,0,Granted,21.4
17/784549,2400,accelerated,large,strict,3,15,20,7.1,1,0,Granted,13.7
17/266291,2400,standard,large,moderate,3,29,16,19.7,4,2,Granted,34.7
17/350985,3700,standard,small,moderate,3,32,9,20.9,1,0,Granted,26.4
17/923445,1700,standard,large,strict,2,28,18,16.6,1,0,Granted,23.0
17/507005,3700,standard,small,moderate,1,21,14,21.2,1,0,Granted,26.3
17/293745,2100,trackOne,large,moderate,3,25,4,4.5,4,2,Granted,19.9
17/151780,1600,trackOne,small,lenient,5,24,24,2.9,1,0,Granted,6.2
17/610776,3700,standard,small,moderate,3,24,14,18.7,3,1,Granted,31.6
17/541850,3600,standard,large,lenient,3,23,19,19.7,1,0,Granted,22.4
17/340130,2100,standard,small,strict,3,29,4,26.3,3,1,Granted,38.3
17/823778,1600,standard,small,strict,3,24,11,32.3,1,0,Granted,37.9
17/813588,3700,standard,small,lenient,3,14,14,17.6,3,1,Granted,29.2
17/499181,3600,standard,small,moderate,3,15,14,19.0,3,1,Abandoned,29.1
17/378035,2800,standard,large,moderate,3,18,8,11.5,2,0,Abandoned,17.5
17/115771,2400,standard,small,moderate,3,13,19,19.3,1,0,Granted,24.6
17/383345,2400,standard,small,strict,3,20,5,31.0,3,1,Granted,43.4
17/984021,3700,standard,small,lenient,3,27,19,16.6,1,0,Granted,19.7
17/803367,1700,accelerated,large,strict,5,27,18,3.5,1,0,Granted,6.8
17/713740,2800,pph,micro,strict,3,20,24,5.9,1,0,Granted,11.8
17/986310,3700,pph,large,moderate,1,25,17,4.3,1,0,Granted,8.0
17/284352,3600,standard,large,lenient,3,26,4,20.9,1,0,Granted,24.2
17/177447,1600,trackOne,large,moderate,3,20,34,3.7,3,1,Granted,15.6
17/564107,3600,standard,large,moderate,3,28,12,24.8,1,0,Granted,31.1
17/660767,3700,standard,small,lenient,3,22,21,17.0,1,0,Granted,23.6
17/262932,3700,trackOne,large,moderate,3,13,12,3.0,2,0,Granted,27.6
17/260637,3600,accelerated,small,strict,3,28,15,4.9,3,1,Granted,17.8
17/828211,2600,standard,small,moderate,4,24,8,31.6,1,0,Granted,37.5
17/316317,2800,pph,small,lenient,3,28,27,5.9,1,0,Granted,12.6
17/285215,3700,accelerated,large,lenient,3,31,38,3.5,1,0,Granted,9.0
17/448429,3600,standard,large,lenient,3,24,13,23.3,3,1,Granted,36.1
17/472860,1700,trackOne,large,strict,3,25,18,2.9,1,0,Granted,9.2
17/172278,2100,standard,large,moderate,4,25,13,21.7,3,1,Granted,33.1
17/336040,1700,standard,large,moderate,2,17,20,18.2,3,1,Granted,30.4
17/403952,2800,accelerated,small,strict,3,32,8,4.6,1,0,Granted,11.0
17/603745,2800,trackOne,small,moderate,3,15,21,4.4,1,0,Granted,10.1
17/174807,3700,standard,large,moderate,3,32,27,19.5,1,0,Granted,26.0
17/942650,3700,standard,micro,moderate,2,27,29,17.8,1,0,Granted,23.8
17/971900,2400,standard,small,moderate,3,18,11,19.5,1,0,Granted,25.0
17/212085,3700,standard,large,moderate,3,15,18,19.7,2,0,Abandoned,25.2
17/339239,2800,standard,small,moderate,2,14,16,25.5,1,0,Granted,29.2
17/166519,3700,standard,large,lenient,3,13,14,16.6,1,0,Granted,23.0
17/386006,3600,trackOne,small,moderate,3,14,13,3.0,1,0,Granted,8.3
17/303626,2600,pph,small,strict,3,21,3,4.9,1,0,Granted,10.4
17/173603,1600,standard,large,lenient,3,33,1,29.5,1,0,Granted,34.9
17/612630,2600,standard,small,strict,3,28,1,23.9,2,0,Abandoned,30.1
17/680598,1700,trackOne,large,moderate,1,28,13,4.7,1,0,Granted,10.1
17/981215,2800,trackOne,micro,moderate,3,24,15,3.0,1,0,Granted,9.3
17/910257,3600,standard,small,moderate,2,24,12,20.5,3,1,Abandoned,29.1
17/872157,2800,standard,small,strict,4,20,25,11.7,2,0,Abandoned,17.0
17/209657,2400,standard,large,strict,2,21,13,23.6,1,0,Granted,29.5
17/365627,2800,standard,small,moderate,3,26,14,15.3,1,0,Granted,17.9
17/562437,2400,standard,small,lenient,2,31,4,9.2,1,0,Granted,14.6
17/545794,3600,trackOne,small,moderate,2,22,17,4.1,1,0,Granted,9.9
17/791169,2400,trackOne,large,moderate,3,27,5,4.0,1,0,Granted,8.9
17/691323,2600,trackOne,large,lenient,3,25,17,3.3,1,0,Granted,9.7
17/554393,3700,standard,large,lenient,3,27,12,21.8,1,0,Granted,27.1
17/453801,1600,standard,micro,moderate,3,18,20,16.2,1,0,Granted,19.8
17/856478,2100,trackOne,small,moderate,2,15,20,4.1,1,0,Granted,9.8
17/187357,1700,standard,large,moderate,3,22,18,18.3,3,1,Granted,29.9
17/599555,2800,standard,small,moderate,3,31,4,18.9,1,0,Granted,25.9
17/529110,1700,standard,micro,moderate,3,23,13,20.2,3,1,Granted,31.8
17/159076,1700,standard,micro,lenient,4,31,23,10.5,3,1,Granted,23.9
17/155836,3600,pph,large,moderate,4,28,15,5.2,2,0,Abandoned,10.7
17/444700,3700,standard,large,strict,5,29,6,27.5,3,1,Granted,40.0
17/995958,3700,standard,large,lenient,3,18,20,13.6,3,1,Abandoned,21.7
17/280663,2600,standard,large,strict,5,18,16,24.5,3,1,Granted,36.3
17/564216,2800,standard,large,moderate,4,34,6,22.5,1,0,Granted,27.9
17/617686,2400,standard,large,strict,3,21,12,18.2,3,1,Granted,31.9
17/863445,3700,standard,large,moderate,3,20,1,20.0,1,0,Granted,23.0
17/706439,2600,standard,large,moderate,6,33,5,22.2,1,0,Granted,24.6
17/787311,1700,standard,large,moderate,3,20,11,14.4,2,0,Granted,40.6
17/324315,2100,standard,small,strict,4,16,20,23.2,3,1,Granted,35.5
17/474092,1700,standard,large,moderate,3,16,11,20.0,3,1,Abandoned,28.4
17/216220,3700,standard,small,moderate,3,15,16,19.0,3,1,Granted,30.0
17/121617,2100,standard,large,strict,5,18,1,30.8,1,0,Granted,36.5
17/649271,2100,standard,large,lenient,4,32,22,18.1,1,0,Granted,23.3
17/479100,2600,standard,small,lenient,3,26,23,14.0,1,0,Granted,20.6
17/123239,2400,standard,small,lenient,3,23,9,19.1,1,0,Granted,25.4
17/451473,1700,standard,large,strict,3,28,13,30.4,1,0,Granted,35.7
17/350531,3700,standard,large,moderate,3,32,13,22.1,3,1,Granted,34.9
17/822381,3600,standard,large,moderate,2,19,9,23.3,3,1,Granted,35.2
17/939637,1600,standard,large,strict,4,23,10,29.3,2,0,Abandoned,58.6
17/901866,3700,pph,micro,lenient,3,17,19,8.4,2,0,Abandoned,12.2
17/266057,2600,standard,large,moderate,2,29,13,14.1,3,1,Abandoned,24.1
17/771298,1700,standard,small,moderate,3,20,30,15.1,2,0,Abandoned,18.9
17/322276,2800,standard,large,moderate,3,17,21,18.4,1,0,Granted,24.4
17/912085,3600,standard,large,moderate,3,13,10,23.0,1,0,Granted,28.8
17/413303,3700,trackOne,large,moderate,3,23,8,4.5,3,1,Granted,16.7
17/945864,2100,standard,small,lenient,4,17,21,14.1,1,0,Granted,17.6
17/304298,1600,standard,large,strict,6,28,22,27.6,3,1,Abandoned,36.9
17/367478,2400,accelerated,small,lenient,1,11,19,6.2,2,0,Abandoned,10.3
17/507861,3700,standard,large,moderate,3,25,11,13.4,3,1,Granted,26.4
17/690813,1600,standard,small,moderate,3,15,3,21.3,1,0,Granted,27.1
17/957151,2600,standard,large,moderate,5,34,15,8.7,1,0,Granted,14.4
17/957257,1600,standard,small,strict,4,18,1,21.8,3,1,Granted,34.6
17/809717,2800,standard,large,moderate,2,27,21,10.9,2,0,Abandoned,15.9
17/474698,2800,standard,large,strict,3,22,12,29.5,3,1,Granted,42.6
17/544391,2800,standard,micro,strict,5,35,16,16.1,1,0,Granted,22.8
17/626305,3600,standard,large,lenient,3,21,4,16.9,1,0,Granted,22.7
17/616811,2400,standard,large,moderate,2,17,22,23.2,1,0,Granted,28.9
17/614271,3700,standard,small,lenient,4,30,6,13.7,2,0,Abandoned,19.1
17/484393,2800,standard,large,moderate,3,16,8,16.3,3,1,Granted,28.1
17/565512,2100,standard,small,moderate,2,27,28,14.1,3,1,Granted,25.7
17/994564,1600,standard,large,moderate,2,31,22,22.4,3,1,Granted,35.9
17/236426,3600,trackOne,large,moderate,4,31,31,5.5,1,0,Granted,8.6
17/400169,1600,trackOne,large,strict,4,19,20,4.3,3,1,Granted,17.5
17/228872,2100,standard,small,moderate,2,23,13,24.0,3,1,Granted,36.4
17/254275,3600,standard,large,strict,5,21,13,23.2,1,0,Granted,28.8
17/484117,2100,standard,small,lenient,3,33,3,18.8,1,0,Granted,24.8
17/253228,1600,standard,large,moderate,3,13,20,13.4,1,0,Granted,18.5
17/849782,2800,standard,large,lenient,3,33,25,18.0,1,0,Granted,21.2
17/141133,2400,standard,large,moderate,4,26,15,20.4,1,0,Granted,25.0
17/785728,3600,standard,small,lenient,3,17,12,27.5,1,0,Granted,34.1
17/893958,2800,standard,large,strict,3,16,12,17.5,2,0,Abandoned,46.3
17/178139,1700,standard,small,lenient,3,19,13,22.3,2,0,Granted,45.8
17/800690,1600,standard,large,moderate,3,19,5,26.3,3,1,Granted,39.7
17/481947,2400,trackOne,micro,moderate,3,23,12,3.1,1,0,Granted,9.5
17/944942,2100,standard,small,moderate,3,33,6,25.2,1,0,Granted,31.0
17/878859,3600,standard,micro,lenient,3,31,22,23.1,2,0,Granted,44.5
17/225790,2800,accelerated,small,lenient,5,20,9,5.8,2,0,Abandoned,38.3
17/594651,2400,standard,large,strict,3,16,8,26.0,3,1,Granted,38.2
17/200667,3600,standard,small,lenient,3,21,3,27.1,4,2,Abandoned,40.7
17/851076,2800,standard,small,moderate,4,24,19,15.6,1,0,Granted,20.3
17/936712,2600,standard,small,lenient,2,27,14,8.5,2,0,Granted,37.6
17/864657,2600,standard,small,strict,4,14,23,20.3,1,0,Granted,25.8
17/228949,3700,standard,small,moderate,3,23,22,22.7,1,0,Granted,28.7
17/807106,3600,accelerated,small,lenient,3,26,22,4.0,1,0,Granted,8.1
17/727166,2800,standard,small,lenient,4,24,19,13.5,3,1,Granted,24.9
17/938703,2600,trackOne,small,strict,3,30,11,3.4,2,0,Abandoned,39.0
17/673922,2400,pph,large,moderate,4,25,16,4.0,1,0,Granted,10.6
17/304028,2100,standard,large,lenient,2,29,13,15.2,1,0,Granted,20.2
17/444613,3700,standard,micro,moderate,4,30,5,14.2,1,0,Granted,20.6
17/341349,2600,standard,small,moderate,3,30,16,16.3,1,0,Granted,21.3
17/777466,2100,standard,large,moderate,3,19,6,14.6,2,0,Abandoned,19.9
17/643836,2600,standard,small,moderate,3,27,13,18.8,2,0,Abandoned,23.6
17/758369,2400,standard,large,strict,3,25,9,27.2,3,1,Abandoned,35.9
17/869559,2600,pph,large,lenient,5,29,8,8.1,1,0,Granted,10.6
17/697004,2600,standard,small,moderate,2,17,11,9.9,1,0,Granted,15.8
17/290882,3700,standard,micro,moderate,3,31,28,15.5,3,1,Granted,28.2
17/485163,2100,trackOne,large,strict,3,21,24,4.2,1,0,Granted,10.7
17/324047,3600,trackOne,large,moderate,4,20,23,3.6,1,0,Granted,5.2
17/429301,2600,trackOne,small,lenient,1,29,1,2.5,1,0,Granted,5.7
17/752836,3600,accelerated,small,moderate,1,11,26,5.1,3,1,Abandoned,14.4
17/378665,1600,standard,small,moderate,5,30,20,24.8,3,1,Granted,37.0
17/750115,3600,standard,large,strict,2,27,3,36.3,1,0,Granted,42.4
17/345596,1700,standard,large,moderate,3,19,14,28.8,1,0,Granted,34.6
17/492757,3600,standard,large,moderate,3,19,16,16.6,3,1,Granted,29.1
17/381112,1600,standard,small,strict,2,29,5,26.7,3,1,Granted,38.1
17/157905,1600,standard,large,strict,3,27,15,24.9,1,0,Granted,30.7
17/105741,2100,standard,large,strict,3,18,9,23.1,1,0,Granted,28.0
17/663431,2400,standard,large,strict,3,19,1,18.6,2,0,Granted,47.4
17/506626,2800,standard,small,moderate,3,24,6,18.0,1,0,Granted,22.8
17/964637,3700,standard,small,moderate,3,31,32,23.0,3,1,Granted,37.2
17/938945,1600,standard,small,lenient,3,14,15,19.2,3,1,Granted,33.5
17/772269,1600,standard,large,strict,3,18,20,25.6,3,1,Granted,37.8
17/364835,3700,standard,large,moderate,3,19,22,7.9,3,1,Granted,19.0
17/467561,2100,accelerated,large,moderate,3,24,8,5.2,1,0,Granted,8.2
17/985428,2400,standard,large,lenient,3,24,12,25.8,3,1,Granted,38.0
17/669114,3700,standard,large,lenient,3,21,11,14.9,1,0,Granted,20.2
17/802938,1700,standard,large,moderate,4,32,8,17.8,1,0,Granted,23.6
17/118980,2100,trackOne,small,moderate,3,26,29,4.6,1,0,Granted,9.8
17/553982,3700,standard,small,strict,3,24,20,12.8,1,0,Granted,17.7
17/742995,3600,accelerated,large,strict,3,26,22,3.5,3,1,Granted,15.3
17/640603,1700,standard,large,moderate,2,15,1,15.4,3,1,Granted,27.9
17/219098,2800,accelerated,micro,strict,3,15,6,5.3,3,1,Granted,17.1
17/873982,3600,standard,large,lenient,4,24,13,22.7,3,1,Granted,36.8
17/909963,2800,standard,large,moderate,3,19,9,19.2,1,0,Granted,25.3
17/490510,2800,standard,small,lenient,4,17,10,19.2,1,0,Granted,25.1
17/435530,1600,standard,large,lenient,4,27,21,14.9,3,1,Granted,26.6
17/665467,2600,standard,small,moderate,3,20,18,17.9,3,1,Abandoned,27.5
17/631088,2100,standard,large,lenient,2,29,5,25.6,2,0,Granted,50.1
17/524856,1700,trackOne,small,lenient,3,25,31,3.5,3,1,Granted,16.2
17/149638,1600,trackOne,small,lenient,3,20,16,2.7,1,0,Granted,8.1
17/769398,2100,standard,small,moderate,3,27,18,20.5,1,0,Granted,25.4
17/657433,2600,standard,micro,lenient,1,25,4,28.5,1,0,Granted,34.5
17/463421,3700,standard,small,lenient,4,30,7,11.8,1,0,Granted,17.6
17/403749,3700,standard,micro,moderate,3,33,23,22.6,3,1,Granted,35.7
17/395715,2400,pph,large,moderate,3,17,2,9.3,3,1,Granted,22.5
17/772371,3700,standard,large,strict,3,32,13,22.2,1,0,Granted,27.7
17/905242,2100,standard,large,moderate,3,15,15,23.3,1,0,Granted,29.2
17/358223,1600,standard,small,strict,1,22,3,30.8,1,0,Granted,35.9
17/509355,2100,standard,large,lenient,2,27,11,23.0,1,0,Granted,28.6
17/409893,3600,standard,large,moderate,3,13,24,19.4,3,1,Granted,31.4
17/184993,2100,standard,large,lenient,3,13,1,19.3,2,0,Abandoned,27.1
17/777843,2100,standard,small,moderate,3,20,16,23.1,4,2,Granted,38.2
17/288904,2600,standard,small,strict,4,28,23,23.3,2,0,Abandoned,44.5
17/320673,1600,standard,large,moderate,3,17,15,24.9,2,0,Abandoned,30.4
17/638325,1700,standard,large,lenient,3,32,12,12.6,3,1,Abandoned,23.1
17/982851,3700,pph,small,strict,3,21,13,5.6,1,0,Granted,10.9
17/380660,1600,standard,small,moderate,1,14,18,21.0,2,0,Abandoned,25.9
17/812915,2600,pph,large,moderate,3,22,2,6.6,1,0,Granted,12.8
17/608187,3700,pph,large,strict,3,21,3,5.6,1,0,Granted,8.6
17/784200,2100,standard,large,moderate,4,29,23,16.5,3,1,Granted,27.8
17/323850,2600,standard,micro,moderate,3,20,11,20.0,1,0,Granted,26.3
17/508149,2400,standard,large,moderate,3,24,15,28.3,2,0,Abandoned,56.4
17/740699,3700,standard,large,moderate,3,27,7,11.9,1,0,Granted,18.2
17/497885,2800,standard,large,lenient,3,32,15,14.2,2,0,Abandoned,47.2
17/416187,2600,standard,large,strict,3,33,1,22.6,1,0,Granted,29.2
17/280471,2800,standard,large,moderate,2,21,10,19.4,1,0,Granted,26.5
17/618691,3700,standard,large,lenient,3,19,22,23.7,1,0,Granted,28.1
17/420991,1600,standard,small,lenient,2,22,1,21.2,1,0,Granted,26.3
17/693307,3600,standard,small,strict,3,33,31,36.1,3,1,Granted,47.8
17/506197,1700,standard,small,moderate,4,15,16,21.3,1,0,Granted,27.0
17/448305,1700,standard,large,moderate,1,28,6,15.6,3,1,Granted,28.9
17/643036,3600,standard,large,lenient,3,13,15,23.3,1,0,Granted,29.8
17/535894,1700,pph,small,moderate,3,16,15,6.6,1,0,Granted,9.6
17/220369,2800,trackOne,large,moderate,3,13,20,3.3,4,2,Abandoned,15.5
17/602875,2100,standard,small,strict,4,20,15,29.0,3,1,Abandoned,38.6
17/105102,2100,trackOne,micro,moderate,4,25,21,2.8,3,1,Granted,15.5
17/275177,3600,standard,large,moderate,3,25,18,22.5,3,1,Granted,36.3
17/762052,2400,standard,small,lenient,3,33,20,7.7,3,1,Abandoned,16.5
17/364067,3600,standard,micro,moderate,3,14,24,24.2,2,0,Abandoned,52.7
17/798122,3600,standard,large,moderate,1,22,27,28.8,2,0,Granted,53.6
17/209147,2600,standard,small,moderate,4,19,7,18.1,3,1,Granted,30.0
17/149730,2800,trackOne,small,strict,1,11,11,4.3,1,0,Granted,7.2
17/585964,1700,standard,large,moderate,6,20,12,21.5,2,0,Abandoned,27.0
17/819911,2100,pph,small,moderate,5,16,11,4.0,1,0,Granted,10.2
17/181210,3700,standard,large,lenient,4,24,9,12.2,3,1,Granted,24.6
17/302865,2100,standard,large,moderate,3,26,20,19.5,1,0,Granted,25.4
17/166313,3700,trackOne,small,moderate,3,28,21,3.1,3,1,Granted,14.8
17/856281,2600,standard,small,moderate,2,29,19,17.8,1,0,Granted,20.7
17/300060,1600,standard,large,lenient,3,28,5,21.9,2,0,Granted,54.0
17/698419,1700,standard,micro,lenient,5,31,22,17.8,1,0,Granted,20.6
17/405206,2100,standard,small,moderate,5,23,29,35.0,4,2,Abandoned,47.5
17/649090,1700,standard,large,lenient,3,13,29,27.1,1,0,Granted,32.2
17/103031,3600,standard,large,lenient,3,29,1,20.0,1,0,Granted,24.9
17/387384,2600,standard,small,strict,3,24,20,18.9,1,0,Granted,25.3
17/723115,2400,trackOne,large,moderate,2,20,24,4.0,3,1,Granted,16.6
17/872277,2800,standard,small,strict,3,16,26,25.2,4,2,Abandoned,37.0
17/245936,3600,standard,large,lenient,4,29,6,25.1,1,0,Granted,28.2
17/701388,2800,standard,large,moderate,1,29,10,21.3,3,1,Granted,34.2
17/256854,1600,standard,large,strict,3,15,21,26.5,1,0,Granted,31.7
17/515676,1600,standard,small,lenient,4,29,13,19.9,2,0,Abandoned,46.2
17/237371,1600,standard,small,moderate,3,16,10,22.0,3,1,Abandoned,30.8
17/826975,3600,standard,small,moderate,3,29,26,16.1,3,1,Granted,28.5
17/443934,3600,standard,small,strict,2,16,8,31.9,3,1,Granted,45.3
17/468207,1600,standard,small,strict,2,16,21,25.3,3,1,Granted,37.9
17/874239,2100,standard,small,moderate,5,25,8,22.5,1,0,Granted,25.6
17/632863,2400,standard,micro,lenient,5,25,14,17.1,1,0,Granted,23.6
17/211642,2100,standard,large,strict,3,28,10,30.9,4,2,Abandoned,45.3
17/120180,3700,standard,small,moderate,4,23,5,20.3,2,0,Abandoned,26.6
17/402818,3600,standard,small,moderate,3,27,27,24.6,2,0,Abandoned,29.3
17/576924,2100,standard,micro,moderate,1,21,16,14.9,2,0,Abandoned,21.3
17/320247,1700,trackOne,large,moderate,3,27,19,3.3,3,1,Granted,16.3
17/506238,2800,accelerated,small,moderate,3,31,3,5.5,3,1,Granted,18.0
17/921336,1700,standard,large,moderate,3,20,10,23.6,3,1,Abandoned,32.7
17/860794,3700,standard,small,moderate,3,30,16,11.7,4,2,Granted,28.2
17/573659,3600,standard,large,moderate,4,31,12,22.1,1,0,Granted,28.7
17/240743,1600,trackOne,small,strict,3,14,22,4.7,1,0,Granted,7.9
17/565928,2800,standard,small,moderate,3,26,23,10.0,2,0,Abandoned,15.2
17/382610,2400,pph,small,lenient,3,13,11,6.7,1,0,Granted,12.1
17/439150,1600,standard,small,moderate,2,27,6,14.2,1,0,Granted,20.0
17/494670,1600,standard,large,moderate,3,33,9,17.9,1,0,Granted,23.9
17/774864,1600,standard,small,lenient,3,21,1,22.9,1,0,Granted,28.2
17/280944,2600,standard,large,moderate,3,27,10,22.0,1,0,Granted,27.0
17/451444,3700,accelerated,small,moderate,1,27,13,6.0,1,0,Granted,9.6
17/706352,3700,standard,small,moderate,2,13,13,13.7,1,0,Granted,20.3
17/154193,2400,standard,large,moderate,3,28,17,24.2,4,2,Abandoned,37.1
17/140634,2800,standard,large,moderate,1,14,24,20.5,2,0,Abandoned,23.9
17/566878,2400,trackOne,small,strict,3,17,24,3.7,1,0,Granted,8.9
17/716392,2400,standard,small,moderate,2,25,24,19.3,1,0,Granted,24.6
17/676592,1700,standard,large,strict,1,21,17,16.6,1,0,Granted,23.4
17/332162,2100,standard,large,moderate,2,14,18,15.3,2,0,Abandoned,47.2
17/520462,3700,trackOne,small,moderate,3,23,11,4.5,3,1,Granted,16.7
17/665985,2100,standard,large,strict,2,12,14,24.6,2,0,Abandoned,30.3
17/440804,1600,standard,large,moderate,3,24,25,26.6,1,0,Granted,31.3
17/683890,1600,standard,micro,moderate,3,23,6,19.9,1,0,Granted,25.9
17/817090,3700,standard,large,moderate,3,29,21,19.0,3,1,Granted,31.7
17/871397,3600,standard,large,moderate,3,30,10,28.1,3,1,Granted,40.9
17/522437,2800,standard,small,lenient,3,14,23,13.4,1,0,Granted,19.1
17/831072,3600,standard,large,moderate,4,26,8,25.7,2,0,Abandoned,31.3
17/933158,1700,standard,large,moderate,3,15,14,13.5,3,1,Granted,25.5
17/204241,1600,standard,large,lenient,2,15,15,23.9,1,0,Granted,29.8
17/540601,2800,standard,small,moderate,4,27,10,14.8,1,0,Granted,17.6
17/482220,3600,standard,small,moderate,3,20,15,27.6,1,0,Granted,33.9
17/648285,2600,trackOne,large,lenient,3,25,8,5.0,1,0,Granted,9.6
17/170869,1700,standard,large,strict,3,27,2,25.3,3,1,Granted,37.9
17/100361,1700,standard,large,lenient,3,24,12,23.7,3,1,Granted,36.4
17/269116,3700,standard,small,moderate,3,29,25,19.3,1,0,Granted,26.1
17/104733,2800,standard,large,strict,3,30,6,13.2,3,1,Granted,25.3
17/622796,3700,standard,large,moderate,2,22,11,22.0,1,0,Granted,28.6
17/167106,1600,standard,large,strict,5,34,5,29.3,1,0,Granted,34.9
17/898845,2100,standard,large,moderate,3,14,20,19.5,3,1,Granted,32.0
17/445050,1600,pph,large,strict,3,33,15,6.0,3,1,Granted,18.5
17/329990,3600,standard,small,moderate,3,28,15,24.5,2,0,Abandoned,30.4
17/637976,3600,standard,large,strict,3,30,21,25.0,4,2,Granted,41.4
17/674731,3700,standard,large,strict,2,17,16,22.5,1,0,Granted,28.7
17/690728,3700,standard,large,lenient,3,25,8,10.7,3,1,Granted,22.8
17/121576,1700,standard,micro,lenient,3,16,27,6.0,1,0,Granted,11.7
17/512522,3600,standard,large,moderate,3,13,19,22.7,1,0,Granted,28.7
17/537089,2100,standard,small,strict,3,18,28,28.7,2,0,Abandoned,63.2
17/596817,2100,standard,small,lenient,3,27,21,22.3,1,0,Granted,29.1
17/876310,2400,standard,small,strict,4,31,23,26.7,2,0,Abandoned,32.2
17/341141,3600,trackOne,large,moderate,3,33,25,2.5,1,0,Granted,6.2
17/531823,1600,standard,large,strict,3,26,17,21.4,3,1,Granted,34.1
17/990650,1700,standard,large,strict,3,19,24,19.1,2,0,Abandoned,25.6
17/102238,2600,standard,large,lenient,3,26,31,6.0,2,0,Abandoned,12.3
17/261836,2800,standard,large,moderate,2,20,16,21.9,3,1,Abandoned,31.2
17/704126,1600,trackOne,small,moderate,3,21,9,3.1,2,0,Abandoned,8.5
17/123419,3600,standard,micro,moderate,2,28,18,23.3,3,1,Abandoned,33.1
17/682256,2100,standard,small,strict,3,15,23,22.9,1,0,Granted,28.3
17/205644,2100,trackOne,large,moderate,3,13,14,4.3,3,1,Granted,16.1
17/992739,2800,standard,small,strict,1,27,15,25.2,3,1,Granted,38.5
17/279375,3600,standard,large,lenient,2,21,8,20.6,1,0,Granted,25.5
17/563675,2100,standard,large,moderate,3,25,6,20.0,2,0,Abandoned,26.0
17/240835,2600,trackOne,micro,lenient,1,16,21,3.2,3,1,Granted,15.8
17/364028,2800,trackOne,large,lenient,3,20,14,2.5,1,0,Granted,8.6
17/494655,1600,standard,small,strict,2,21,27,26.6,4,2,Abandoned,40.3
17/549463,3700,standard,large,moderate,3,27,19,20.7,3,1,Granted,33.7
17/969601,3600,standard,large,strict,2,25,10,31.4,3,1,Granted,43.4
17/428695,1600,standard,large,moderate,3,18,1,15.2,3,1,Granted,27.8
17/974178,3700,standard,large,strict,3,32,15,23.2,3,1,Granted,35.1
17/832527,1700,standard,large,moderate,3,28,13,25.9,3,1,Granted,38.3
17/774556,1600,standard,large,lenient,2,23,25,13.4,2,0,Abandoned,18.7
17/826768,3700,standard,micro,lenient,3,29,24,12.8,1,0,Granted,19.5
17/453567,2100,standard,small,moderate,3,27,16,15.8,3,1,Granted,27.8
17/663400,1700,standard,large,moderate,3,15,14,20.1,1,0,Granted,26.3
17/522934,3600,standard,small,moderate,5,22,26,26.5,3,1,Granted,40.0
17/493570,3600,standard,large,lenient,4,18,25,20.4,1,0,Granted,26.4
17/928307,2600,standard,large,lenient,2,21,11,22.0,4,2,Abandoned,33.6
17/317586,1700,standard,small,moderate,4,17,7,21.2,3,1,Granted,33.3
17/347516,1600,standard,small,lenient,3,25,9,27.5,3,1,Granted,39.6
17/820530,2800,standard,large,moderate,3,23,17,11.0,2,0,Abandoned,39.6
17/694480,1600,standard,small,moderate,4,28,19,23.3,1,0,Granted,29.1
17/727550,2800,standard,large,lenient,3,24,20,15.0,1,0,Granted,21.3
17/223377,1700,standard,large,strict,3,15,10,15.7,3,1,Abandoned,24.1
17/298576,2100,pph,small,moderate,2,24,17,5.5,1,0,Granted,8.1
17/412905,3600,standard,small,strict,3,27,11,29.8,1,0,Granted,34.5
17/844970,2800,standard,small,strict,3,25,6,18.7,2,0,Abandoned,23.2
17/855664,2600,standard,small,moderate,2,18,22,13.6,3,1,Granted,26.6
17/453806,1700,standard,large,moderate,3,31,16,18.5,3,1,Granted,32.2
17/501586,1600,trackOne,large,moderate,3,25,8,3.2,2,0,Abandoned,27.4
17/469438,3700,standard,large,strict,3,20,1,21.9,1,0,Granted,28.1
17/785225,3600,trackOne,large,moderate,3,13,25,3.3,1,0,Granted,9.8
17/345060,2600,standard,micro,strict,2,27,10,17.3,3,1,Granted,30.1
17/999619,1600,standard,micro,moderate,5,29,15,21.6,1,0,Granted,26.6
17/195892,1600,pph,small,moderate,3,13,3,6.8,1,0,Granted,10.6
17/113925,2100,standard,large,strict,3,19,11,28.6,3,1,Granted,40.5
17/688436,3700,standard,large,lenient,3,25,12,19.2,3,1,Granted,32.2
17/194214,1700,standard,large,moderate,3,19,1,25.2,2,0,Abandoned,31.3
17/434949,2600,standard,small,moderate,2,28,15,11.2,3,1,Granted,22.5
17/712515,1700,standard,micro,moderate,3,32,7,23.0,2,0,Abandoned,28.1
17/472112,2400,standard,large,strict,5,16,17,20.3,3,1,Granted,31.7
17/925200,2600,trackOne,large,moderate,3,18,16,2.6,3,1,Granted,15.8
17/503747,1700,standard,small,lenient,3,23,21,17.5,1,0,Granted,23.4
17/425060,1700,accelerated,small,moderate,2,20,31,5.0,2,0,Abandoned,29.4
17/317022,2800,accelerated,small,moderate,4,34,17,4.3,1,0,Granted,6.4
17/870415,3600,standard,large,lenient,3,30,11,23.3,3,1,Granted,36.6
17/198581,2400,trackOne,micro,moderate,2,12,15,4.6,2,0,Abandoned,8.4
17/400985,3700,accelerated,large,moderate,1,16,12,5.1,2,0,Granted,39.9
17/202199,2600,standard,large,strict,2,22,25,20.1,3,1,Granted,32.5
17/938184,2400,standard,large,moderate,3,29,25,20.5,1,0,Granted,27.0
17/119212,2100,standard,large,moderate,2,30,21,22.5,2,0,Abandoned,30.1
17/485135,2400,standard,large,moderate,2,27,16,20.4,1,0,Granted,23.8
17/238751,2400,standard,micro,strict,2,26,22,31.2,2,0,Granted,59.5
17/804229,1600,standard,large,moderate,3,16,19,24.0,3,1,Granted,35.5
17/394130,2100,standard,small,strict,2,30,18,37.7,2,0,Granted,67.8
17/742027,2100,standard,micro,strict,3,29,1,16.5,1,0,Granted,22.7
17/730672,2600,trackOne,large,lenient,3,17,10,2.9,1,0,Granted,6.8
17/968531,2600,standard,small,moderate,2,13,17,23.0,3,1,Granted,34.3
17/966152,2100,standard,large,moderate,6,23,29,34.1,1,0,Granted,39.9
17/460576,2400,standard,micro,moderate,6,19,21,27.3,2,0,Granted,60.6
17/614170,2800,standard,small,strict,3,32,10,25.6,3,1,Abandoned,33.6
17/374964,2400,standard,small,moderate,2,25,36,11.5,1,0,Granted,17.5
17/354702,2100,trackOne,small,moderate,3,20,19,5.2,1,0,Granted,10.4
17/700293,2800,standard,small,lenient,3,29,6,14.2,1,0,Granted,20.6
17/375722,1700,standard,small,moderate,3,13,11,20.1,2,0,Abandoned,25.3
17/713838,3600,standard,micro,strict,1,16,6,28.3,3,1,Granted,41.1
17/369055,1700,trackOne,large,strict,3,24,14,3.2,1,0,Granted,6.5
17/474616,1600,standard,micro,moderate,3,27,12,20.8,1,0,Granted,26.0
17/331199,1600,trackOne,large,lenient,6,33,12,3.3,1,0,Granted,8.1
17/670666,2600,standard,large,moderate,6,16,20,17.4,1,0,Granted,23.7
17/868314,2800,standard,large,moderate,3,13,32,10.5,2,0,Abandoned,16.5
17/528426,2600,standard,large,moderate,3,14,11,18.4,3,1,Abandoned,28.9
17/547593,2600,standard,large,strict,3,13,11,23.5,1,0,Granted,29.9
17/262811,3600,trackOne,large,lenient,3,18,5,3.5,1,0,Granted,6.8
17/755137,2100,standard,large,moderate,3,14,23,27.9,3,1,Granted,40.8
17/741218,1600,standard,small,strict,6,34,21,30.4,3,1,Granted,43.8
17/754278,3700,pph,large,lenient,3,21,24,9.0,1,0,Granted,14.1
17/544422,3600,trackOne,micro,moderate,3,31,19,2.8,1,0,Granted,8.2
17/168501,2400,pph,large,strict,3,32,19,4.0,3,1,Granted,14.9
17/151190,1600,standard,small,strict,2,14,19,31.9,1,0,Granted,36.6
17/468057,1700,trackOne,large,lenient,3,19,22,3.9,1,0,Granted,7.3
17/754600,3600,trackOne,small,moderate,6,26,18,3.8,2,0,Granted,30.1
17/900940,1600,standard,small,lenient,3,19,14,18.1,3,1,Granted,31.1
17/744003,2400,trackOne,large,lenient,3,32,4,4.2,1,0,Granted,11.1
17/126620,2400,standard,small,strict,3,29,30,19.4,3,1,Abandoned,29.7
17/207026,3700,trackOne,large,strict,2,16,15,4.9,1,0,Granted,10.9
17/780981,3700,standard,large,moderate,3,30,1,20.6,1,0,Granted,23.6
17/290481,1700,standard,large,moderate,3,17,1,19.4,4,2,Abandoned,31.1
17/866111,1700,pph,micro,lenient,3,22,1,5.1,3,1,Granted,18.6
17/820485,2800,standard,large,lenient,3,23,24,14.2,1,0,Granted,17.4
17/754500,2400,trackOne,large,moderate,1,26,19,4.2,1,0,Granted,7.5
17/308057,2600,standard,small,moderate,3,27,14,15.1,3,1,Abandoned,24.8
17/911503,2800,pph,micro,moderate,1,12,2,6.4,2,0,Granted,33.2
17/675808,2800,trackOne,large,strict,2,19,19,4.3,3,1,Abandoned,13.8
17/448868,2600,trackOne,small,moderate,3,15,24,4.4,1,0,Granted,10.5
17/835563,3700,standard,micro,lenient,3,20,5,19.2,3,1,Granted,31.8
17/312070,1600,standard,small,lenient,3,33,7,19.5,1,0,Granted,24.4
17/130443,1700,standard,large,strict,3,23,10,24.5,1,0,Granted,31.2
17/315974,1700,pph,small,moderate,3,24,21,8.0,1,0,Granted,14.1
17/282053,2400,standard,large,lenient,3,32,24,19.2,2,0,Abandoned,24.6
17/145790,3700,standard,small,strict,4,34,23,19.3,1,0,Granted,23.8
17/876457,2100,standard,large,strict,6,22,13,27.5,3,1,Granted,38.0
17/402295,2400,standard,micro,lenient,3,31,1,23.0,3,1,Granted,34.5
17/987941,2400,standard,large,moderate,3,15,24,21.2,3,1,Granted,32.6
17/473249,3700,trackOne,small,strict,3,17,22,3.3,2,0,Abandoned,8.2
17/127100,2100,standard,large,lenient,3,18,1,16.8,3,1,Granted,28.7
17/294923,1700,standard,large,moderate,4,27,21,20.6,1,0,Granted,27.2
17/116755,1700,standard,micro,moderate,1,20,20,11.7,2,0,Abandoned,18.4
17/482769,3700,standard,large,moderate,2,22,13,17.0,1,0,Granted,24.2
17/341644,3700,standard,micro,lenient,3,14,20,22.1,1,0,Granted,29.0
17/824608,3700,standard,small,strict,3,33,25,18.4,2,0,Abandoned,22.9
17/464791,1700,standard,large,moderate,3,23,1,18.3,3,1,Granted,31.0
17/897740,1600,standard,large,moderate,3,15,15,22.7,2,0,Abandoned,28.4
17/656276,1600,standard,small,moderate,3,28,14,23.2,1,0,Granted,29.8
17/195105,3600,standard,large,moderate,3,25,1,24.0,2,0,Abandoned,29.2
17/655489,1700,standard,small,strict,3,25,11,27.1,1,0,Granted,33.1
17/588068,3600,standard,large,moderate,2,27,19,20.1,1,0,Granted,22.7
17/972039,3700,standard,large,lenient,3,26,5,13.1,4,2,Granted,29.1
17/830450,2800,pph,large,lenient,3,29,22,7.2,1,0,Granted,12.6
17/792562,2800,standard,large,strict,4,17,18,18.4,2,0,Abandoned,22.7
17/599785,2600,standard,small,lenient,4,16,22,13.5,1,0,Granted,19.6
17/742149,1700,standard,micro,moderate,1,11,6,21.0,1,0,Granted,26.7
17/954271,3600,standard,large,moderate,6,23,31,27.6,2,0,Abandoned,34.0
17/262911,2600,standard,micro,moderate,4,32,21,17.8,1,0,Granted,23.8
17/502235,2800,standard,small,strict,4,34,21,19.8,3,1,Granted,32.6
17/835817,2400,trackOne,micro,strict,2,13,1,3.3,1,0,Granted,9.0
17/580648,2400,pph,large,strict,3,19,1,8.0,1,0,Granted,13.8
17/535749,2100,standard,large,moderate,3,19,21,19.3,2,0,Abandoned,45.7
17/502453,1600,accelerated,large,moderate,5,22,9,4.6,1,0,Granted,10.8
17/180185,2400,standard,large,moderate,2,31,7,26.5,1,0,Granted,32.3
17/778901,1700,standard,large,moderate,3,18,28,15.1,1,0,Granted,20.2
17/457370,2600,standard,large,moderate,5,30,7,16.5,1,0,Granted,19.7
17/135608,3700,trackOne,large,strict,3,33,13,3.5,1,0,Granted,9.6
17/876765,2400,trackOne,small,strict,4,33,6,3.7,4,2,Granted,20.7
17/366943,2100,standard,large,strict,3,19,21,25.6,1,0,Granted,32.2
17/898688,1700,standard,large,moderate,3,26,8,23.1,3,1,Abandoned,33.5
17/643748,1700,standard,large,lenient,3,19,16,21.7,3,1,Granted,34.6
17/830017,3600,trackOne,micro,lenient,3,22,15,4.3,1,0,Granted,9.7
17/443689,3600,trackOne,large,strict,1,26,16,4.7,2,0,Granted,37.6
17/234178,2600,standard,large,strict,3,23,13,17.2,2,0,Abandoned,22.5
17/376619,1600,standard,small,moderate,4,15,23,17.0,1,0,Granted,22.4
17/886388,3700,standard,small,moderate,2,29,6,14.7,1,0,Granted,20.7
17/347870,2400,standard,large,moderate,3,13,15,12.6,3,1,Abandoned,23.2
17/263938,3700,standard,large,moderate,3,19,6,16.8,1,0,Granted,22.9
17/602022,3600,accelerated,small,lenient,3,27,12,4.5,1,0,Granted,9.6
17/208922,3700,pph,large,moderate,3,16,18,5.5,3,1,Granted,17.0
17/901065,2400,standard,large,strict,3,16,3,17.7,2,0,Abandoned,22.9
17/178354,2400,trackOne,small,moderate,3,28,12,4.1,1,0,Granted,6.9
17/528094,1700,pph,small,moderate,3,31,19,5.4,3,1,Granted,18.0
17/368297,2100,standard,large,lenient,3,22,9,19.7,1,0,Granted,25.5
17/581611,2100,trackOne,large,moderate,3,27,17,4.2,1,0,Granted,6.9
17/590656,2100,standard,large,strict,3,32,7,29.6,2,0,Abandoned,35.5
17/208953,3600,pph,small,strict,3,27,16,7.6,3,1,Abandoned,16.7
17/372413,1700,trackOne,large,moderate,3,18,17,3.5,2,0,Abandoned,9.1
17/718885,3700,standard,large,lenient,3,20,16,16.9,3,1,Granted,30.6
17/558088,2400,standard,small,lenient,4,19,7,26.1,3,1,Granted,39.2
17/257144,2400,standard,large,moderate,1,11,18,20.7,3,1,Granted,32.6
17/521171,2100,standard,large,moderate,3,30,17,17.6,3,1,Granted,28.0
17/138481,3600,standard,micro,lenient,3,28,15,14.5,3,1,Granted,27.9
17/382280,2600,standard,large,moderate,3,24,11,11.9,3,1,Granted,23.9
17/492569,1700,standard,large,moderate,3,23,3,19.5,3,1,Granted,31.7
17/601872,2400,standard,large,strict,3,31,3,20.5,1,0,Granted,26.0
17/469257,3600,standard,small,lenient,3,17,24,20.6,1,0,Granted,23.2
17/604085,2800,trackOne,small,moderate,4,23,10,2.5,2,0,Granted,22.7
17/281663,3700,standard,small,lenient,3,22,19,17.9,1,0,Granted,23.1
17/909486,3600,standard,large,strict,3,15,9,26.9,3,1,Granted,38.1
17/179869,1600,standard,micro,lenient,3,31,4,26.6,3,1,Granted,39.0
17/832615,3700,standard,large,strict,3,13,13,17.1,2,0,Abandoned,22.2
17/250612,3700,pph,large,strict,3,18,14,4.6,1,0,Granted,7.2
17/245267,2100,standard,large,strict,3,30,12,25.5,2,0,Abandoned,30.4
17/601115,2800,standard,large,moderate,4,31,35,21.5,1,0,Granted,28.1
17/999396,3600,standard,large,lenient,6,28,21,17.6,1,0,Granted,22.2
17/698502,2600,standard,large,moderate,1,14,18,16.7,2,0,Abandoned,22.1
17/864060,2600,standard,small,lenient,3,27,23,12.3,1,0,Granted,17.8
17/962699,2800,standard,large,strict,2,16,11,20.7,3,1,Granted,31.7
17/559553,2400,accelerated,large,moderate,6,17,15,5.9,3,1,Granted,19.0
17/485219,3700,standard,small,moderate,3,31,20,13.8,3,1,Granted,26.2
17/139637,2600,pph,small,moderate,3,16,18,6.6,1,0,Granted,9.9
17/388512,3600,standard,large,moderate,5,29,7,25.8,2,0,Abandoned,30.5
17/540767,2400,accelerated,large,moderate,4,25,10,5.1,1,0,Granted,9.1
17/768937,1700,trackOne,large,moderate,3,15,9,2.5,1,0,Granted,5.3
17/431407,1700,standard,small,lenient,3,16,5,7.9,1,0,Granted,14.1
17/185290,2600,standard,micro,moderate,3,33,21,19.3,1,0,Granted,26.8
17/451208,2400,standard,large,strict,4,14,18,26.4,2,0,Abandoned,48.8
17/413198,2800,trackOne,large,strict,3,17,3,3.6,1,0,Granted,8.5
17/765434,3700,standard,small,lenient,3,20,10,11.9,2,0,Abandoned,16.2
17/526340,2800,standard,micro,lenient,3,24,24,24.8,1,0,Granted,27.9
17/963062,2800,standard,small,lenient,1,31,11,9.4,4,2,Granted,26.5
17/355635,2600,standard,small,strict,1,22,8,25.5,4,2,Abandoned,38.0
17/364183,3600,standard,small,moderate,3,17,14,26.5,3,1,Granted,39.5
17/556228,3600,trackOne,small,strict,3,25,19,3.2,2,0,Abandoned,8.9
17/894235,2400,standard,large,moderate,3,21,11,22.8,1,0,Granted,28.7
17/636110,2600,pph,large,moderate,3,23,29,5.2,2,0,Abandoned,33.7
17/970358,3600,standard,small,moderate,3,26,17,28.8,3,1,Granted,42.4
17/463455,2800,pph,large,moderate,3,16,24,6.1,2,0,Abandoned,10.1
17/363949,2600,standard,large,moderate,5,17,20,11.7,3,1,Granted,25.4
17/860036,1600,standard,large,strict,2,32,12,23.9,2,0,Abandoned,29.5
17/537715,1700,standard,small,moderate,4,30,10,22.6,3,1,Granted,33.7
17/526099,2400,standard,large,strict,3,23,17,28.4,1,0,Granted,34.7
17/863636,2800,standard,large,moderate,3,26,17,16.5,3,1,Granted,28.4
17/438322,2400,pph,small,lenient,6,22,20,5.8,1,0,Granted,11.6
17/378447,1600,standard,large,moderate,2,13,16,19.8,2,0,Abandoned,26.2
17/614471,2800,standard,large,strict,3,18,13,13.2,3,1,Granted,26.0
17/405536,2400,standard,large,moderate,3,16,10,15.9,2,0,Abandoned,22.1
17/610930,1600,standard,micro,strict,3,30,22,29.2,1,0,Granted,34.8
17/844163,3600,accelerated,micro,moderate,2,12,20,3.5,3,1,Granted,16.6
17/797099,2600,standard,small,moderate,1,16,8,18.1,1,0,Granted,23.3
17/806106,2600,standard,large,strict,3,15,2,24.0,1,0,Granted,30.2
17/287880,1600,trackOne,large,lenient,3,29,11,4.7,3,1,Granted,17.9
17/729226,1600,standard,large,moderate,3,26,19,20.1,4,2,Abandoned,34.2
17/839549,3600,trackOne,small,lenient,3,26,11,3.9,3,1,Granted,15.0
17/227177,2400,standard,small,moderate,2,21,26,13.2,3,1,Abandoned,22.6
17/908043,3600,standard,small,strict,3,22,16,35.9,1,0,Granted,40.4
17/651925,3700,standard,large,lenient,5,29,23,20.0,2,0,Abandoned,25.4
17/298924,2100,accelerated,large,moderate,3,13,10,4.5,1,0,Granted,7.5
17/723982,2400,standard,large,lenient,3,32,19,21.9,1,0,Granted,24.4
17/687437,2100,standard,large,moderate,3,22,19,26.0,1,0,Granted,29.3
17/594491,2100,trackOne,large,moderate,1,17,21,3.0,1,0,Granted,8.2
17/125514,1700,standard,small,strict,3,15,22,25.0,3,1,Granted,36.7
17/117098,1600,standard,micro,moderate,3,15,26,21.6,1,0,Granted,26.8
17/110846,1600,standard,small,moderate,2,32,7,24.6,2,0,Abandoned,28.6
17/623313,2400,standard,large,moderate,3,24,2,18.2,1,0,Granted,24.9
17/757752,3600,trackOne,large,moderate,3,33,2,2.8,3,1,Granted,15.0
17/204234,1600,standard,large,moderate,3,29,24,23.7,1,0,Granted,30.6
17/820542,3600,standard,micro,strict,3,30,18,23.8,1,0,Granted,27.3
17/449601,2400,standard,large,lenient,3,23,26,19.1,3,1,Granted,30.2
17/873466,2600,standard,large,moderate,4,28,24,18.1,3,1,Granted,31.9
17/368004,2800,standard,micro,lenient,4,32,16,15.0,1,0,Granted,21.2
17/530989,2600,trackOne,small,strict,6,18,25,3.9,1,0,Granted,9.6
17/586613,2800,pph,large,moderate,3,16,8,4.7,1,0,Granted,10.4
17/564342,1700,standard,small,moderate,3,17,23,13.5,3,1,Granted,26.7
17/468601,3700,trackOne,large,strict,3,14,22,2.6,1,0,Granted,8.4
17/742824,2400,standard,large,strict,2,22,28,29.6,3,1,Granted,42.0
17/714342,2600,standard,micro,strict,3,23,22,20.0,1,0,Granted,25.4
17/565001,3600,standard,small,moderate,2,12,18,25.4,2,0,Abandoned,31.3
17/358833,1600,trackOne,large,lenient,4,34,1,3.1,2,0,Abandoned,8.4
17/141728,1700,standard,small,lenient,3,25,6,11.6,1,0,Granted,17.2
17/731247,3600,pph,large,moderate,3,17,10,4.3,3,1,Granted,16.8
17/907755,2800,standard,large,moderate,4,28,19,12.3,1,0,Granted,16.8
17/635750,2100,standard,small,moderate,3,23,24,19.1,3,1,Granted,31.2
17/197155,3700,standard,small,strict,2,29,27,18.1,3,1,Granted,31.5
17/410237,2100,pph,large,lenient,3,19,5,6.6,1,0,Granted,12.0
17/403291,1700,standard,large,lenient,3,18,14,11.7,3,1,Granted,24.1
17/449824,3700,standard,small,moderate,3,26,21,13.4,1,0,Granted,19.3
17/274508,1600,standard,small,moderate,3,24,14,21.9,1,0,Granted,27.7
17/979167,2100,standard,micro,lenient,3,16,23,18.4,3,1,Granted,30.4
17/878242,1700,standard,micro,moderate,4,26,19,16.7,1,0,Granted,21.7
17/474829,3600,standard,large,strict,3,30,15,28.7,1,0,Granted,34.3
17/980630,1700,standard,large,lenient,3,13,7,9.7,1,0,Granted,16.4
17/414626,3600,standard,large,moderate,3,24,11,29.5,1,0,Granted,36.5
17/676323,1600,pph,large,moderate,3,24,1,6.3,3,1,Granted,18.4
17/883177,1700,trackOne,large,lenient,3,21,9,5.3,4,2,Abandoned,17.3
17/175284,3600,standard,small,moderate,3,19,17,29.6,3,1,Granted,42.6
17/132737,1600,standard,small,moderate,2,16,8,28.5,1,0,Granted,33.1
17/169517,2600,standard,large,lenient,4,25,13,21.5,1,0,Granted,28.5
17/166311,1600,standard,large,strict,2,31,12,29.4,1,0,Granted,34.4
17/125546,2400,trackOne,large,moderate,3,28,7,2.9,1,0,Granted,8.9
17/169027,2400,standard,large,moderate,2,17,9,19.5,3,1,Abandoned,27.7
17/784072,2400,trackOne,small,strict,3,21,3,3.7,1,0,Granted,9.7
17/680543,3600,standard,large,moderate,3,21,10,19.8,2,0,Abandoned,25.8
17/544945,3700,standard,large,lenient,3,30,9,16.5,3,1,Granted,29.7
17/464561,2400,standard,small,strict,3,22,15,26.5,3,1,Granted,37.7
17/159630,3600,trackOne,small,moderate,3,15,17,3.1,3,1,Abandoned,12.4
17/964701,3600,standard,large,strict,4,16,21,22.5,3,1,Granted,35.6
17/555817,3700,standard,large,moderate,3,30,6,22.4,2,0,Granted,62.3
17/900904,1700,standard,large,strict,1,26,9,23.1,4,2,Granted,40.0
17/946801,1600,standard,large,strict,6,24,8,35.9,1,0,Granted,42.7
17/761777,2600,standard,small,moderate,2,23,18,18.1,1,0,Granted,24.1
17/758487,3600,standard,small,strict,3,26,19,22.8,3,1,Abandoned,31.7
17/346827,2100,standard,large,strict,3,13,4,26.4,2,0,Granted,57.9
17/484360,3700,standard,large,moderate,3,31,8,18.3,1,0,Granted,23.6
17/581928,3600,standard,large,moderate,2,26,21,25.0,1,0,Granted,30.8
17/729460,2100,standard,large,strict,3,19,15,23.9,1,0,Granted,27.1
17/969902,2800,standard,large,strict,3,19,3,23.2,1,0,Granted,29.2
17/402752,2800,trackOne,small,moderate,5,29,8,3.5,1,0,Granted,6.1
17/464034,2600,pph,large,lenient,4,28,15,6.6,1,0,Granted,12.3
17/863151,1700,standard,micro,lenient,1,24,4,23.1,1,0,Granted,25.5
17/325925,2100,standard,large,moderate,2,12,29,21.9,2,0,Abandoned,26.2
17/357291,2100,standard,micro,lenient,3,14,6,27.3,2,0,Abandoned,32.7
17/627571,1700,standard,large,moderate,3,25,24,20.6,3,1,Granted,31.7
17/855301,2800,trackOne,large,lenient,3,24,16,2.7,1,0,Granted,8.7
17/898387,2600,standard,large,lenient,4,19,23,13.5,3,1,Granted,25.8
17/329518,2600,standard,micro,moderate,2,29,1,19.3,3,1,Granted,29.9
17/631278,1700,standard,small,moderate,3,20,4,14.6,3,1,Granted,26.7
17/476569,1700,standard,small,lenient,1,22,27,22.0,3,1,Abandoned,31.4
17/382682,2600,standard,micro,lenient,3,17,8,21.4,3,1,Granted,33.5
17/692308,3700,standard,large,moderate,3,25,11,11.1,1,0,Granted,16.9
17/310523,3600,standard,small,lenient,3,13,24,19.5,3,1,Granted,31.1
17/645831,2400,pph,large,moderate,5,21,14,6.3,1,0,Granted,12.2
17/113884,2800,standard,small,lenient,2,12,15,19.3,3,1,Granted,31.9
17/436706,3600,standard,small,lenient,4,15,24,19.2,1,0,Granted,26.3
17/544194,2600,standard,large,moderate,4,17,22,24.0,1,0,Granted,30.0
17/898567,3600,trackOne,large,strict,3,18,34,3.6,1,0,Granted,8.7
17/891669,2100,pph,small,strict,3,31,20,7.8,1,0,Granted,14.0
17/573420,3600,standard,small,moderate,3,17,22,28.9,1,0,Granted,35.0
17/495341,1700,standard,large,lenient,3,18,1,7.8,3,1,Granted,21.0
17/609366,3600,standard,small,moderate,4,19,7,26.3,1,0,Granted,31.8
17/777177,2600,standard,large,moderate,2,23,21,18.9,3,1,Granted,33.0
17/403995,1600,standard,small,moderate,2,21,18,20.4,3,1,Granted,31.9
17/216441,2600,standard,large,moderate,3,21,23,14.1,1,0,Granted,20.7
17/532461,3600,standard,large,strict,3,33,10,28.2,1,0,Granted,33.7
17/533657,2800,trackOne,small,lenient,3,20,17,2.5,3,1,Abandoned,11.9
17/672138,3600,standard,micro,moderate,3,24,11,23.5,3,1,Abandoned,34.2
17/293096,2800,standard,large,moderate,5,34,18,22.5,1,0,Granted,28.6
17/627488,2600,standard,small,strict,2,20,6,14.7,3,1,Abandoned,23.6
17/438653,2100,standard,small,strict,3,23,25,19.1,4,2,Granted,36.4
17/568196,2600,standard,large,moderate,5,21,18,18.4,3,1,Abandoned,26.8
17/598397,1700,standard,large,strict,3,32,16,21.9,3,1,Granted,34.4
17/130227,2600,standard,micro,moderate,3,16,21,17.5,1,0,Granted,24.3
17/903937,1600,standard,large,moderate,2,14,18,26.4,1,0,Granted,29.6
17/876647,2400,standard,large,strict,3,14,7,25.4,3,1,Granted,38.2
17/719344,2400,accelerated,small,moderate,3,24,9,4.8,2,0,Abandoned,40.2
17/640212,2100,standard,micro,strict,3,30,22,24.7,3,1,Abandoned,33.9
17/356605,2100,standard,large,moderate,2,19,11,27.4,1,0,Granted,32.5
17/850213,1700,standard,large,lenient,3,20,12,20.0,3,1,Granted,31.7
17/157930,2100,standard,small,moderate,3,25,23,22.3,2,0,Abandoned,26.0
17/355489,1600,standard,small,moderate,3,13,13,26.7,2,0,Abandoned,32.8
17/577095,1600,standard,small,lenient,2,13,22,20.6,1,0,Granted,25.7
17/437323,2800,standard,large,lenient,3,19,33,17.9,2,0,Abandoned,24.0
17/105765,1600,pph,small,moderate,3,29,20,6.8,1,0,Granted,9.5
17/609447,3600,standard,large,strict,3,32,29,24.2,3,1,Granted,37.2
17/733484,3700,standard,micro,strict,4,26,27,22.7,1,0,Granted,27.9
17/607701,1600,trackOne,small,moderate,3,14,32,4.0,3,1,Abandoned,14.8
17/235260,3600,standard,large,strict,4,18,11,31.5,1,0,Granted,37.2
17/940709,3700,standard,small,moderate,3,21,10,11.2,1,0,Granted,15.8
17/291969,2800,standard,large,moderate,3,31,22,8.8,1,0,Granted,14.0
17/772903,2600,standard,large,moderate,4,32,18,19.5,2,0,Granted,42.4
17/105746,2100,standard,large,lenient,3,16,25,20.0,2,0,Abandoned,24.9
17/116248,1600,standard,small,lenient,1,28,1,19.7,2,0,Abandoned,24.8
17/525326,3600,standard,small,strict,3,24,29,28.3,3,1,Granted,41.2
17/798933,2400,standard,large,moderate,3,24,13,18.2,3,1,Abandoned,26.5
17/751561,2400,standard,small,lenient,4,33,3,22.9,1,0,Granted,28.7
17/135282,1700,standard,small,lenient,3,27,21,26.4,1,0,Granted,32.3
17/960013,2600,standard,large,lenient,3,27,8,12.1,3,1,Abandoned,20.4
17/919817,2400,standard,small,moderate,2,19,13,17.2,3,1,Granted,30.3
17/576396,3600,standard,large,moderate,3,31,17,22.8,1,0,Granted,29.9
17/542937,1700,accelerated,small,lenient,3,17,7,5.2,3,1,Granted,17.5
17/120956,2100,pph,small,moderate,2,19,15,6.5,1,0,Granted,11.7
17/243952,2100,pph,large,moderate,3,22,33,4.5,3,1,Abandoned,13.7
17/523114,3600,standard,large,moderate,3,23,12,21.8,3,1,Granted,34.4
17/571427,1700,pph,large,moderate,2,14,13,5.2,3,1,Granted,18.4
17/941466,1700,standard,large,lenient,3,23,10,22.5,1,0,Granted,25.5
17/749746,1700,standard,large,moderate,1,17,22,24.7,2,0,Abandoned,50.5
17/517977,1700,standard,large,moderate,3,26,21,21.7,1,0,Granted,28.1
17/982502,1700,standard,large,lenient,1,23,17,15.6,1,0,Granted,22.7
17/771336,1600,accelerated,large,moderate,5,20,21,4.4,3,1,Granted,18.1
17/591471,3700,trackOne,large,lenient,3,29,24,4.3,1,0,Granted,6.8
17/357602,3700,standard,small,strict,3,28,12,26.8,2,0,Abandoned,32.4
17/124676,2600,standard,micro,moderate,3,32,20,23.9,2,0,Abandoned,55.6
17/105891,2800,standard,large,strict,2,21,14,21.2,3,1,Granted,32.7
17/965922,3700,standard,small,moderate,3,33,3,17.1,2,0,Abandoned,23.1
17/452666,2100,standard,large,strict,2,15,13,29.4,3,1,Granted,41.7
17/694344,2600,standard,small,strict,3,20,24,28.4,1,0,Granted,33.9
17/576445,2800,standard,large,strict,3,33,14,16.2,2,0,Abandoned,42.2
17/177784,2100,trackOne,large,lenient,3,24,3,4.2,1,0,Granted,6.6
17/899978,1600,standard,large,moderate,3,31,14,30.4,3,1,Abandoned,38.9
17/208265,2400,standard,large,strict,3,22,17,26.2,1,0,Granted,31.0
17/260718,1600,standard,large,moderate,3,14,26,27.7,3,1,Granted,39.9
17/382151,2400,standard,large,lenient,2,23,5,16.7,3,1,Abandoned,25.1
17/538483,3600,pph,large,moderate,3,22,15,6.1,1,0,Granted,11.9
17/236105,1700,standard,large,lenient,2,22,8,18.6,1,0,Granted,20.4
17/752781,2800,standard,large,lenient,3,30,18,15.2,3,1,Granted,26.9
17/561575,2600,standard,micro,moderate,6,22,8,26.1,3,1,Granted,39.1
17/168383,2400,standard,large,lenient,3,15,14,18.3,3,1,Abandoned,28.8
17/268423,3600,standard,large,moderate,3,14,15,20.8,4,2,Granted,37.1
17/849896,3700,standard,small,strict,3,31,18,22.2,1,0,Granted,28.3
17/124433,1700,trackOne,micro,lenient,2,13,13,2.5,1,0,Granted,8.5
17/297852,1700,standard,micro,lenient,3,32,3,24.0,3,1,Abandoned,32.7
17/434835,3600,standard,small,strict,3,16,18,27.3,2,0,Abandoned,33.1
17/905165,2600,trackOne,small,moderate,3,21,16,3.5,3,1,Granted,16.4
17/372892,2800,pph,large,strict,3,14,7,6.1,3,1,Abandoned,16.8
17/356769,1700,trackOne,large,moderate,3,20,10,4.2,1,0,Granted,6.8
17/862503,2800,standard,large,moderate,3,20,18,19.4,1,0,Granted,26.1
17/957172,1700,standard,large,lenient,3,32,18,19.3,1,0,Granted,25.7
17/494495,2400,standard,large,moderate,2,17,14,23.8,1,0,Granted,25.9
17/590869,3700,standard,large,moderate,3,30,33,15.1,2,0,Abandoned,20.4
17/838143,1600,standard,large,lenient,3,21,6,21.5,1,0,Granted,27.0
17/814473,1600,standard,small,moderate,3,15,6,20.6,3,1,Granted,34.3
17/397109,2600,standard,small,strict,3,32,32,15.7,1,0,Granted,20.1
17/471339,3600,standard,large,strict,3,22,5,27.6,2,0,Abandoned,32.5
17/973283,1600,standard,small,moderate,2,31,8,21.5,1,0,Granted,25.9
17/187214,3600,standard,small,lenient,2,17,25,20.6,1,0,Granted,25.4
17/458411,3600,standard,small,lenient,3,18,17,14.4,3,1,Granted,27.6
17/615761,2800,trackOne,large,moderate,1,28,18,4.8,3,1,Granted,17.1
17/533613,2800,pph,large,moderate,3,30,12,6.5,2,0,Abandoned,14.1
17/685124,2400,standard,large,moderate,3,15,26,20.2,2,0,Abandoned,26.5
17/613583,2800,standard,large,moderate,3,31,17,19.1,4,2,Granted,35.3
17/466468,2800,standard,small,moderate,3,23,24,18.4,1,0,Granted,25.1
17/411215,2100,standard,small,strict,3,13,7,26.3,1,0,Granted,32.1
17/321589,2400,standard,large,lenient,3,14,16,23.3,3,1,Granted,35.8
17/667633,1700,standard,micro,lenient,2,21,10,16.7,1,0,Granted,22.8
17/968696,2800,standard,small,lenient,3,24,17,17.5,1,0,Granted,22.3
17/581956,1600,standard,small,lenient,3,28,18,13.6,2,0,Abandoned,40.4
17/769796,2800,standard,small,strict,3,28,17,25.2,3,1,Abandoned,35.1
17/229853,1600,trackOne,large,moderate,3,15,14,3.0,1,0,Granted,8.1
17/284414,2600,standard,small,strict,3,20,21,20.8,1,0,Granted,28.0
17/844375,2800,standard,small,moderate,3,17,18,20.0,1,0,Granted,25.8
17/749784,2800,standard,small,lenient,2,24,21,18.5,1,0,Granted,21.2
17/911018,2800,pph,large,lenient,3,24,11,4.9,1,0,Granted,11.9
17/767291,2400,trackOne,small,moderate,3,25,17,4.2,1,0,Granted,7.1
17/716852,1600,trackOne,large,strict,3,31,11,3.1,2,0,Granted,35.5
17/400776,3600,standard,large,lenient,5,17,15,23.5,1,0,Granted,28.4
17/146308,3600,standard,large,strict,2,25,10,30.9,3,1,Abandoned,40.9
17/809486,2800,standard,small,moderate,1,29,4,21.2,1,0,Granted,24.7
17/695462,2100,standard,large,moderate,4,17,12,18.9,1,0,Granted,25.4
17/868646,3600,pph,micro,moderate,3,31,15,5.1,1,0,Granted,10.3
17/281791,2600,trackOne,micro,moderate,3,15,25,3.4,1,0,Granted,9.7
17/479696,2800,standard,micro,moderate,2,31,14,18.0,2,0,Abandoned,44.6
17/851428,2400,standard,small,strict,3,33,1,23.7,1,0,Granted,29.1
17/601277,3700,standard,large,lenient,3,18,16,16.2,1,0,Granted,23.3
17/606506,1700,standard,small,lenient,3,33,29,16.6,1,0,Granted,21.6
17/542541,2400,standard,micro,strict,3,15,8,23.6,2,0,Granted,54.1
17/904527,2600,standard,small,strict,3,19,21,20.5,3,1,Granted,32.7
17/361396,3700,standard,large,moderate,4,20,19,15.8,2,0,Abandoned,21.6
17/999585,3600,standard,small,moderate,3,15,2,12.7,2,0,Abandoned,18.6
17/984917,3600,standard,small,moderate,3,25,16,31.2,1,0,Granted,37.8
17/564781,3700,standard,large,lenient,1,30,18,17.2,1,0,Granted,22.8
17/507120,3600,standard,large,moderate,3,31,12,12.5,1,0,Granted,15.5
17/237598,3700,standard,small,moderate,3,16,12,17.5,1,0,Granted,23.5
17/440221,2600,pph,micro,strict,3,14,11,6.9,4,2,Granted,23.2
17/969608,2400,standard,small,moderate,3,14,5,26.5,2,0,Abandoned,50.0
17/103305,3700,trackOne,small,strict,4,26,12,2.7,3,1,Granted,14.8
17/886784,2100,standard,large,moderate,3,16,21,19.6,3,1,Abandoned,29.8
17/690539,3700,standard,small,moderate,4,25,8,22.3,4,2,Granted,39.7
17/916113,3700,standard,micro,lenient,3,23,16,19.8,1,0,Granted,24.5
17/245988,2800,trackOne,micro,moderate,3,30,10,2.8,1,0,Granted,5.9
17/204396,1600,standard,micro,moderate,3,24,21,20.0,1,0,Granted,26.7
17/978015,2400,standard,large,lenient,2,28,6,19.4,1,0,Granted,25.1
17/313692,3600,standard,large,moderate,3,16,24,18.6,1,0,Granted,21.7
17/315610,1700,standard,large,moderate,3,13,22,16.9,3,1,Abandoned,26.0
17/104151,2100,standard,small,moderate,4,20,23,20.6,3,1,Granted,33.7
17/896703,1700,standard,small,strict,2,22,28,18.7,2,0,Abandoned,47.2
17/345255,2100,standard,large,strict,3,17,10,28.4,2,0,Abandoned,32.6
17/582378,2600,standard,large,moderate,3,22,11,18.5,1,0,Granted,23.4
17/416301,1600,standard,large,moderate,1,31,12,25.2,3,1,Granted,37.3
17/106825,2800,standard,small,moderate,3,14,35,15.6,1,0,Granted,22.1
17/141548,3700,standard,micro,lenient,3,20,12,22.5,1,0,Granted,28.8
17/309928,2400,standard,large,strict,3,26,12,31.4,2,0,Abandoned,36.8
17/397220,3700,standard,large,moderate,2,16,23,14.0,2,0,Abandoned,20.3
17/669530,2400,standard,small,moderate,4,18,14,23.7,1,0,Granted,28.9
17/369924,2800,standard,large,moderate,3,22,3,11.8,2,0,Abandoned,16.0
17/980145,1600,standard,large,moderate,4,27,4,27.0,1,0,Granted,32.6
17/640731,3700,standard,large,moderate,3,30,9,11.7,1,0,Granted,14.8
17/802395,2400,standard,large,moderate,3,20,7,25.9,1,0,Granted,31.6
17/245753,1700,pph,large,lenient,3,23,24,7.1,1,0,Granted,14.5
17/962352,3700,standard,large,strict,3,30,8,18.9,1,0,Granted,24.5
17/819281,3600,standard,small,lenient,3,33,15,25.0,1,0,Granted,30.2
17/862785,1600,standard,small,lenient,3,16,5,32.0,1,0,Granted,38.5
17/282462,3600,standard,micro,moderate,3,15,23,28.9,3,1,Granted,41.9
17/388213,2400,standard,small,moderate,3,25,18,20.1,1,0,Granted,23.0
17/331182,3700,trackOne,large,strict,2,28,22,2.5,3,1,Granted,14.5
17/633518,3600,standard,micro,moderate,3,13,13,30.4,3,1,Granted,44.0
17/419304,1700,standard,large,moderate,3,31,19,19.4,2,0,Abandoned,26.4
17/142379,3600,standard,large,moderate,3,20,16,22.9,2,0,Abandoned,28.4
17/450154,1600,trackOne,small,moderate,3,20,31,3.8,3,1,Granted,15.2
17/705951,3700,standard,small,moderate,5,22,20,12.2,1,0,Granted,16.9
17/529459,3700,pph,large,lenient,2,23,10,4.0,1,0,Granted,7.6
17/120283,2100,trackOne,small,moderate,5,33,26,3.3,2,0,Granted,24.0
17/722052,2800,standard,large,lenient,3,16,11,15.1,3,1,Abandoned,25.6
17/344530,2800,standard,small,strict,4,18,18,6.2,1,0,Granted,11.4
17/175798,2400,standard,small,strict,2,24,11,22.3,1,0,Granted,27.6
17/295803,1700,standard,large,moderate,3,13,14,19.8,3,1,Abandoned,30.1
17/604104,2600,standard,small,lenient,3,26,10,12.6,2,0,Abandoned,16.6
17/983199,3600,standard,small,moderate,3,13,10,22.8,3,1,Granted,35.2
17/689584,3600,standard,micro,strict,5,27,2,26.9,1,0,Granted,33.5
17/325798,2100,standard,small,lenient,3,19,26,17.4,3,1,Granted,30.6
17/464518,1700,standard,small,lenient,3,24,25,15.4,3,1,Granted,28.9
17/929454,2800,standard,small,moderate,3,26,21,12.6,4,2,Granted,29.0
17/823904,3700,standard,large,moderate,3,14,11,17.5,4,2,Abandoned,30.8
17/348754,2800,pph,large,strict,2,22,15,6.2,1,0,Granted,8.9
17/141553,2800,standard,large,moderate,6,29,20,10.2,1,0,Granted,16.7
17/556948,1700,trackOne,small,moderate,3,24,1,3.9,1,0,Granted,10.0
17/688217,1600,standard,large,strict,5,34,18,22.7,2,0,Abandoned,46.4
17/962270,2800,standard,large,strict,3,19,22,20.0,3,1,Abandoned,28.6
17/855772,2800,standard,small,moderate,4,27,10,17.3,1,0,Granted,23.4
17/105642,2800,pph,large,lenient,3,23,22,7.5,2,0,Abandoned,12.5
17/225807,2600,pph,large,moderate,3,20,12,8.4,1,0,Granted,16.4
17/268987,2100,standard,small,moderate,3,18,19,25.4,1,0,Granted,31.9
17/161558,2600,standard,large,moderate,3,21,18,20.6,1,0,Granted,27.1
17/243506,2800,standard,micro,moderate,3,16,15,15.7,1,0,Granted,21.3
17/853208,3700,trackOne,large,moderate,2,18,6,3.1,3,1,Granted,16.1
17/894817,2800,standard,large,lenient,3,14,11,24.5,1,0,Granted,29.7
17/776600,3600,standard,large,strict,4,15,8,27.9,2,0,Abandoned,31.9
17/830344,3600,standard,small,moderate,4,26,21,26.4,1,0,Granted,30.0
17/259437,1700,standard,small,strict,6,18,11,26.2,3,1,Granted,39.4
17/223256,1600,standard,small,moderate,3,20,5,21.7,2,0,Granted,44.0
17/670723,2100,standard,large,lenient,5,16,19,14.7,1,0,Granted,20.1
17/459897,3600,standard,large,moderate,2,18,6,20.5,3,1,Granted,33.4
17/599285,1600,standard,micro,moderate,3,18,23,23.6,3,1,Granted,34.5
17/591659,2100,standard,small,moderate,3,17,12,22.7,1,0,Granted,25.6
17/392506,2400,standard,large,moderate,3,28,28,22.4,1,0,Granted,28.8
17/758353,3700,standard,small,moderate,3,33,19,10.6,1,0,Granted,16.5
17/825098,2400,trackOne,large,moderate,3,29,13,3.2,3,1,Granted,15.9
17/319343,1600,standard,large,moderate,3,16,7,25.5,3,1,Granted,37.7
17/892473,2400,trackOne,small,moderate,4,28,6,4.9,1,0,Granted,11.6
17/304583,1600,standard,small,lenient,3,21,23,23.9,1,0,Granted,29.2
17/309368,2400,trackOne,small,moderate,2,24,17,4.2,3,1,Granted,16.9
17/775312,2100,standard,small,strict,3,17,13,36.0,1,0,Granted,42.1
17/196775,2800,standard,large,strict,5,29,17,14.6,4,2,Abandoned,27.7
17/443007,3700,accelerated,small,strict,2,32,17,4.9,1,0,Granted,11.8
17/249809,2100,standard,large,strict,2,15,22,27.4,3,1,Granted,40.0
17/460442,1700,standard,small,strict,3,17,16,22.6,3,1,Abandoned,31.4
17/129099,2100,standard,small,lenient,2,20,18,22.2,1,0,Granted,28.1
17/596200,2400,standard,large,moderate,5,28,22,33.7,3,1,Granted,46.3
17/613685,2600,trackOne,small,moderate,3,17,14,4.5,1,0,Granted,10.4
17/551983,2600,standard,large,moderate,3,17,17,14.6,2,0,Abandoned,19.6
17/194780,2600,standard,large,lenient,3,22,9,19.3,1,0,Granted,22.0
17/658080,2800,standard,large,strict,3,14,12,14.6,1,0,Granted,20.9
17/328949,2600,standard,large,strict,3,26,12,28.2,1,0,Granted,34.0
17/102508,1700,standard,large,moderate,5,15,10,16.7,1,0,Granted,22.1
17/414780,3600,standard,large,strict,3,18,19,17.1,3,1,Granted,29.4
17/414300,1600,trackOne,large,lenient,2,30,22,2.9,3,1,Abandoned,12.6
17/880365,3700,standard,large,lenient,3,25,31,16.4,1,0,Granted,22.4
17/108919,3600,trackOne,large,strict,3,14,19,2.5,3,1,Granted,16.5
17/979696,2100,standard,large,strict,3,21,18,21.8,2,0,Abandoned,27.6
17/780085,1600,standard,large,lenient,3,26,21,22.0,2,0,Abandoned,26.9
17/219321,2800,standard,large,moderate,3,24,19,17.9,1,0,Granted,22.7
17/760304,2800,pph,small,lenient,2,25,27,7.2,1,0,Granted,10.7
17/143697,1700,standard,small,strict,1,24,21,33.3,1,0,Granted,40.1
17/229212,1700,standard,large,moderate,2,30,26,13.7,1,0,Granted,19.7
17/641835,2100,standard,large,lenient,3,14,32,15.2,1,0,Granted,21.3
17/614702,2400,standard,large,lenient,3,15,26,6.0,1,0,Granted,9.2
17/309120,2600,trackOne,micro,lenient,3,23,15,3.2,1,0,Granted,8.7
17/329078,2600,standard,small,lenient,3,32,8,6.3,1,0,Granted,12.2
17/201995,1700,trackOne,large,lenient,3,22,14,3.3,1,0,Granted,9.9
17/924916,2600,standard,large,moderate,3,31,1,26.5,3,1,Abandoned,36.5
17/608346,2400,standard,large,moderate,4,30,8,8.4,2,0,Abandoned,14.5
17/852814,2600,pph,large,moderate,3,13,29,6.4,2,0,Abandoned,13.5
17/741432,3600,standard,small,moderate,3,24,22,9.2,3,1,Granted,21.9
17/356882,2800,standard,small,moderate,3,14,18,19.2,1,0,Granted,26.2
17/347137,2800,trackOne,large,lenient,2,17,25,3.7,1,0,Granted,6.3
17/145726,2800,standard,large,lenient,3,27,21,12.7,3,1,Granted,26.3
17/223123,3600,standard,large,lenient,3,26,11,23.6,3,1,Granted,35.6
17/239339,1600,standard,large,moderate,4,20,12,19.2,2,0,Abandoned,23.9
17/156544,2800,standard,large,moderate,3,26,9,6.0,1,0,Granted,11.8
17/380110,3600,standard,large,lenient,4,19,10,19.2,2,0,Abandoned,24.4
17/281793,1600,standard,small,moderate,6,27,23,28.0,1,0,Granted,33.0
17/911981,3700,standard,small,moderate,3,27,19,15.9,2,0,Abandoned,21.4
17/738895,2800,standard,small,moderate,1,18,33,12.7,3,1,Abandoned,23.0
17/200850,2800,standard,small,strict,3,30,30,23.2,3,1,Granted,34.6
17/930907,1600,standard,large,lenient,3,17,18,22.6,2,0,Abandoned,51.1
17/702186,1600,standard,large,moderate,1,26,7,25.8,1,0,Granted,31.7
17/706916,3700,standard,micro,moderate,3,19,21,21.6,1,0,Granted,27.6
17/245421,2400,standard,large,lenient,3,19,3,15.6,4,2,Granted,31.2
17/730449,3700,trackOne,large,moderate,1,27,23,3.3,1,0,Granted,9.4
17/983460,2600,trackOne,small,strict,3,28,28,5.9,1,0,Granted,11.6
17/775088,2800,pph,large,moderate,3,18,15,5.7,2,0,Abandoned,10.9
17/492613,2400,standard,large,lenient,3,29,17,15.5,3,1,Granted,26.5
17/178654,1700,standard,large,strict,3,27,8,24.3,1,0,Granted,29.5
17/269307,1700,standard,large,moderate,3,30,8,17.4,3,1,Abandoned,27.7
17/639567,3600,standard,large,moderate,3,17,7,18.5,3,1,Granted,31.3
17/291396,1700,trackOne,large,strict,3,20,10,3.1,1,0,Granted,9.6
17/692038,2600,pph,large,strict,3,32,11,4.0,3,1,Granted,16.4
17/572982,3700,standard,large,strict,3,25,19,22.4,3,1,Granted,34.7
17/481307,3700,pph,micro,lenient,3,14,23,6.0,4,2,Abandoned,18.5
17/323145,1700,standard,large,moderate,4,26,27,21.2,3,1,Abandoned,30.0
17/925347,1700,standard,small,moderate,1,16,15,18.8,2,0,Abandoned,24.8
17/158708,2600,pph,large,lenient,3,18,30,5.0,1,0,Granted,7.6
17/489295,3600,standard,large,moderate,4,15,20,20.6,2,0,Abandoned,25.0
17/683201,1700,trackOne,large,lenient,3,14,27,3.8,3,1,Abandoned,13.4
17/226380,3600,trackOne,micro,lenient,3,29,7,4.8,3,1,Granted,16.6
17/673797,1700,standard,large,moderate,3,14,21,19.2,3,1,Granted,31.9
17/300567,3700,standard,large,moderate,3,13,30,18.1,1,0,Granted,24.0
17/343190,3700,standard,large,strict,3,31,28,15.7,2,0,Abandoned,20.4
17/254384,3700,standard,large,lenient,2,12,16,15.5,3,1,Granted,28.3
17/935718,2100,standard,large,moderate,4,23,9,21.9,1,0,Granted,28.5
17/666711,2100,standard,small,moderate,3,27,15,17.8,2,0,Granted,49.5
17/455898,1700,trackOne,large,moderate,3,15,15,4.5,1,0,Granted,10.7
17/956144,2400,standard,small,lenient,3,33,20,18.2,3,1,Granted,30.7
17/506147,3600,standard,large,strict,3,27,17,29.7,3,1,Granted,42.2
17/351975,2600,trackOne,small,strict,3,25,7,3.1,2,0,Abandoned,28.4
17/568239,2800,standard,large,moderate,2,25,25,13.6,1,0,Granted,18.1
17/545906,3700,standard,large,moderate,2,15,15,18.9,1,0,Granted,25.4
17/970704,2600,standard,micro,moderate,2,28,8,13.9,1,0,Granted,18.8
17/272408,1700,standard,small,moderate,3,23,5,15.6,3,1,Granted,26.8
17/713108,1600,standard,small,strict,3,31,9,25.8,1,0,Granted,31.1
17/999727,3600,standard,small,lenient,3,19,11,20.3,3,1,Granted,33.1
17/235738,2100,standard,large,lenient,3,26,28,17.8,3,1,Granted,29.0
17/850726,2600,standard,micro,moderate,3,30,8,22.2,1,0,Granted,28.1
17/614895,3600,standard,small,moderate,4,28,1,24.7,3,1,Abandoned,33.9
17/492340,1600,standard,large,moderate,3,13,26,24.7,2,0,Abandoned,29.8
17/231913,1600,pph,small,moderate,3,18,24,7.9,1,0,Granted,14.1
17/169729,3600,standard,small,moderate,3,31,7,25.7,1,0,Granted,31.7
17/627776,1600,standard,small,lenient,3,20,24,21.0,3,1,Granted,32.8
17/291166,1700,trackOne,large,moderate,4,18,8,3.9,2,0,Abandoned,8.1
17/688814,2600,standard,small,moderate,1,30,7,12.6,3,1,Granted,23.5
17/156769,1700,standard,large,strict,3,16,19,21.7,2,0,Abandoned,27.7
17/983871,1700,standard,large,moderate,3,24,1,25.5,1,0,Granted,32.3
17/217275,3700,standard,small,moderate,2,27,6,14.7,3,1,Granted,26.7
17/658623,2800,standard,small,strict,4,27,12,17.8,3,1,Granted,30.2
17/175170,2800,trackOne,large,moderate,3,26,7,4.2,1,0,Granted,10.0
17/807023,1600,standard,large,lenient,5,30,10,17.1,2,0,Abandoned,22.2
17/978268,2100,standard,small,lenient,1,21,23,17.5,1,0,Granted,22.9
17/712031,2100,standard,large,lenient,3,21,5,18.3,2,0,Abandoned,24.0
17/751519,3600,accelerated,small,moderate,3,26,17,5.7,3,1,Granted,17.5
17/374166,3700,standard,small,lenient,3,19,13,17.9,1,0,Granted,23.0
17/171070,2800,trackOne,large,strict,3,28,38,3.9,2,0,Granted,33.2
17/410384,2800,trackOne,large,strict,3,30,17,4.5,1,0,Granted,11.5
17/870624,2400,standard,small,lenient,4,27,31,21.4,1,0,Granted,25.0
17/356725,3600,standard,large,strict,3,28,18,29.3,1,0,Granted,34.5
17/519060,1700,standard,large,moderate,3,23,13,24.1,3,1,Granted,35.0
17/955378,2600,trackOne,large,moderate,1,31,22,3.2,1,0,Granted,6.6
17/798206,2400,standard,micro,strict,3,28,8,20.6,1,0,Granted,24.2
17/233330,2100,trackOne,small,strict,5,27,18,3.4,3,1,Granted,16.2
17/868373,1600,accelerated,small,moderate,3,22,8,5.4,1,0,Granted,8.1
17/143144,3700,standard,small,lenient,3,16,5,16.0,1,0,Granted,19.0
17/771393,2600,standard,large,moderate,4,14,12,24.0,3,1,Granted,35.5
17/452443,1600,standard,large,lenient,2,31,9,29.0,1,0,Granted,32.8
17/414932,2600,pph,small,lenient,3,20,1,5.1,3,1,Abandoned,15.7
17/846187,1700,standard,micro,lenient,4,16,16,22.3,1,0,Granted,28.6
17/891179,3700,standard,large,moderate,4,14,17,16.9,1,0,Granted,24.0
17/335698,1700,standard,micro,moderate,3,21,23,25.3,1,0,Granted,30.6
17/235841,2400,standard,large,moderate,3,32,22,24.4,3,1,Granted,36.0
17/601278,2600,accelerated,small,strict,3,24,9,6.3,3,1,Granted,18.3
17/399168,2600,standard,micro,strict,3,17,11,21.9,2,0,Abandoned,43.8
17/223129,2400,standard,large,lenient,3,13,4,11.0,2,0,Granted,37.3
17/607107,1600,standard,small,lenient,2,24,12,28.5,3,1,Abandoned,37.7
17/152757,3600,standard,large,moderate,2,25,14,19.8,1,0,Granted,26.8
17/540392,2100,standard,large,lenient,3,29,17,20.7,3,1,Granted,32.8
17/294661,2800,standard,large,strict,3,22,15,21.4,3,1,Granted,33.5
17/307933,2800,standard,small,moderate,3,16,9,13.6,3,1,Granted,26.3
17/629858,3600,standard,micro,strict,3,30,23,30.1,1,0,Granted,35.7
17/763038,3600,standard,small,moderate,3,17,13,25.7,3,1,Abandoned,35.2
17/480145,2600,standard,large,lenient,3,26,1,25.6,1,0,Granted,28.8
17/460382,2600,standard,micro,strict,3,31,17,26.9,1,0,Granted,32.9
17/447773,2600,standard,large,moderate,3,32,15,13.6,3,1,Granted,23.7
17/434360,3700,standard,large,moderate,3,14,18,10.6,4,2,Granted,26.1
17/139525,2800,pph,micro,moderate,3,19,16,5.5,1,0,Granted,11.4
17/568074,1600,standard,small,moderate,3,19,13,27.5,2,0,Abandoned,32.1
17/241243,3600,standard,large,lenient,3,13,7,27.7,1,0,Granted,34.4
17/490302,1600,standard,small,moderate,3,24,20,27.7,3,1,Granted,40.6
17/683619,2800,standard,small,moderate,3,22,27,10.6,3,1,Granted,22.3
17/745805,2800,standard,large,moderate,3,19,15,14.2,1,0,Granted,19.9
17/526023,3600,standard,large,moderate,3,25,23,24.2,2,0,Abandoned,29.0
17/669163,2600,standard,small,moderate,3,32,27,18.6,1,0,Granted,25.8
17/736873,1600,pph,large,lenient,4,24,10,4.0,2,0,Abandoned,10.0
17/740470,1600,standard,large,lenient,3,18,15,16.2,3,1,Granted,29.5
17/511024,1600,standard,small,moderate,1,18,15,25.0,1,0,Granted,30.3
17/612728,2400,pph,large,moderate,3,20,9,7.6,1,0,Granted,10.4
17/139797,2400,standard,large,lenient,3,19,12,15.9,1,0,Granted,18.5
17/211517,2100,standard,small,moderate,3,33,24,18.8,3,1,Granted,32.0
17/450756,1600,standard,large,lenient,3,33,15,21.2,1,0,Granted,24.0
17/305983,2100,accelerated,large,moderate,3,13,1,4.5,4,2,Abandoned,18.3
17/785552,1600,standard,large,strict,3,22,6,22.6,1,0,Granted,28.2
17/398085,1700,standard,small,strict,3,16,21,24.8,2,0,Abandoned,29.4
17/573521,2800,trackOne,large,moderate,3,25,7,3.3,4,2,Granted,18.2
17/527800,2800,standard,micro,strict,3,33,15,20.6,1,0,Granted,26.6
17/584700,3700,standard,small,moderate,2,12,15,14.9,1,0,Granted,21.0
17/973147,2600,standard,micro,moderate,3,21,12,20.8,3,1,Granted,33.6
17/172728,3700,standard,small,moderate,2,14,14,15.1,2,0,Abandoned,20.4
17/632849,3700,standard,large,lenient,4,26,9,18.7,1,0,Granted,24.5
17/976133,2400,standard,large,moderate,1,23,11,16.5,3,1,Abandoned,25.5
17/563436,2100,standard,large,moderate,5,15,7,30.8,1,0,Granted,35.5
17/837792,2400,standard,large,lenient,3,33,15,24.6,1,0,Granted,30.5
17/918944,1700,standard,large,moderate,3,18,14,17.9,1,0,Granted,22.9
17/376165,2100,standard,small,moderate,3,24,9,19.9,2,0,Abandoned,25.3
17/139274,2100,standard,micro,lenient,2,16,17,12.8,1,0,Granted,16.7
17/887874,2600,standard,large,lenient,2,32,20,23.3,2,0,Abandoned,29.2
17/151809,3700,standard,small,strict,3,27,21,21.7,1,0,Granted,27.6
17/924711,1600,standard,small,lenient,3,24,19,21.9,3,1,Granted,34.7
17/565457,1600,standard,small,lenient,3,23,27,20.2,3,1,Granted,32.9
17/650667,2800,standard,large,lenient,3,26,15,16.8,1,0,Granted,22.3
17/461409,2800,trackOne,large,lenient,2,26,20,2.9,1,0,Granted,9.7
17/875279,2400,trackOne,large,lenient,3,31,27,2.5,1,0,Granted,8.7
17/990299,3700,standard,large,moderate,3,17,16,20.7,1,0,Granted,25.8
17/181790,2400,standard,small,strict,3,31,7,19.5,3,1,Granted,33.6
17/303227,2800,standard,large,strict,3,26,24,24.6,2,0,Granted,54.3
17/771313,3600,pph,large,strict,3,31,9,5.9,3,1,Abandoned,15.5
17/244049,3700,standard,micro,strict,3,16,16,8.6,2,0,Granted,37.6
17/318771,1600,accelerated,micro,moderate,4,27,5,4.0,2,0,Abandoned,10.1
17/732327,3600,standard,small,moderate,3,24,6,25.9,2,0,Abandoned,31.3
17/465375,2100,trackOne,large,lenient,3,28,19,5.1,1,0,Granted,10.8
17/397565,2400,standard,large,moderate,1,12,7,18.9,1,0,Granted,23.3
17/465257,2100,standard,large,lenient,2,17,28,20.2,1,0,Granted,25.5
17/570539,1700,standard,large,moderate,1,15,21,20.1,1,0,Granted,25.9
17/293050,3600,standard,small,lenient,4,33,23,26.2,1,0,Granted,31.5
17/300057,2600,standard,small,lenient,3,23,3,13.4,3,1,Granted,25.6
17/622454,1600,standard,small,lenient,3,30,20,23.7,1,0,Granted,26.9
17/227589,3600,trackOne,small,lenient,3,23,3,3.8,1,0,Granted,9.9
17/127722,3600,standard,micro,lenient,1,30,34,24.7,1,0,Granted,30.3
17/304109,1600,standard,large,moderate,3,21,2,16.6,1,0,Granted,21.7
17/477545,2100,standard,large,moderate,3,18,19,20.5,3,1,Granted,33.4
17/890985,2600,standard,large,lenient,3,21,7,13.4,3,1,Abandoned,22.7
17/275209,3600,standard,large,strict,4,23,21,32.9,3,1,Granted,45.6
17/462990,2800,standard,large,moderate,5,28,9,15.3,1,0,Granted,20.9
17/879694,1700,trackOne,large,moderate,3,20,19,2.9,4,2,Abandoned,16.3
17/565147,2600,standard,large,moderate,3,33,19,12.5,3,1,Granted,24.0
17/750162,1700,trackOne,large,moderate,2,17,16,3.0,1,0,Granted,8.3
17/220982,2400,trackOne,micro,moderate,3,21,19,4.1,1,0,Granted,10.8
17/135900,2600,standard,micro,moderate,3,20,25,13.0,1,0,Granted,18.0
17/479050,2400,standard,micro,moderate,3,17,6,16.1,3,1,Granted,27.8
17/394095,1600,standard,small,strict,3,26,1,23.8,3,1,Granted,36.3
17/102293,3600,trackOne,small,moderate,2,28,1,4.2,1,0,Granted,9.1
17/844468,2400,standard,large,lenient,3,24,6,19.5,3,1,Abandoned,29.7
17/469991,2800,trackOne,large,moderate,2,16,31,4.7,3,1,Granted,17.3
17/543425,2400,pph,large,moderate,3,14,5,7.1,1,0,Granted,12.7
17/245253,1600,standard,small,moderate,3,16,8,27.1,2,0,Abandoned,32.1
17/103582,2100,standard,large,lenient,3,21,11,10.6,4,2,Granted,25.9
17/369800,2400,standard,large,lenient,2,16,17,21.6,1,0,Granted,27.1
17/558522,2400,standard,small,lenient,3,26,11,19.0,1,0,Granted,21.4
17/170313,2800,trackOne,micro,moderate,4,20,30,2.5,3,1,Granted,15.2
17/333495,3700,standard,micro,moderate,6,24,9,18.5,1,0,Granted,24.4
17/879729,2800,standard,large,lenient,3,15,32,12.4,1,0,Granted,18.1
17/563324,1700,standard,large,lenient,3,16,24,24.1,3,1,Granted,35.4
17/979135,3600,standard,micro,moderate,3,18,7,28.9,3,1,Granted,41.8
17/262477,1600,pph,small,strict,3,17,17,7.3,1,0,Granted,12.9
17/151614,3600,standard,small,strict,3,26,11,25.0,3,1,Abandoned,34.7
17/339542,1600,standard,small,lenient,3,14,16,22.0,3,1,Granted,36.1
17/520010,3700,standard,large,moderate,5,28,27,14.3,2,0,Abandoned,19.0
17/115472,3700,standard,small,moderate,3,17,15,10.3,3,1,Abandoned,20.5
17/461616,2100,standard,small,moderate,4,18,12,20.8,2,0,Abandoned,26.2
17/878735,1700,standard,small,strict,3,14,4,23.6,2,0,Abandoned,28.1
17/972344,2800,standard,small,lenient,1,21,26,6.3,2,0,Abandoned,36.2
17/883733,2100,standard,micro,lenient,3,14,15,17.1,1,0,Granted,23.8
17/227025,2600,standard,large,moderate,3,29,13,17.4,3,1,Granted,30.1
17/788267,2600,pph,small,strict,3,23,22,6.0,2,0,Abandoned,12.2
17/398354,2100,standard,small,moderate,4,19,12,22.2,3,1,Granted,34.2
17/853754,3700,trackOne,small,moderate,3,14,15,2.9,1,0,Granted,8.2
17/553273,3600,accelerated,large,lenient,2,19,16,4.0,1,0,Granted,10.2
17/706285,1700,standard,small,lenient,2,22,8,20.5,1,0,Granted,23.6
17/398763,1600,standard,large,moderate,5,28,27,23.7,1,0,Granted,30.9
17/521461,1700,standard,large,lenient,4,27,10,19.6,1,0,Granted,22.8
17/219939,2800,standard,large,lenient,3,15,10,14.1,1,0,Granted,17.3
17/459507,1700,standard,large,lenient,3,14,16,11.1,3,1,Granted,22.5
17/391416,3600,standard,micro,moderate,1,20,10,21.6,2,0,Granted,47.3
17/273141,3700,standard,large,lenient,2,16,21,18.3,1,0,Granted,25.4
17/678313,2600,trackOne,large,lenient,2,18,8,3.6,2,0,Abandoned,31.8
17/205778,2100,standard,large,moderate,4,27,17,19.5,1,0,Granted,26.2
17/420825,3700,pph,large,strict,6,24,6,5.9,1,0,Granted,8.5
17/404696,2400,standard,large,moderate,3,13,9,20.5,1,0,Granted,26.1
17/730118,3600,standard,small,moderate,4,20,8,28.2,2,0,Abandoned,48.6
17/451757,2400,standard,small,moderate,3,30,13,21.1,1,0,Granted,25.8
17/101011,3700,accelerated,large,moderate,5,30,7,5.4,2,0,Abandoned,33.3
17/300248,3700,trackOne,large,strict,3,25,5,2.6,1,0,Granted,6.8
17/129730,1600,trackOne,large,moderate,2,17,1,5.8,1,0,Granted,12.0
17/198514,1600,standard,small,moderate,3,31,2,27.6,2,0,Abandoned,33.9
17/984268,3700,accelerated,small,lenient,6,17,18,6.8,1,0,Granted,10.0
17/804883,1600,standard,small,moderate,3,32,17,22.4,3,1,Granted,34.6
17/141174,2400,standard,large,lenient,3,18,5,14.7,4,2,Granted,31.3
17/904449,2400,standard,small,moderate,3,16,10,23.5,3,1,Granted,34.1
17/465284,2600,standard,large,lenient,1,23,20,15.4,3,1,Abandoned,24.5
17/203080,2100,standard,small,lenient,3,15,21,13.1,1,0,Granted,19.3
17/389539,1600,standard,micro,lenient,3,23,5,14.4,1,0,Granted,19.6
17/828097,3700,standard,micro,strict,4,14,1,24.1,3,1,Abandoned,33.3
17/302921,2800,trackOne,large,moderate,2,28,17,4.0,3,1,Abandoned,14.4
17/505983,1600,standard,small,strict,3,29,11,22.5,1,0,Granted,27.2
17/603879,2600,standard,large,moderate,3,26,10,16.7,1,0,Granted,22.8
17/284633,2100,standard,small,lenient,2,19,12,31.7,1,0,Granted,35.9
17/326059,2400,standard,large,lenient,3,31,11,20.0,3,1,Granted,32.3
17/649648,1700,standard,large,lenient,2,21,11,14.6,3,1,Granted,27.0
17/207302,1700,trackOne,small,strict,3,28,24,3.1,4,2,Granted,19.4
17/281801,2100,standard,large,moderate,2,23,21,26.6,3,1,Granted,39.8
17/327982,3600,standard,large,moderate,3,17,22,23.5,2,0,Abandoned,45.5
17/754531,3700,accelerated,micro,lenient,3,15,11,3.5,3,1,Abandoned,15.3
17/973997,1600,standard,large,moderate,3,16,22,21.1,2,0,Abandoned,27.3
17/360320,2400,pph,large,moderate,2,14,20,4.0,3,1,Granted,16.2
17/742799,3600,trackOne,large,moderate,2,26,18,4.5,1,0,Granted,7.2
17/625061,1700,standard,large,lenient,3,16,19,14.5,1,0,Granted,17.6
17/516566,3700,standard,large,lenient,3,14,16,15.8,1,0,Granted,21.8
17/259737,2800,standard,large,moderate,3,32,28,18.1,2,0,Abandoned,23.8
17/373458,2600,standard,small,moderate,3,13,16,18.9,1,0,Granted,25.1
17/452564,2800,standard,large,moderate,2,27,11,14.8,1,0,Granted,19.7
17/935704,1700,trackOne,large,strict,3,23,20,4.0,1,0,Granted,6.1
17/689953,1700,standard,small,moderate,3,17,4,18.2,2,0,Abandoned,41.3
17/358830,1700,standard,large,lenient,3,19,8,18.9,1,0,Granted,21.3
17/495376,1600,trackOne,large,moderate,1,25,13,4.1,1,0,Granted,10.1
17/995205,1700,standard,large,moderate,3,25,25,20.2,4,2,Abandoned,34.6
17/780504,3600,standard,small,lenient,6,20,15,24.1,1,0,Granted,26.4
17/904702,1700,standard,large,lenient,3,14,8,12.7,2,0,Abandoned,18.0
17/714298,2400,standard,large,moderate,3,21,8,15.2,3,1,Abandoned,24.5
17/556407,2100,trackOne,large,moderate,4,21,15,2.9,1,0,Granted,6.0
17/431263,2800,standard,large,moderate,5,28,29,11.7,1,0,Granted,16.2
17/980411,1700,pph,small,moderate,1,11,19,8.4,2,0,Abandoned,34.6
17/461130,3700,standard,large,moderate,3,18,17,19.9,2,0,Abandoned,24.2
17/532664,1600,standard,small,moderate,3,25,20,21.3,3,1,Granted,34.8
17/967151,2600,trackOne,small,lenient,4,32,20,4.5,2,0,Abandoned,10.3
17/606192,1700,standard,large,moderate,3,33,1,18.9,2,0,Abandoned,24.3
17/426382,1700,standard,large,moderate,3,15,13,20.6,3,1,Granted,33.4
17/447597,2400,standard,large,lenient,3,23,15,16.1,1,0,Granted,19.5
17/140516,2800,pph,large,moderate,6,26,23,8.3,1,0,Granted,11.6
17/522957,2600,standard,large,moderate,3,24,18,22.7,1,0,Granted,28.8
17/992825,1600,accelerated,large,moderate,3,30,17,3.8,3,1,Granted,16.7
17/778722,2400,standard,large,moderate,3,20,3,18.9,1,0,Granted,24.9
17/963136,2100,standard,small,lenient,3,17,2,25.9,1,0,Granted,32.3
17/136670,2400,trackOne,large,strict,4,31,19,3.8,1,0,Granted,8.6
17/138824,3700,standard,large,lenient,5,32,18,21.7,4,2,Granted,37.5
17/819128,1600,standard,large,moderate,3,21,11,19.1,1,0,Granted,25.6
17/798780,1600,standard,micro,moderate,3,19,11,23.0,1,0,Granted,28.4
17/214098,3600,standard,micro,moderate,2,13,12,20.4,3,1,Abandoned,29.8
17/382414,2100,standard,small,moderate,3,31,16,22.7,1,0,Granted,29.1
17/745216,1600,standard,large,moderate,3,13,31,18.1,3,1,Abandoned,29.1
17/871708,2400,standard,small,lenient,5,34,10,16.3,1,0,Granted,22.4
17/595552,3700,standard,large,moderate,2,12,11,23.6,3,1,Granted,35.4
17/438591,2800,standard,small,lenient,3,15,14,16.6,1,0,Granted,20.1
17/770808,2100,standard,small,lenient,3,31,17,18.2,2,0,Abandoned,24.0
17/951352,1700,standard,large,lenient,3,17,19,18.9,1,0,Granted,24.7
17/768697,2400,standard,small,moderate,5,22,18,22.7,2,0,Abandoned,28.5
17/759777,3600,standard,small,strict,2,24,12,34.0,1,0,Granted,40.4
17/756795,2800,standard,large,moderate,5,33,1,23.9,1,0,Granted,29.1
17/601618,2600,standard,large,moderate,3,32,31,17.6,3,1,Abandoned,27.8
17/166831,2400,standard,small,strict,3,31,6,20.4,1,0,Granted,27.0
17/719118,2400,standard,large,lenient,3,30,19,19.3,1,0,Granted,24.6
17/785214,2400,standard,micro,moderate,3,31,12,20.9,2,0,Abandoned,42.8
17/992449,1600,pph,large,moderate,2,23,10,4.0,3,1,Granted,15.0
17/285720,3600,trackOne,large,moderate,1,25,24,2.5,1,0,Granted,4.8
17/183023,3600,standard,large,moderate,3,19,13,20.3,2,0,Abandoned,25.1
17/821533,2100,pph,small,lenient,3,27,18,4.2,1,0,Granted,9.6
17/661754,2600,trackOne,large,strict,3,17,17,4.4,4,2,Abandoned,17.8
17/623454,1700,standard,large,moderate,3,21,8,19.3,1,0,Granted,22.3
17/785207,1700,standard,micro,strict,3,23,33,17.5,2,0,Abandoned,22.5
17/957555,2800,standard,large,lenient,4,30,17,10.4,1,0,Granted,17.2
17/881139,1700,trackOne,large,moderate,3,26,18,3.5,3,1,Granted,16.5
17/857414,2400,standard,small,lenient,3,30,25,22.3,1,0,Granted,28.2
17/412988,2800,standard,large,moderate,5,16,8,22.5,1,0,Granted,28.0
17/178386,2800,standard,small,lenient,3,21,3,19.6,1,0,Granted,24.9
17/118501,2400,trackOne,large,lenient,4,20,1,5.4,1,0,Granted,11.8
17/983958,2400,standard,large,lenient,3,19,4,26.5,1,0,Granted,32.1
17/594692,1600,standard,large,lenient,3,19,6,15.8,2,0,Abandoned,21.1
17/361998,1600,standard,large,lenient,3,28,12,19.6,1,0,Granted,25.7
17/930232,2600,standard,small,moderate,1,28,15,17.9,1,0,Granted,23.6
17/745564,3700,standard,large,strict,4,24,16,21.8,4,2,Granted,37.2
17/548655,1700,standard,small,strict,3,19,14,22.5,1,0,Granted,28.5
17/194610,3700,standard,large,moderate,3,22,9,19.5,2,0,Abandoned,43.2
17/129675,2100,trackOne,large,lenient,2,19,20,4.5,1,0,Granted,7.0
17/855234,1700,standard,micro,lenient,3,29,6,24.7,1,0,Granted,31.1
17/455187,2400,standard,large,moderate,3,16,11,15.3,1,0,Granted,18.0
17/586410,1700,standard,large,moderate,3,28,1,19.4,2,0,Abandoned,25.6
17/158470,2600,standard,large,moderate,3,27,15,15.6,1,0,Granted,21.3
17/857712,3700,standard,small,lenient,4,25,18,17.2,1,0,Granted,20.9
17/725226,2100,standard,large,lenient,3,17,30,20.9,1,0,Granted,23.1
17/773627,1600,trackOne,small,lenient,3,16,17,3.6,3,1,Granted,16.9
17/109164,2400,standard,small,moderate,3,30,5,15.6,3,1,Abandoned,24.6
17/530821,1700,accelerated,small,lenient,3,26,30,4.0,3,1,Granted,17.2
17/974760,1600,standard,small,lenient,4,22,28,23.1,2,0,Abandoned,29.0
17/506754,2800,standard,large,strict,5,29,22,22.2,2,0,Abandoned,52.2
17/158797,2100,standard,large,strict,2,20,9,28.9,1,0,Granted,34.6
17/874454,2800,standard,micro,moderate,3,15,18,16.4,3,1,Granted,28.4
17/763939,2600,standard,small,moderate,2,27,12,25.1,1,0,Granted,30.9
17/494771,1600,standard,small,lenient,3,20,19,14.3,1,0,Granted,20.2
17/363912,3600,standard,large,strict,2,23,21,31.3,2,0,Granted,63.1
17/307900,2100,trackOne,large,lenient,3,19,12,4.7,1,0,Granted,8.1
17/599385,1700,standard,small,strict,2,19,21,26.4,1,0,Granted,32.3
17/654385,2800,trackOne,small,moderate,3,17,14,3.9,1,0,Granted,10.5
17/140482,1700,standard,small,moderate,3,19,3,13.5,2,0,Abandoned,18.6
17/432397,2800,standard,large,moderate,3,33,3,14.9,3,1,Granted,27.8
17/702911,2600,standard,small,lenient,4,24,4,17.5,1,0,Granted,22.5
17/602486,2400,standard,small,moderate,2,20,19,14.3,1,0,Granted,20.4
17/700987,1600,trackOne,large,strict,3,23,7,2.6,3,1,Abandoned,12.8
17/403455,2800,standard,large,moderate,3,14,25,13.6,1,0,Granted,18.8
17/105921,3600,standard,large,moderate,3,33,19,36.5,2,0,Abandoned,40.9
17/487979,3700,standard,large,lenient,3,16,10,18.6,1,0,Granted,24.6
17/444178,1700,standard,small,moderate,3,25,6,18.6,1,0,Granted,23.4
17/896517,3600,standard,large,moderate,2,22,3,36.0,1,0,Granted,41.2
17/158222,1700,standard,large,lenient,3,15,9,11.6,1,0,Granted,17.8
17/678046,2600,standard,small,moderate,1,24,7,16.8,1,0,Granted,22.4
17/560310,1700,standard,large,strict,3,33,13,29.0,3,1,Granted,41.8
17/414117,2100,trackOne,large,moderate,3,17,9,2.8,1,0,Granted,8.5
17/587022,2600,pph,large,moderate,3,30,15,5.2,1,0,Granted,7.8
17/742643,1700,accelerated,large,moderate,3,19,16,3.5,3,1,Granted,16.3
